method,scenario,preset,seed,sheep_model,dog_controller,obs_mode,n_sheep,n_shepherds,initial_layout,time_limit,success,total_ticks,resolved_config,final_gcm_goal,final_success_rate,final_sheep_in_goal,time_to_goal,shepherd_path,final_min_separation,mean_cohesion,min_cohesion,max_cohesion,auc_cohesion,mean_gcm_goal,min_gcm_goal,max_gcm_goal,auc_gcm_goal,mean_polarization,min_polarization,max_polarization,auc_polarization,mean_fragmentation,min_fragmentation,max_fragmentation,auc_fragmentation,mean_outlier_count,min_outlier_count,max_outlier_count,auc_outlier_count,mean_mean_spread,min_mean_spread,max_mean_spread,auc_mean_spread,mean_extent,min_extent,max_extent,auc_extent,mean_i_dir,min_i_dir,max_i_dir,auc_i_dir,mean_coverage,min_coverage,max_coverage,auc_coverage,control_efficiency,first_success_tick,failure_mode,failure_label,failure_hints
strombom_multi,drive_to_goal,paper,2028,strombom,collect_drive_multi,global,5,3,compact,10000,True,166,"{'world_width': 500.0, 'world_height': 500.0, 'goal_center': [370.0, 250.0], 'goal_radius': 4.743416490252569, 'max_ticks': 10000, 'measurement_radius': 5.0, 'n_sheep': 5, 'r_a': 2.0, 'r_s': 65.0, 'rs_weight': 1.0, 'n_neighbors': -1, 'c': 1.05, 'noise_strength': 0.3, 'sheep_speed': 1.0, 'inertia': 0.5, 'graze_move_prob': 0.05, 'collect_threshold_scale': 1.0, 'shepherd_speed': 1.5, 'shepherd_stop_multiple': 3.0, 'n_shepherds': 3, 'initial_spread': 30.0, 'shepherd_start_offset': 50.0, 'success_fraction': 1.0, 'sheep_model': 'strombom', 'dog_controller': 'collect_drive_multi', 'scenario_id': 'drive_to_goal', 'obs_mode': 'global', 'observation_frequency': 1, 'noise_sigma': 0.0, 'communication': 'none', 'stubborn_fraction': 0.0, 'stubborn_rs_scale': 0.25, 'stubborn_response_scale': 0.25, 'cohesion_scale': 1.0, 'initial_layout': 'compact', 'speed_scale': 1.0, 'failure_mode': 'none', 'failure_tick': -1, 'sensing_scale': 1.0, 'goal_mode': 'static', 'goal_velocity': [0.0, 0.0], 'latency': 0}",2.4237598867946644,1.0,5.0,166.0,508.9313503172049,0.66813801214517,2.491100755573952,1.4255435214197183,9.616218832477644,2.491100755573952,64.04075044393896,2.4237598867946644,125.5717958396584,64.04075044393896,0.7696341806298291,0.0,0.9792869002390412,0.7696341806298291,0.9664670658682634,0.4,1.0,0.9664670658682634,0.2574850299401197,0.0,4.0,0.2574850299401197,2.822955346406658,0.1441530201639255,35.01720615091912,2.822955346406658,2.7804384386334307,1.4875833472457147,11.291096969958978,2.7804384386334307,0.0302423720982293,0.0,0.1814985296765283,0.0302423720982293,1.0,1.0,1.0,1.0,0.2419737669454013,166.0,none,No failure (scenario success),[]
strombom_multi,drive_to_goal,paper,2026,strombom,collect_drive_multi,global,5,3,compact,10000,True,170,"{'world_width': 500.0, 'world_height': 500.0, 'goal_center': [370.0, 250.0], 'goal_radius': 4.743416490252569, 'max_ticks': 10000, 'measurement_radius': 5.0, 'n_sheep': 5, 'r_a': 2.0, 'r_s': 65.0, 'rs_weight': 1.0, 'n_neighbors': -1, 'c': 1.05, 'noise_strength': 0.3, 'sheep_speed': 1.0, 'inertia': 0.5, 'graze_move_prob': 0.05, 'collect_threshold_scale': 1.0, 'shepherd_speed': 1.5, 'shepherd_stop_multiple': 3.0, 'n_shepherds': 3, 'initial_spread': 30.0, 'shepherd_start_offset': 50.0, 'success_fraction': 1.0, 'sheep_model': 'strombom', 'dog_controller': 'collect_drive_multi', 'scenario_id': 'drive_to_goal', 'obs_mode': 'global', 'observation_frequency': 1, 'noise_sigma': 0.0, 'communication': 'none', 'stubborn_fraction': 0.0, 'stubborn_rs_scale': 0.25, 'stubborn_response_scale': 0.25, 'cohesion_scale': 1.0, 'initial_layout': 'compact', 'speed_scale': 1.0, 'failure_mode': 'none', 'failure_tick': -1, 'sensing_scale': 1.0, 'goal_mode': 'static', 'goal_velocity': [0.0, 0.0], 'latency': 0}",2.4811625174673986,1.0,5.0,170.0,499.57279787696376,1.4568529578729097,2.203283453301312,1.4858942875640184,7.418264163003316,2.203283453301312,65.23985280684545,2.4811625174673986,124.7616419259066,65.23985280684545,0.7417277576552163,0.0,0.9423154836518792,0.7417277576552163,0.9719298245614034,0.6,1.0,0.9719298245614034,0.1637426900584795,0.0,2.0,0.1637426900584795,1.9909902426445591,0.034502630188082,29.97789344051098,1.9909902426445591,2.4611636701817123,1.5577660155333857,9.220007409574585,2.4611636701817123,0.0294450192071687,0.0,0.3273321498420896,0.0294450192071687,1.0,1.0,1.0,1.0,0.2447700914223011,170.0,none,No failure (scenario success),[]
strombom_multi,drive_to_goal,paper,2030,strombom,collect_drive_multi,global,5,3,compact,10000,True,164,"{'world_width': 500.0, 'world_height': 500.0, 'goal_center': [370.0, 250.0], 'goal_radius': 4.743416490252569, 'max_ticks': 10000, 'measurement_radius': 5.0, 'n_sheep': 5, 'r_a': 2.0, 'r_s': 65.0, 'rs_weight': 1.0, 'n_neighbors': -1, 'c': 1.05, 'noise_strength': 0.3, 'sheep_speed': 1.0, 'inertia': 0.5, 'graze_move_prob': 0.05, 'collect_threshold_scale': 1.0, 'shepherd_speed': 1.5, 'shepherd_stop_multiple': 3.0, 'n_shepherds': 3, 'initial_spread': 30.0, 'shepherd_start_offset': 50.0, 'success_fraction': 1.0, 'sheep_model': 'strombom', 'dog_controller': 'collect_drive_multi', 'scenario_id': 'drive_to_goal', 'obs_mode': 'global', 'observation_frequency': 1, 'noise_sigma': 0.0, 'communication': 'none', 'stubborn_fraction': 0.0, 'stubborn_rs_scale': 0.25, 'stubborn_response_scale': 0.25, 'cohesion_scale': 1.0, 'initial_layout': 'compact', 'speed_scale': 1.0, 'failure_mode': 'none', 'failure_tick': -1, 'sensing_scale': 1.0, 'goal_mode': 'static', 'goal_velocity': [0.0, 0.0], 'latency': 0}",1.4435922818318545,1.0,5.0,164.0,520.1989665539674,1.5288532317698649,3.368018964021797,1.5081947806813785,16.849493972505904,3.368018964021797,61.65244623556688,1.4435922818318545,116.17705424380152,61.65244623556688,0.7519179499424667,0.0,0.9592325472108888,0.7519179499424667,0.8763636363636363,0.2,1.0,0.8763636363636363,0.6242424242424243,0.0,5.0,0.6242424242424243,7.264899958832095,0.0418317880146555,59.146167411745374,7.264899958832095,3.806268106458005,1.6754169558298846,18.507609238508987,3.806268106458005,0.0352760037918849,0.0,0.2944005959072774,0.0352760037918849,0.9787878787878788,0.5,1.0,0.9787878787878788,0.2205568817677895,164.0,none,No failure (scenario success),[]
strombom_multi,drive_to_goal,paper,2026,strombom,collect_drive_multi,global,5,4,compact,10000,True,170,"{'world_width': 500.0, 'world_height': 500.0, 'goal_center': [370.0, 250.0], 'goal_radius': 4.743416490252569, 'max_ticks': 10000, 'measurement_radius': 5.0, 'n_sheep': 5, 'r_a': 2.0, 'r_s': 65.0, 'rs_weight': 1.0, 'n_neighbors': -1, 'c': 1.05, 'noise_strength': 0.3, 'sheep_speed': 1.0, 'inertia': 0.5, 'graze_move_prob': 0.05, 'collect_threshold_scale': 1.0, 'shepherd_speed': 1.5, 'shepherd_stop_multiple': 3.0, 'n_shepherds': 4, 'initial_spread': 30.0, 'shepherd_start_offset': 50.0, 'success_fraction': 1.0, 'sheep_model': 'strombom', 'dog_controller': 'collect_drive_multi', 'scenario_id': 'drive_to_goal', 'obs_mode': 'global', 'observation_frequency': 1, 'noise_sigma': 0.0, 'communication': 'none', 'stubborn_fraction': 0.0, 'stubborn_rs_scale': 0.25, 'stubborn_response_scale': 0.25, 'cohesion_scale': 1.0, 'initial_layout': 'compact', 'speed_scale': 1.0, 'failure_mode': 'none', 'failure_tick': -1, 'sensing_scale': 1.0, 'goal_mode': 'static', 'goal_velocity': [0.0, 0.0], 'latency': 0}",2.405723799310028,1.0,5.0,170.0,691.327272338398,1.6179929199729626,2.227817268881449,1.4046397451084431,7.418264163003316,2.227817268881449,64.02478296953726,2.405723799310028,124.7616419259066,64.02478296953726,0.7599949167977459,0.0,0.9722766072385304,0.7599949167977459,0.9730994152046784,0.6,1.0,0.9730994152046784,0.1637426900584795,0.0,2.0,0.1637426900584795,2.0401549341544745,0.1137241992126252,29.97789344051098,2.0401549341544745,2.4959906486922656,1.5991634318362833,9.220007409574585,2.4959906486922656,0.0355300553926965,0.0,0.3389152351441699,0.0355300553926965,1.0,1.0,1.0,1.0,0.176986968433533,170.0,none,No failure (scenario success),[]
strombom_multi,drive_to_goal,paper,2028,strombom,collect_drive_multi,global,5,2,compact,10000,True,170,"{'world_width': 500.0, 'world_height': 500.0, 'goal_center': [370.0, 250.0], 'goal_radius': 4.743416490252569, 'max_ticks': 10000, 'measurement_radius': 5.0, 'n_sheep': 5, 'r_a': 2.0, 'r_s': 65.0, 'rs_weight': 1.0, 'n_neighbors': -1, 'c': 1.05, 'noise_strength': 0.3, 'sheep_speed': 1.0, 'inertia': 0.5, 'graze_move_prob': 0.05, 'collect_threshold_scale': 1.0, 'shepherd_speed': 1.5, 'shepherd_stop_multiple': 3.0, 'n_shepherds': 2, 'initial_spread': 30.0, 'shepherd_start_offset': 50.0, 'success_fraction': 1.0, 'sheep_model': 'strombom', 'dog_controller': 'collect_drive_multi', 'scenario_id': 'drive_to_goal', 'obs_mode': 'global', 'observation_frequency': 1, 'noise_sigma': 0.0, 'communication': 'none', 'stubborn_fraction': 0.0, 'stubborn_rs_scale': 0.25, 'stubborn_response_scale': 0.25, 'cohesion_scale': 1.0, 'initial_layout': 'compact', 'speed_scale': 1.0, 'failure_mode': 'none', 'failure_tick': -1, 'sensing_scale': 1.0, 'goal_mode': 'static', 'goal_velocity': [0.0, 0.0], 'latency': 0}",3.044734972994163,1.0,5.0,170.0,336.6077738926752,1.0116389572674391,2.3887200996856226,1.3936847172260216,9.616218832477644,2.3887200996856226,64.84776104450398,3.044734972994163,125.5717958396584,64.84776104450398,0.7564986305609748,0.0,0.9728445487392804,0.7564986305609748,0.969590643274854,0.4,1.0,0.969590643274854,0.2456140350877192,0.0,4.0,0.2456140350877192,2.589767421423414,0.0315269655085925,35.01720615091912,2.589767421423414,2.6577343528221493,1.5304666524901644,11.291096969958978,2.6577343528221493,0.014689783780431,-2.220446049250313e-16,0.1337076143575484,0.014689783780431,1.0,1.0,1.0,1.0,0.3640054400696374,170.0,none,No failure (scenario success),[]
strombom_multi,drive_to_goal,paper,2026,strombom,collect_drive_multi,global,5,2,compact,10000,True,174,"{'world_width': 500.0, 'world_height': 500.0, 'goal_center': [370.0, 250.0], 'goal_radius': 4.743416490252569, 'max_ticks': 10000, 'measurement_radius': 5.0, 'n_sheep': 5, 'r_a': 2.0, 'r_s': 65.0, 'rs_weight': 1.0, 'n_neighbors': -1, 'c': 1.05, 'noise_strength': 0.3, 'sheep_speed': 1.0, 'inertia': 0.5, 'graze_move_prob': 0.05, 'collect_threshold_scale': 1.0, 'shepherd_speed': 1.5, 'shepherd_stop_multiple': 3.0, 'n_shepherds': 2, 'initial_spread': 30.0, 'shepherd_start_offset': 50.0, 'success_fraction': 1.0, 'sheep_model': 'strombom', 'dog_controller': 'collect_drive_multi', 'scenario_id': 'drive_to_goal', 'obs_mode': 'global', 'observation_frequency': 1, 'noise_sigma': 0.0, 'communication': 'none', 'stubborn_fraction': 0.0, 'stubborn_rs_scale': 0.25, 'stubborn_response_scale': 0.25, 'cohesion_scale': 1.0, 'initial_layout': 'compact', 'speed_scale': 1.0, 'failure_mode': 'none', 'failure_tick': -1, 'sensing_scale': 1.0, 'goal_mode': 'static', 'goal_velocity': [0.0, 0.0], 'latency': 0}",2.416301736371551,1.0,5.0,174.0,331.2556467695374,0.9156135695661772,2.2303039115007337,1.4157956235927691,7.418264163003316,2.2303039115007337,65.3468680588951,2.416301736371551,124.7616419259066,65.3468680588951,0.7429332606251652,0.0,0.9643997164828316,0.7429332606251652,0.9702857142857144,0.6,1.0,0.9702857142857144,0.1428571428571428,0.0,2.0,0.1428571428571428,1.9265457159128336,0.0274022798139464,29.97789344051098,1.9265457159128336,2.487625516626591,1.5467904271428443,9.220007409574585,2.487625516626591,0.0124245087887841,0.0,0.1320647200852823,0.0124245087887841,1.0,1.0,1.0,1.0,0.3693381271615081,174.0,none,No failure (scenario success),[]
strombom_multi,drive_to_goal,paper,2029,strombom,collect_drive_multi,global,5,3,compact,10000,True,159,"{'world_width': 500.0, 'world_height': 500.0, 'goal_center': [370.0, 250.0], 'goal_radius': 4.743416490252569, 'max_ticks': 10000, 'measurement_radius': 5.0, 'n_sheep': 5, 'r_a': 2.0, 'r_s': 65.0, 'rs_weight': 1.0, 'n_neighbors': -1, 'c': 1.05, 'noise_strength': 0.3, 'sheep_speed': 1.0, 'inertia': 0.5, 'graze_move_prob': 0.05, 'collect_threshold_scale': 1.0, 'shepherd_speed': 1.5, 'shepherd_stop_multiple': 3.0, 'n_shepherds': 3, 'initial_spread': 30.0, 'shepherd_start_offset': 50.0, 'success_fraction': 1.0, 'sheep_model': 'strombom', 'dog_controller': 'collect_drive_multi', 'scenario_id': 'drive_to_goal', 'obs_mode': 'global', 'observation_frequency': 1, 'noise_sigma': 0.0, 'communication': 'none', 'stubborn_fraction': 0.0, 'stubborn_rs_scale': 0.25, 'stubborn_response_scale': 0.25, 'cohesion_scale': 1.0, 'initial_layout': 'compact', 'speed_scale': 1.0, 'failure_mode': 'none', 'failure_tick': -1, 'sensing_scale': 1.0, 'goal_mode': 'static', 'goal_velocity': [0.0, 0.0], 'latency': 0}",1.233520587812801,1.0,5.0,159.0,513.3077724086436,1.813155449123539,2.320902197019399,1.62202679202988,8.967113777422664,2.320902197019399,62.62045817619729,1.233520587812801,121.69289431596494,62.62045817619729,0.7720489030913019,0.0,0.969188159826927,0.7720489030913019,0.96,0.4,1.0,0.96,0.20625,0.0,3.0,0.20625,1.8627983536804384,0.0431913863684641,22.562447635751568,1.8627983536804384,2.571978267977938,1.7034651768306324,10.147491174324566,2.571978267977938,0.0274375446311479,0.0,0.1874541001097704,0.0274375446311479,1.0,1.0,1.0,1.0,0.2346728029519385,159.0,none,No failure (scenario success),[]
strombom_multi,drive_to_goal,paper,2027,strombom,collect_drive_multi,global,5,4,compact,10000,True,167,"{'world_width': 500.0, 'world_height': 500.0, 'goal_center': [370.0, 250.0], 'goal_radius': 4.743416490252569, 'max_ticks': 10000, 'measurement_radius': 5.0, 'n_sheep': 5, 'r_a': 2.0, 'r_s': 65.0, 'rs_weight': 1.0, 'n_neighbors': -1, 'c': 1.05, 'noise_strength': 0.3, 'sheep_speed': 1.0, 'inertia': 0.5, 'graze_move_prob': 0.05, 'collect_threshold_scale': 1.0, 'shepherd_speed': 1.5, 'shepherd_stop_multiple': 3.0, 'n_shepherds': 4, 'initial_spread': 30.0, 'shepherd_start_offset': 50.0, 'success_fraction': 1.0, 'sheep_model': 'strombom', 'dog_controller': 'collect_drive_multi', 'scenario_id': 'drive_to_goal', 'obs_mode': 'global', 'observation_frequency': 1, 'noise_sigma': 0.0, 'communication': 'none', 'stubborn_fraction': 0.0, 'stubborn_rs_scale': 0.25, 'stubborn_response_scale': 0.25, 'cohesion_scale': 1.0, 'initial_layout': 'compact', 'speed_scale': 1.0, 'failure_mode': 'none', 'failure_tick': -1, 'sensing_scale': 1.0, 'goal_mode': 'static', 'goal_velocity': [0.0, 0.0], 'latency': 0}",2.4268482631489574,1.0,5.0,167.0,692.9181065777965,2.048906400921161,2.1378141181481825,1.4597343310740007,7.796767392544311,2.1378141181481825,61.99068242195951,2.4268482631489574,120.756925278433,61.99068242195951,0.7583183408037634,0.0,0.9794888002661084,0.7583183408037634,0.9714285714285712,0.4,1.0,0.9714285714285712,0.1309523809523809,0.0,3.0,0.1309523809523809,1.2651892474975353,0.0936081399399627,18.887587573109457,1.2651892474975353,2.330676001511226,1.521726476606417,8.926206884592787,2.330676001511226,0.0360238986878128,0.0,0.658771649502717,0.0360238986878128,1.0,1.0,1.0,1.0,0.1707706522487858,167.0,none,No failure (scenario success),[]
strombom_multi,drive_to_goal,paper,2029,strombom,collect_drive_multi,global,5,2,compact,10000,True,161,"{'world_width': 500.0, 'world_height': 500.0, 'goal_center': [370.0, 250.0], 'goal_radius': 4.743416490252569, 'max_ticks': 10000, 'measurement_radius': 5.0, 'n_sheep': 5, 'r_a': 2.0, 'r_s': 65.0, 'rs_weight': 1.0, 'n_neighbors': -1, 'c': 1.05, 'noise_strength': 0.3, 'sheep_speed': 1.0, 'inertia': 0.5, 'graze_move_prob': 0.05, 'collect_threshold_scale': 1.0, 'shepherd_speed': 1.5, 'shepherd_stop_multiple': 3.0, 'n_shepherds': 2, 'initial_spread': 30.0, 'shepherd_start_offset': 50.0, 'success_fraction': 1.0, 'sheep_model': 'strombom', 'dog_controller': 'collect_drive_multi', 'scenario_id': 'drive_to_goal', 'obs_mode': 'global', 'observation_frequency': 1, 'noise_sigma': 0.0, 'communication': 'none', 'stubborn_fraction': 0.0, 'stubborn_rs_scale': 0.25, 'stubborn_response_scale': 0.25, 'cohesion_scale': 1.0, 'initial_layout': 'compact', 'speed_scale': 1.0, 'failure_mode': 'none', 'failure_tick': -1, 'sensing_scale': 1.0, 'goal_mode': 'static', 'goal_velocity': [0.0, 0.0], 'latency': 0}",2.622095747551447,1.0,5.0,161.0,337.26568888694453,1.2304173654267874,2.368813662060077,1.3649101653043565,8.967113777422664,2.368813662060077,62.90832409130712,2.622095747551447,121.69289431596494,62.90832409130712,0.7636878989406068,0.0,0.9523541043584676,0.7636878989406068,0.9543209876543208,0.4,1.0,0.9543209876543208,0.2160493827160493,0.0,3.0,0.2160493827160493,2.045846371132783,0.1259699021371221,22.699336053097035,2.045846371132783,2.6317421389768545,1.4261703009339872,10.147491174324566,2.6317421389768545,0.0093472905458055,0.0,0.0748274947973707,0.0093472905458055,1.0,1.0,1.0,1.0,0.3530474711536027,161.0,none,No failure (scenario success),[]
strombom_multi,drive_to_goal,paper,2030,strombom,collect_drive_multi,global,5,4,compact,10000,True,169,"{'world_width': 500.0, 'world_height': 500.0, 'goal_center': [370.0, 250.0], 'goal_radius': 4.743416490252569, 'max_ticks': 10000, 'measurement_radius': 5.0, 'n_sheep': 5, 'r_a': 2.0, 'r_s': 65.0, 'rs_weight': 1.0, 'n_neighbors': -1, 'c': 1.05, 'noise_strength': 0.3, 'sheep_speed': 1.0, 'inertia': 0.5, 'graze_move_prob': 0.05, 'collect_threshold_scale': 1.0, 'shepherd_speed': 1.5, 'shepherd_stop_multiple': 3.0, 'n_shepherds': 4, 'initial_spread': 30.0, 'shepherd_start_offset': 50.0, 'success_fraction': 1.0, 'sheep_model': 'strombom', 'dog_controller': 'collect_drive_multi', 'scenario_id': 'drive_to_goal', 'obs_mode': 'global', 'observation_frequency': 1, 'noise_sigma': 0.0, 'communication': 'none', 'stubborn_fraction': 0.0, 'stubborn_rs_scale': 0.25, 'stubborn_response_scale': 0.25, 'cohesion_scale': 1.0, 'initial_layout': 'compact', 'speed_scale': 1.0, 'failure_mode': 'none', 'failure_tick': -1, 'sensing_scale': 1.0, 'goal_mode': 'static', 'goal_velocity': [0.0, 0.0], 'latency': 0}",2.0306876437594377,1.0,5.0,169.0,722.4392451271068,1.2478458804312789,3.421126196792603,1.4150366520440167,16.849493972505904,3.421126196792603,59.57877326829922,2.0306876437594377,116.17705424380152,59.57877326829922,0.7666483628148748,0.0,0.9547601212921228,0.7666483628148748,0.888235294117647,0.2,1.0,0.888235294117647,0.6058823529411764,0.0,5.0,0.6058823529411764,7.095291651028077,0.0539136790075298,58.62615259583048,7.095291651028077,3.832628871353082,1.4638104991265095,18.507609238508987,3.832628871353082,0.0355313579085819,0.0,0.2192182542587366,0.0355313579085819,0.9794117647058824,0.5,1.0,0.9794117647058824,0.1580013369566586,169.0,none,No failure (scenario success),[]
strombom_multi,drive_to_goal,paper,2029,strombom,collect_drive_multi,global,5,4,compact,10000,True,160,"{'world_width': 500.0, 'world_height': 500.0, 'goal_center': [370.0, 250.0], 'goal_radius': 4.743416490252569, 'max_ticks': 10000, 'measurement_radius': 5.0, 'n_sheep': 5, 'r_a': 2.0, 'r_s': 65.0, 'rs_weight': 1.0, 'n_neighbors': -1, 'c': 1.05, 'noise_strength': 0.3, 'sheep_speed': 1.0, 'inertia': 0.5, 'graze_move_prob': 0.05, 'collect_threshold_scale': 1.0, 'shepherd_speed': 1.5, 'shepherd_stop_multiple': 3.0, 'n_shepherds': 4, 'initial_spread': 30.0, 'shepherd_start_offset': 50.0, 'success_fraction': 1.0, 'sheep_model': 'strombom', 'dog_controller': 'collect_drive_multi', 'scenario_id': 'drive_to_goal', 'obs_mode': 'global', 'observation_frequency': 1, 'noise_sigma': 0.0, 'communication': 'none', 'stubborn_fraction': 0.0, 'stubborn_rs_scale': 0.25, 'stubborn_response_scale': 0.25, 'cohesion_scale': 1.0, 'initial_layout': 'compact', 'speed_scale': 1.0, 'failure_mode': 'none', 'failure_tick': -1, 'sensing_scale': 1.0, 'goal_mode': 'static', 'goal_velocity': [0.0, 0.0], 'latency': 0}",2.0934087924646123,1.0,5.0,160.0,680.8498731413449,1.8651739327086017,2.305392448959343,1.5404723139063408,8.967113777422664,2.305392448959343,63.47701008716442,2.0934087924646123,121.69289431596494,63.47701008716442,0.7657056439458382,0.0,0.9813425219749174,0.7657056439458382,0.9590062111801244,0.4,1.0,0.9590062111801244,0.1987577639751552,0.0,3.0,0.1987577639751552,1.781952523811087,0.0837894923797826,22.562447635751568,1.781952523811087,2.551439895873737,1.620386106463664,10.147491174324566,2.551439895873737,0.0324091704009592,0.0,0.2590253712872694,0.0324091704009592,1.0,1.0,1.0,1.0,0.1756620515645912,160.0,none,No failure (scenario success),[]
strombom_multi,drive_to_goal,paper,2028,strombom,collect_drive_multi,global,5,4,compact,10000,True,170,"{'world_width': 500.0, 'world_height': 500.0, 'goal_center': [370.0, 250.0], 'goal_radius': 4.743416490252569, 'max_ticks': 10000, 'measurement_radius': 5.0, 'n_sheep': 5, 'r_a': 2.0, 'r_s': 65.0, 'rs_weight': 1.0, 'n_neighbors': -1, 'c': 1.05, 'noise_strength': 0.3, 'sheep_speed': 1.0, 'inertia': 0.5, 'graze_move_prob': 0.05, 'collect_threshold_scale': 1.0, 'shepherd_speed': 1.5, 'shepherd_stop_multiple': 3.0, 'n_shepherds': 4, 'initial_spread': 30.0, 'shepherd_start_offset': 50.0, 'success_fraction': 1.0, 'sheep_model': 'strombom', 'dog_controller': 'collect_drive_multi', 'scenario_id': 'drive_to_goal', 'obs_mode': 'global', 'observation_frequency': 1, 'noise_sigma': 0.0, 'communication': 'none', 'stubborn_fraction': 0.0, 'stubborn_rs_scale': 0.25, 'stubborn_response_scale': 0.25, 'cohesion_scale': 1.0, 'initial_layout': 'compact', 'speed_scale': 1.0, 'failure_mode': 'none', 'failure_tick': -1, 'sensing_scale': 1.0, 'goal_mode': 'static', 'goal_velocity': [0.0, 0.0], 'latency': 0}",2.506090885527339,1.0,5.0,170.0,685.9483468962183,0.8555320110927864,2.406661301320175,1.2573271256329126,9.616218832477644,2.406661301320175,65.24979411413443,2.506090885527339,125.5717958396584,65.24979411413443,0.7512815405051233,0.0,0.991136995037362,0.7512815405051233,0.969590643274854,0.4,1.0,0.969590643274854,0.2456140350877192,0.0,4.0,0.2456140350877192,2.7472545377204507,0.0275827704780057,35.19288354464918,2.7472545377204507,2.699216741611881,1.4263364688905271,11.291096969958978,2.699216741611881,0.0423849709261974,0.0,0.1986128695480568,0.0423849709261974,1.0,1.0,1.0,1.0,0.179409580197954,170.0,none,No failure (scenario success),[]
strombom_multi,drive_to_goal,paper,2027,strombom,collect_drive_multi,global,5,3,compact,10000,True,167,"{'world_width': 500.0, 'world_height': 500.0, 'goal_center': [370.0, 250.0], 'goal_radius': 4.743416490252569, 'max_ticks': 10000, 'measurement_radius': 5.0, 'n_sheep': 5, 'r_a': 2.0, 'r_s': 65.0, 'rs_weight': 1.0, 'n_neighbors': -1, 'c': 1.05, 'noise_strength': 0.3, 'sheep_speed': 1.0, 'inertia': 0.5, 'graze_move_prob': 0.05, 'collect_threshold_scale': 1.0, 'shepherd_speed': 1.5, 'shepherd_stop_multiple': 3.0, 'n_shepherds': 3, 'initial_spread': 30.0, 'shepherd_start_offset': 50.0, 'success_fraction': 1.0, 'sheep_model': 'strombom', 'dog_controller': 'collect_drive_multi', 'scenario_id': 'drive_to_goal', 'obs_mode': 'global', 'observation_frequency': 1, 'noise_sigma': 0.0, 'communication': 'none', 'stubborn_fraction': 0.0, 'stubborn_rs_scale': 0.25, 'stubborn_response_scale': 0.25, 'cohesion_scale': 1.0, 'initial_layout': 'compact', 'speed_scale': 1.0, 'failure_mode': 'none', 'failure_tick': -1, 'sensing_scale': 1.0, 'goal_mode': 'static', 'goal_velocity': [0.0, 0.0], 'latency': 0}",1.923621448683376,1.0,5.0,167.0,522.6264177914757,1.6216503130520956,2.198480553879676,1.5278127593544144,7.796767392544311,2.198480553879676,61.17949921833061,1.923621448683376,120.756925278433,61.17949921833061,0.7531714719848075,0.0,0.9585884039349444,0.7531714719848075,0.9678571428571427,0.4,1.0,0.9678571428571427,0.1309523809523809,0.0,3.0,0.1309523809523809,1.3591830172552446,0.0418834441254398,18.887587573109457,1.3591830172552446,2.4138545458413203,1.6822134498725252,8.926206884592787,2.4138545458413203,0.0330509753600998,0.0,0.5174836604105199,0.0330509753600998,1.0,1.0,1.0,1.0,0.2273771470105119,167.0,none,No failure (scenario success),[]
strombom_multi,drive_to_goal,paper,2029,strombom,collect_drive_multi,global,5,6,compact,10000,True,156,"{'world_width': 500.0, 'world_height': 500.0, 'goal_center': [370.0, 250.0], 'goal_radius': 4.743416490252569, 'max_ticks': 10000, 'measurement_radius': 5.0, 'n_sheep': 5, 'r_a': 2.0, 'r_s': 65.0, 'rs_weight': 1.0, 'n_neighbors': -1, 'c': 1.05, 'noise_strength': 0.3, 'sheep_speed': 1.0, 'inertia': 0.5, 'graze_move_prob': 0.05, 'collect_threshold_scale': 1.0, 'shepherd_speed': 1.5, 'shepherd_stop_multiple': 3.0, 'n_shepherds': 6, 'initial_spread': 30.0, 'shepherd_start_offset': 50.0, 'success_fraction': 1.0, 'sheep_model': 'strombom', 'dog_controller': 'collect_drive_multi', 'scenario_id': 'drive_to_goal', 'obs_mode': 'global', 'observation_frequency': 1, 'noise_sigma': 0.0, 'communication': 'none', 'stubborn_fraction': 0.0, 'stubborn_rs_scale': 0.25, 'stubborn_response_scale': 0.25, 'cohesion_scale': 1.0, 'initial_layout': 'compact', 'speed_scale': 1.0, 'failure_mode': 'none', 'failure_tick': -1, 'sensing_scale': 1.0, 'goal_mode': 'static', 'goal_velocity': [0.0, 0.0], 'latency': 0}",2.328612219505099,1.0,5.0,156.0,1014.2000315759368,1.2595525846821842,2.488126669111837,1.3787463008710676,8.967113777422664,2.488126669111837,62.23300783237557,2.328612219505099,121.69289431596494,62.23300783237557,0.7848305020550495,0.0,0.996098277525888,0.7848305020550495,0.932484076433121,0.4,1.0,0.932484076433121,0.3312101910828025,0.0,3.0,0.3312101910828025,2.7106264869489087,0.126046609611186,23.461666569451893,2.7106264869489087,2.8033130738044085,1.466616432307417,10.147491174324566,2.8033130738044085,0.0309429469390744,0.0,0.1870171478109425,0.0309429469390744,1.0,1.0,1.0,1.0,0.1176930372512245,156.0,none,No failure (scenario success),[]
strombom_multi,drive_to_goal,paper,2026,strombom,collect_drive_multi,global,5,10,compact,10000,True,166,"{'world_width': 500.0, 'world_height': 500.0, 'goal_center': [370.0, 250.0], 'goal_radius': 4.743416490252569, 'max_ticks': 10000, 'measurement_radius': 5.0, 'n_sheep': 5, 'r_a': 2.0, 'r_s': 65.0, 'rs_weight': 1.0, 'n_neighbors': -1, 'c': 1.05, 'noise_strength': 0.3, 'sheep_speed': 1.0, 'inertia': 0.5, 'graze_move_prob': 0.05, 'collect_threshold_scale': 1.0, 'shepherd_speed': 1.5, 'shepherd_stop_multiple': 3.0, 'n_shepherds': 10, 'initial_spread': 30.0, 'shepherd_start_offset': 50.0, 'success_fraction': 1.0, 'sheep_model': 'strombom', 'dog_controller': 'collect_drive_multi', 'scenario_id': 'drive_to_goal', 'obs_mode': 'global', 'observation_frequency': 1, 'noise_sigma': 0.0, 'communication': 'none', 'stubborn_fraction': 0.0, 'stubborn_rs_scale': 0.25, 'stubborn_response_scale': 0.25, 'cohesion_scale': 1.0, 'initial_layout': 'compact', 'speed_scale': 1.0, 'failure_mode': 'none', 'failure_tick': -1, 'sensing_scale': 1.0, 'goal_mode': 'static', 'goal_velocity': [0.0, 0.0], 'latency': 0}",1.4518235888367377,1.0,5.0,166.0,1735.788558882809,2.150580266952653,2.379257582608952,1.4890298546023182,7.418264163003316,2.379257582608952,64.64636860415992,1.4518235888367377,124.7616419259066,64.64636860415992,0.781802048678617,0.0,0.9716145987905602,0.781802048678617,0.9461077844311376,0.6,1.0,0.9461077844311376,0.2994011976047904,0.0,2.0,0.2994011976047904,2.817467793035444,0.1351404753648306,31.742792614591377,2.817467793035444,2.7288354194800686,1.604900068026656,9.220007409574585,2.7288354194800686,0.0447306343073732,0.0,0.1579229939398958,0.0447306343073732,1.0,1.0,1.0,1.0,0.0710396538253684,166.0,none,No failure (scenario success),[]
strombom_multi,drive_to_goal,paper,2026,strombom,collect_drive_multi,global,5,6,compact,10000,True,164,"{'world_width': 500.0, 'world_height': 500.0, 'goal_center': [370.0, 250.0], 'goal_radius': 4.743416490252569, 'max_ticks': 10000, 'measurement_radius': 5.0, 'n_sheep': 5, 'r_a': 2.0, 'r_s': 65.0, 'rs_weight': 1.0, 'n_neighbors': -1, 'c': 1.05, 'noise_strength': 0.3, 'sheep_speed': 1.0, 'inertia': 0.5, 'graze_move_prob': 0.05, 'collect_threshold_scale': 1.0, 'shepherd_speed': 1.5, 'shepherd_stop_multiple': 3.0, 'n_shepherds': 6, 'initial_spread': 30.0, 'shepherd_start_offset': 50.0, 'success_fraction': 1.0, 'sheep_model': 'strombom', 'dog_controller': 'collect_drive_multi', 'scenario_id': 'drive_to_goal', 'obs_mode': 'global', 'observation_frequency': 1, 'noise_sigma': 0.0, 'communication': 'none', 'stubborn_fraction': 0.0, 'stubborn_rs_scale': 0.25, 'stubborn_response_scale': 0.25, 'cohesion_scale': 1.0, 'initial_layout': 'compact', 'speed_scale': 1.0, 'failure_mode': 'none', 'failure_tick': -1, 'sensing_scale': 1.0, 'goal_mode': 'static', 'goal_velocity': [0.0, 0.0], 'latency': 0}",2.8069239003434463,1.0,5.0,164.0,1012.6170823286604,1.8136718727749577,2.221589565379632,1.4843248263618958,7.418264163003316,2.221589565379632,65.90302757022903,2.8069239003434463,124.7616419259066,65.90302757022903,0.7793987924075617,0.0,0.9669167211066296,0.7793987924075617,0.9709090909090908,0.6,1.0,0.9709090909090908,0.1454545454545454,0.0,2.0,0.1454545454545454,2.0114781611625103,0.1312166330913243,29.97789344051098,2.0114781611625103,2.489029540486579,1.582760844785676,9.220007409574585,2.489029540486579,0.0340918292087122,0.0,0.1766235946267965,0.0340918292087122,1.0,1.0,1.0,1.0,0.1204351774760806,164.0,none,No failure (scenario success),[]
strombom_multi,drive_to_goal,paper,2028,strombom,collect_drive_multi,global,5,6,compact,10000,True,163,"{'world_width': 500.0, 'world_height': 500.0, 'goal_center': [370.0, 250.0], 'goal_radius': 4.743416490252569, 'max_ticks': 10000, 'measurement_radius': 5.0, 'n_sheep': 5, 'r_a': 2.0, 'r_s': 65.0, 'rs_weight': 1.0, 'n_neighbors': -1, 'c': 1.05, 'noise_strength': 0.3, 'sheep_speed': 1.0, 'inertia': 0.5, 'graze_move_prob': 0.05, 'collect_threshold_scale': 1.0, 'shepherd_speed': 1.5, 'shepherd_stop_multiple': 3.0, 'n_shepherds': 6, 'initial_spread': 30.0, 'shepherd_start_offset': 50.0, 'success_fraction': 1.0, 'sheep_model': 'strombom', 'dog_controller': 'collect_drive_multi', 'scenario_id': 'drive_to_goal', 'obs_mode': 'global', 'observation_frequency': 1, 'noise_sigma': 0.0, 'communication': 'none', 'stubborn_fraction': 0.0, 'stubborn_rs_scale': 0.25, 'stubborn_response_scale': 0.25, 'cohesion_scale': 1.0, 'initial_layout': 'compact', 'speed_scale': 1.0, 'failure_mode': 'none', 'failure_tick': -1, 'sensing_scale': 1.0, 'goal_mode': 'static', 'goal_velocity': [0.0, 0.0], 'latency': 0}",2.990389992799356,1.0,5.0,163.0,1017.8455550430268,1.09017773971549,2.4965669994668294,1.3975091075907295,9.616218832477644,2.4965669994668294,64.759184034516,2.990389992799356,125.5717958396584,64.759184034516,0.78089174357985,0.0,0.9709729996504216,0.78089174357985,0.95,0.4,1.0,0.95,0.274390243902439,0.0,4.0,0.274390243902439,2.631274496250961,0.1497632122515411,35.01720615091912,2.631274496250961,2.792903294567729,1.561025791834258,11.291096969958978,2.792903294567729,0.0350200798024713,0.0,0.1610805930872546,0.0350200798024713,1.0,1.0,1.0,1.0,0.1204322259300697,163.0,none,No failure (scenario success),[]
strombom_multi,drive_to_goal,paper,2027,strombom,collect_drive_multi,global,5,6,compact,10000,True,169,"{'world_width': 500.0, 'world_height': 500.0, 'goal_center': [370.0, 250.0], 'goal_radius': 4.743416490252569, 'max_ticks': 10000, 'measurement_radius': 5.0, 'n_sheep': 5, 'r_a': 2.0, 'r_s': 65.0, 'rs_weight': 1.0, 'n_neighbors': -1, 'c': 1.05, 'noise_strength': 0.3, 'sheep_speed': 1.0, 'inertia': 0.5, 'graze_move_prob': 0.05, 'collect_threshold_scale': 1.0, 'shepherd_speed': 1.5, 'shepherd_stop_multiple': 3.0, 'n_shepherds': 6, 'initial_spread': 30.0, 'shepherd_start_offset': 50.0, 'success_fraction': 1.0, 'sheep_model': 'strombom', 'dog_controller': 'collect_drive_multi', 'scenario_id': 'drive_to_goal', 'obs_mode': 'global', 'observation_frequency': 1, 'noise_sigma': 0.0, 'communication': 'none', 'stubborn_fraction': 0.0, 'stubborn_rs_scale': 0.25, 'stubborn_response_scale': 0.25, 'cohesion_scale': 1.0, 'initial_layout': 'compact', 'speed_scale': 1.0, 'failure_mode': 'none', 'failure_tick': -1, 'sensing_scale': 1.0, 'goal_mode': 'static', 'goal_velocity': [0.0, 0.0], 'latency': 0}",1.7900456876368975,1.0,5.0,169.0,1040.8216953846406,1.394800102320331,2.171062594052543,1.3226081042562576,7.796767392544311,2.171062594052543,62.54865651533856,1.7900456876368975,120.756925278433,62.54865651533856,0.7460844215026967,0.0,0.9680697825352376,0.7460844215026967,0.9623529411764704,0.4,1.0,0.9623529411764704,0.1588235294117647,0.0,3.0,0.1588235294117647,1.3398376142346895,0.0908811615025811,18.887587573109457,1.3398376142346895,2.3734188852309392,1.4068079494381274,8.926206884592787,2.3734188852309392,0.041224605210867,0.0,0.275973478498231,0.041224605210867,1.0,1.0,1.0,1.0,0.1143009221640324,169.0,none,No failure (scenario success),[]
strombom_multi,drive_to_goal,paper,2027,strombom,collect_drive_multi,global,5,10,compact,10000,True,173,"{'world_width': 500.0, 'world_height': 500.0, 'goal_center': [370.0, 250.0], 'goal_radius': 4.743416490252569, 'max_ticks': 10000, 'measurement_radius': 5.0, 'n_sheep': 5, 'r_a': 2.0, 'r_s': 65.0, 'rs_weight': 1.0, 'n_neighbors': -1, 'c': 1.05, 'noise_strength': 0.3, 'sheep_speed': 1.0, 'inertia': 0.5, 'graze_move_prob': 0.05, 'collect_threshold_scale': 1.0, 'shepherd_speed': 1.5, 'shepherd_stop_multiple': 3.0, 'n_shepherds': 10, 'initial_spread': 30.0, 'shepherd_start_offset': 50.0, 'success_fraction': 1.0, 'sheep_model': 'strombom', 'dog_controller': 'collect_drive_multi', 'scenario_id': 'drive_to_goal', 'obs_mode': 'global', 'observation_frequency': 1, 'noise_sigma': 0.0, 'communication': 'none', 'stubborn_fraction': 0.0, 'stubborn_rs_scale': 0.25, 'stubborn_response_scale': 0.25, 'cohesion_scale': 1.0, 'initial_layout': 'compact', 'speed_scale': 1.0, 'failure_mode': 'none', 'failure_tick': -1, 'sensing_scale': 1.0, 'goal_mode': 'static', 'goal_velocity': [0.0, 0.0], 'latency': 0}",2.6361829604547533,1.0,5.0,173.0,1787.4323196308208,1.255002980048069,2.06778507676166,1.3903434519815818,7.796767392544311,2.06778507676166,61.59287682748053,2.6361829604547533,120.756925278433,61.59287682748053,0.7482376351626289,0.0,0.9636057910657064,0.7482376351626289,0.9689655172413792,0.4,1.0,0.9689655172413792,0.1264367816091954,0.0,3.0,0.1264367816091954,1.1443461236088743,0.0096384925528349,18.887587573109457,1.1443461236088743,2.24978908944954,1.4125232350080792,8.926206884592787,2.24978908944954,0.0417274728756086,0.0,0.1814681821694347,0.0417274728756086,1.0,1.0,1.0,1.0,0.0660840363132602,173.0,none,No failure (scenario success),[]
strombom_multi,drive_to_goal,paper,2028,strombom,collect_drive_multi,global,5,10,compact,10000,True,167,"{'world_width': 500.0, 'world_height': 500.0, 'goal_center': [370.0, 250.0], 'goal_radius': 4.743416490252569, 'max_ticks': 10000, 'measurement_radius': 5.0, 'n_sheep': 5, 'r_a': 2.0, 'r_s': 65.0, 'rs_weight': 1.0, 'n_neighbors': -1, 'c': 1.05, 'noise_strength': 0.3, 'sheep_speed': 1.0, 'inertia': 0.5, 'graze_move_prob': 0.05, 'collect_threshold_scale': 1.0, 'shepherd_speed': 1.5, 'shepherd_stop_multiple': 3.0, 'n_shepherds': 10, 'initial_spread': 30.0, 'shepherd_start_offset': 50.0, 'success_fraction': 1.0, 'sheep_model': 'strombom', 'dog_controller': 'collect_drive_multi', 'scenario_id': 'drive_to_goal', 'obs_mode': 'global', 'observation_frequency': 1, 'noise_sigma': 0.0, 'communication': 'none', 'stubborn_fraction': 0.0, 'stubborn_rs_scale': 0.25, 'stubborn_response_scale': 0.25, 'cohesion_scale': 1.0, 'initial_layout': 'compact', 'speed_scale': 1.0, 'failure_mode': 'none', 'failure_tick': -1, 'sensing_scale': 1.0, 'goal_mode': 'static', 'goal_velocity': [0.0, 0.0], 'latency': 0}",2.4137278771236272,1.0,5.0,167.0,1718.7655769149787,1.208310270238799,2.422649714729133,1.5196500714569148,9.616218832477644,2.422649714729133,63.999083804352,2.4137278771236272,125.5717958396584,63.999083804352,0.7667464584263483,0.0,0.9722007968964164,0.7667464584263483,0.9535714285714284,0.4,1.0,0.9535714285714284,0.2797619047619047,0.0,4.0,0.2797619047619047,2.5883621692960324,0.0878652762692365,35.01720615091912,2.5883621692960324,2.683074895372169,1.6319653406093109,11.291096969958978,2.683074895372169,0.0415613963098519,0.0,0.3108192481650254,0.0415613963098519,1.0,1.0,1.0,1.0,0.0716549537742033,167.0,none,No failure (scenario success),[]
strombom_multi,drive_to_goal,paper,2030,strombom,collect_drive_multi,global,5,6,compact,10000,True,164,"{'world_width': 500.0, 'world_height': 500.0, 'goal_center': [370.0, 250.0], 'goal_radius': 4.743416490252569, 'max_ticks': 10000, 'measurement_radius': 5.0, 'n_sheep': 5, 'r_a': 2.0, 'r_s': 65.0, 'rs_weight': 1.0, 'n_neighbors': -1, 'c': 1.05, 'noise_strength': 0.3, 'sheep_speed': 1.0, 'inertia': 0.5, 'graze_move_prob': 0.05, 'collect_threshold_scale': 1.0, 'shepherd_speed': 1.5, 'shepherd_stop_multiple': 3.0, 'n_shepherds': 6, 'initial_spread': 30.0, 'shepherd_start_offset': 50.0, 'success_fraction': 1.0, 'sheep_model': 'strombom', 'dog_controller': 'collect_drive_multi', 'scenario_id': 'drive_to_goal', 'obs_mode': 'global', 'observation_frequency': 1, 'noise_sigma': 0.0, 'communication': 'none', 'stubborn_fraction': 0.0, 'stubborn_rs_scale': 0.25, 'stubborn_response_scale': 0.25, 'cohesion_scale': 1.0, 'initial_layout': 'compact', 'speed_scale': 1.0, 'failure_mode': 'none', 'failure_tick': -1, 'sensing_scale': 1.0, 'goal_mode': 'static', 'goal_velocity': [0.0, 0.0], 'latency': 0}",3.119495513996893,1.0,5.0,164.0,1042.3720614609504,1.2322689726827123,3.410118143843773,1.4562276771628078,16.849493972505904,3.410118143843773,61.12340954190677,3.119495513996893,116.17705424380152,61.12340954190677,0.7541021547471806,0.0,0.9660829359646737,0.7541021547471806,0.8981818181818181,0.2,1.0,0.8981818181818181,0.6,0.0,5.0,0.6,7.075294024539883,0.0556739706124452,59.039969497652336,7.075294024539883,3.825349374626896,1.6153201904340535,18.507609238508987,3.825349374626896,0.0431350398602498,0.0,0.2712812932878486,0.0431350398602498,0.9787878787878788,0.5,1.0,0.9787878787878788,0.1084618083214426,164.0,none,No failure (scenario success),[]
strombom_multi,drive_to_goal,paper,2026,strombom,collect_drive_multi,global,10,2,compact,10000,True,174,"{'world_width': 500.0, 'world_height': 500.0, 'goal_center': [370.0, 250.0], 'goal_radius': 6.7082039324993685, 'max_ticks': 10000, 'measurement_radius': 5.0, 'n_sheep': 10, 'r_a': 2.0, 'r_s': 65.0, 'rs_weight': 1.0, 'n_neighbors': -1, 'c': 1.05, 'noise_strength': 0.3, 'sheep_speed': 1.0, 'inertia': 0.5, 'graze_move_prob': 0.05, 'collect_threshold_scale': 1.0, 'shepherd_speed': 1.5, 'shepherd_stop_multiple': 3.0, 'n_shepherds': 2, 'initial_spread': 30.0, 'shepherd_start_offset': 50.0, 'success_fraction': 1.0, 'sheep_model': 'strombom', 'dog_controller': 'collect_drive_multi', 'scenario_id': 'drive_to_goal', 'obs_mode': 'global', 'observation_frequency': 1, 'noise_sigma': 0.0, 'communication': 'none', 'stubborn_fraction': 0.0, 'stubborn_rs_scale': 0.25, 'stubborn_response_scale': 0.25, 'cohesion_scale': 1.0, 'initial_layout': 'compact', 'speed_scale': 1.0, 'failure_mode': 'none', 'failure_tick': -1, 'sensing_scale': 1.0, 'goal_mode': 'static', 'goal_velocity': [0.0, 0.0], 'latency': 0}",3.2308164415884115,1.0,10.0,174.0,327.77696378325913,1.1448164801599148,2.9435078522980453,2.2886590842816488,7.390508781172831,2.9435078522980453,63.94299071363104,3.2308164415884115,122.1138874752616,63.94299071363104,0.6925575676993023,0.0,0.931811535204491,0.6925575676993023,0.9725714285714284,0.5,1.0,0.9725714285714284,0.1657142857142857,0.0,3.0,0.1657142857142857,3.4459610510525582,0.498747854077766,27.260444907130665,3.4459610510525582,3.3755780151259005,2.490842686898838,9.015872685036566,3.3755780151259005,0.0160995918979534,0.0,0.1594075560314609,0.0160995918979534,1.0,1.0,1.0,1.0,0.3626950157250343,174.0,none,No failure (scenario success),[]
strombom_multi,drive_to_goal,paper,2026,strombom,collect_drive_multi,global,10,1,compact,10000,True,298,"{'world_width': 500.0, 'world_height': 500.0, 'goal_center': [370.0, 250.0], 'goal_radius': 6.7082039324993685, 'max_ticks': 10000, 'measurement_radius': 5.0, 'n_sheep': 10, 'r_a': 2.0, 'r_s': 65.0, 'rs_weight': 1.0, 'n_neighbors': -1, 'c': 1.05, 'noise_strength': 0.3, 'sheep_speed': 1.0, 'inertia': 0.5, 'graze_move_prob': 0.05, 'collect_threshold_scale': 1.0, 'shepherd_speed': 1.5, 'shepherd_stop_multiple': 3.0, 'n_shepherds': 1, 'initial_spread': 30.0, 'shepherd_start_offset': 50.0, 'success_fraction': 1.0, 'sheep_model': 'strombom', 'dog_controller': 'collect_drive_multi', 'scenario_id': 'drive_to_goal', 'obs_mode': 'global', 'observation_frequency': 1, 'noise_sigma': 0.0, 'communication': 'none', 'stubborn_fraction': 0.0, 'stubborn_rs_scale': 0.25, 'stubborn_response_scale': 0.25, 'cohesion_scale': 1.0, 'initial_layout': 'compact', 'speed_scale': 1.0, 'failure_mode': 'none', 'failure_tick': -1, 'sensing_scale': 1.0, 'goal_mode': 'static', 'goal_velocity': [0.0, 0.0], 'latency': 0}",1.9849923614013008,1.0,10.0,298.0,271.8633844510151,1.120718577743356,2.9861913654187573,2.240947452881412,7.390508781172831,2.9861913654187573,46.97655869105277,1.9849923614013008,122.1138874752616,46.97655869105277,0.7110281930199667,0.0,0.929556004724577,0.7110281930199667,0.9849498327759196,0.5,1.0,0.9849498327759196,0.0969899665551839,0.0,3.0,0.0969899665551839,3.0133178073852385,0.706635804570894,27.299602915264707,3.0133178073852385,3.3956376657193825,2.484400206453252,9.015872685036566,3.3956376657193825,2.339265904728591e-17,-2.220446049250313e-16,2.220446049250313e-16,2.339265904728591e-17,1.0,1.0,1.0,1.0,0.4418722858042891,298.0,none,No failure (scenario success),[]
strombom_multi,drive_to_goal,paper,2029,strombom,collect_drive_multi,global,10,1,compact,10000,True,160,"{'world_width': 500.0, 'world_height': 500.0, 'goal_center': [370.0, 250.0], 'goal_radius': 6.7082039324993685, 'max_ticks': 10000, 'measurement_radius': 5.0, 'n_sheep': 10, 'r_a': 2.0, 'r_s': 65.0, 'rs_weight': 1.0, 'n_neighbors': -1, 'c': 1.05, 'noise_strength': 0.3, 'sheep_speed': 1.0, 'inertia': 0.5, 'graze_move_prob': 0.05, 'collect_threshold_scale': 1.0, 'shepherd_speed': 1.5, 'shepherd_stop_multiple': 3.0, 'n_shepherds': 1, 'initial_spread': 30.0, 'shepherd_start_offset': 50.0, 'success_fraction': 1.0, 'sheep_model': 'strombom', 'dog_controller': 'collect_drive_multi', 'scenario_id': 'drive_to_goal', 'obs_mode': 'global', 'observation_frequency': 1, 'noise_sigma': 0.0, 'communication': 'none', 'stubborn_fraction': 0.0, 'stubborn_rs_scale': 0.25, 'stubborn_response_scale': 0.25, 'cohesion_scale': 1.0, 'initial_layout': 'compact', 'speed_scale': 1.0, 'failure_mode': 'none', 'failure_tick': -1, 'sensing_scale': 1.0, 'goal_mode': 'static', 'goal_velocity': [0.0, 0.0], 'latency': 0}",2.872960529958559,1.0,10.0,160.0,166.50000000000009,1.0587145974689782,3.441064977519269,2.384348300016755,9.351147397616865,3.441064977519269,61.03284959976623,2.872960529958559,120.03120500026316,61.03284959976623,0.7390751465055108,0.0,0.9158199161401698,0.7390751465055108,0.9173913043478262,0.4,1.0,0.9173913043478262,0.453416149068323,0.0,5.0,0.453416149068323,5.011920432442496,1.0061069667499067,34.67993525200926,5.011920432442496,3.981948971821028,2.64275046470208,10.981805983387227,3.981948971821028,2.7583180736028734e-17,-2.220446049250313e-16,2.220446049250313e-16,2.7583180736028734e-17,0.996273291925466,0.8,1.0,0.996273291925466,0.7036531199417689,160.0,none,No failure (scenario success),[]
strombom_multi,drive_to_goal,paper,2030,strombom,collect_drive_multi,global,5,2,compact,10000,True,308,"{'world_width': 500.0, 'world_height': 500.0, 'goal_center': [370.0, 250.0], 'goal_radius': 4.743416490252569, 'max_ticks': 10000, 'measurement_radius': 5.0, 'n_sheep': 5, 'r_a': 2.0, 'r_s': 65.0, 'rs_weight': 1.0, 'n_neighbors': -1, 'c': 1.05, 'noise_strength': 0.3, 'sheep_speed': 1.0, 'inertia': 0.5, 'graze_move_prob': 0.05, 'collect_threshold_scale': 1.0, 'shepherd_speed': 1.5, 'shepherd_stop_multiple': 3.0, 'n_shepherds': 2, 'initial_spread': 30.0, 'shepherd_start_offset': 50.0, 'success_fraction': 1.0, 'sheep_model': 'strombom', 'dog_controller': 'collect_drive_multi', 'scenario_id': 'drive_to_goal', 'obs_mode': 'global', 'observation_frequency': 1, 'noise_sigma': 0.0, 'communication': 'none', 'stubborn_fraction': 0.0, 'stubborn_rs_scale': 0.25, 'stubborn_response_scale': 0.25, 'cohesion_scale': 1.0, 'initial_layout': 'compact', 'speed_scale': 1.0, 'failure_mode': 'none', 'failure_tick': -1, 'sensing_scale': 1.0, 'goal_mode': 'static', 'goal_velocity': [0.0, 0.0], 'latency': 0}",2.644676293287227,1.0,5.0,308.0,590.9797864117062,1.435978347041734,2.611478256055586,1.3752029918044717,16.849493972505904,2.611478256055586,42.05749586434848,2.644676293287227,116.17705424380152,42.05749586434848,0.7566364219282233,0.0,0.988357748459934,0.7566364219282233,0.948220064724919,0.2,1.0,0.948220064724919,0.2815533980582524,0.0,5.0,0.2815533980582524,3.8835357103922994,0.0593882835209234,58.62615259583048,3.8835357103922994,2.899834498971372,1.534745778388855,18.507609238508987,2.899834498971372,0.0172965378419759,-2.220446049250313e-16,0.2200834130332425,0.0172965378419759,0.988673139158576,0.5,1.0,0.988673139158576,0.1921087329227567,308.0,none,No failure (scenario success),[]
strombom_multi,drive_to_goal,paper,2027,strombom,collect_drive_multi,global,10,2,compact,10000,True,170,"{'world_width': 500.0, 'world_height': 500.0, 'goal_center': [370.0, 250.0], 'goal_radius': 6.7082039324993685, 'max_ticks': 10000, 'measurement_radius': 5.0, 'n_sheep': 10, 'r_a': 2.0, 'r_s': 65.0, 'rs_weight': 1.0, 'n_neighbors': -1, 'c': 1.05, 'noise_strength': 0.3, 'sheep_speed': 1.0, 'inertia': 0.5, 'graze_move_prob': 0.05, 'collect_threshold_scale': 1.0, 'shepherd_speed': 1.5, 'shepherd_stop_multiple': 3.0, 'n_shepherds': 2, 'initial_spread': 30.0, 'shepherd_start_offset': 50.0, 'success_fraction': 1.0, 'sheep_model': 'strombom', 'dog_controller': 'collect_drive_multi', 'scenario_id': 'drive_to_goal', 'obs_mode': 'global', 'observation_frequency': 1, 'noise_sigma': 0.0, 'communication': 'none', 'stubborn_fraction': 0.0, 'stubborn_rs_scale': 0.25, 'stubborn_response_scale': 0.25, 'cohesion_scale': 1.0, 'initial_layout': 'compact', 'speed_scale': 1.0, 'failure_mode': 'none', 'failure_tick': -1, 'sensing_scale': 1.0, 'goal_mode': 'static', 'goal_velocity': [0.0, 0.0], 'latency': 0}",3.344756382073905,1.0,10.0,170.0,326.3908642059296,0.6320724819842749,2.963153477131027,2.256772307816499,8.645480173784993,2.963153477131027,63.118547468958,3.344756382073905,123.57945505459357,63.118547468958,0.7162966134340498,0.0,0.9298679532024308,0.7162966134340498,0.9707602339181286,0.3,1.0,0.9707602339181286,0.1988304093567251,0.0,3.0,0.1988304093567251,3.0966404587669247,0.639374769525805,22.64480688922468,3.0966404587669247,3.3582866748433875,2.4765078369063303,9.737530789000802,3.3582866748433875,0.0141676688354144,-2.220446049250313e-16,0.2193206880978411,0.0141676688354144,1.0,1.0,1.0,1.0,0.3683764218249076,170.0,none,No failure (scenario success),[]
strombom_multi,drive_to_goal,paper,2030,strombom,collect_drive_multi,global,5,10,compact,10000,True,404,"{'world_width': 500.0, 'world_height': 500.0, 'goal_center': [370.0, 250.0], 'goal_radius': 4.743416490252569, 'max_ticks': 10000, 'measurement_radius': 5.0, 'n_sheep': 5, 'r_a': 2.0, 'r_s': 65.0, 'rs_weight': 1.0, 'n_neighbors': -1, 'c': 1.05, 'noise_strength': 0.3, 'sheep_speed': 1.0, 'inertia': 0.5, 'graze_move_prob': 0.05, 'collect_threshold_scale': 1.0, 'shepherd_speed': 1.5, 'shepherd_stop_multiple': 3.0, 'n_shepherds': 10, 'initial_spread': 30.0, 'shepherd_start_offset': 50.0, 'success_fraction': 1.0, 'sheep_model': 'strombom', 'dog_controller': 'collect_drive_multi', 'scenario_id': 'drive_to_goal', 'obs_mode': 'global', 'observation_frequency': 1, 'noise_sigma': 0.0, 'communication': 'none', 'stubborn_fraction': 0.0, 'stubborn_rs_scale': 0.25, 'stubborn_response_scale': 0.25, 'cohesion_scale': 1.0, 'initial_layout': 'compact', 'speed_scale': 1.0, 'failure_mode': 'none', 'failure_tick': -1, 'sensing_scale': 1.0, 'goal_mode': 'static', 'goal_velocity': [0.0, 0.0], 'latency': 0}",2.1842799592574607,1.0,5.0,404.0,3765.7377865516087,1.8655105573004669,2.647418954651991,1.313736578830812,16.849493972505904,2.647418954651991,49.1731786090669,2.1842799592574607,116.17705424380152,49.1731786090669,0.7701729466460145,0.0,0.9629330765830032,0.7701729466460145,0.954074074074074,0.2,1.0,0.954074074074074,0.2641975308641975,0.0,5.0,0.2641975308641975,3.648406176950621,0.072221310257978,59.257790821823065,3.648406176950621,2.9310676149126205,1.5083084068732135,18.507609238508987,2.9310676149126205,0.043579543021931,0.0,0.18610594826679,0.043579543021931,0.9925925925925926,0.5,1.0,0.9925925925925926,0.0302710333926171,404.0,none,No failure (scenario success),[]
strombom_multi,drive_to_goal,paper,2028,strombom,collect_drive_multi,global,10,2,compact,10000,True,177,"{'world_width': 500.0, 'world_height': 500.0, 'goal_center': [370.0, 250.0], 'goal_radius': 6.7082039324993685, 'max_ticks': 10000, 'measurement_radius': 5.0, 'n_sheep': 10, 'r_a': 2.0, 'r_s': 65.0, 'rs_weight': 1.0, 'n_neighbors': -1, 'c': 1.05, 'noise_strength': 0.3, 'sheep_speed': 1.0, 'inertia': 0.5, 'graze_move_prob': 0.05, 'collect_threshold_scale': 1.0, 'shepherd_speed': 1.5, 'shepherd_stop_multiple': 3.0, 'n_shepherds': 2, 'initial_spread': 30.0, 'shepherd_start_offset': 50.0, 'success_fraction': 1.0, 'sheep_model': 'strombom', 'dog_controller': 'collect_drive_multi', 'scenario_id': 'drive_to_goal', 'obs_mode': 'global', 'observation_frequency': 1, 'noise_sigma': 0.0, 'communication': 'none', 'stubborn_fraction': 0.0, 'stubborn_rs_scale': 0.25, 'stubborn_response_scale': 0.25, 'cohesion_scale': 1.0, 'initial_layout': 'compact', 'speed_scale': 1.0, 'failure_mode': 'none', 'failure_tick': -1, 'sensing_scale': 1.0, 'goal_mode': 'static', 'goal_velocity': [0.0, 0.0], 'latency': 0}",2.4725590105764583,1.0,10.0,177.0,334.99890929857054,0.3574600253517717,3.1056890058014703,2.104013600427636,10.92488360077546,3.1056890058014703,63.303333762075525,2.4725590105764583,123.21622990035598,63.303333762075525,0.6919014264054426,0.0,0.8882996757766263,0.6919014264054426,0.9657303370786516,0.6,1.0,0.9657303370786516,0.2808988764044944,0.0,5.0,0.2808988764044944,3.967575939599636,0.6103112845873437,39.8008547647904,3.967575939599636,3.5059236982616526,2.335189931913192,12.61562271373407,3.5059236982616526,0.0095845569541381,0.0,0.1240391307599848,0.0095845569541381,1.0,1.0,1.0,1.0,0.3604300418248995,177.0,none,No failure (scenario success),[]
strombom_multi,drive_to_goal,paper,2029,strombom,collect_drive_multi,global,10,2,compact,10000,True,169,"{'world_width': 500.0, 'world_height': 500.0, 'goal_center': [370.0, 250.0], 'goal_radius': 6.7082039324993685, 'max_ticks': 10000, 'measurement_radius': 5.0, 'n_sheep': 10, 'r_a': 2.0, 'r_s': 65.0, 'rs_weight': 1.0, 'n_neighbors': -1, 'c': 1.05, 'noise_strength': 0.3, 'sheep_speed': 1.0, 'inertia': 0.5, 'graze_move_prob': 0.05, 'collect_threshold_scale': 1.0, 'shepherd_speed': 1.5, 'shepherd_stop_multiple': 3.0, 'n_shepherds': 2, 'initial_spread': 30.0, 'shepherd_start_offset': 50.0, 'success_fraction': 1.0, 'sheep_model': 'strombom', 'dog_controller': 'collect_drive_multi', 'scenario_id': 'drive_to_goal', 'obs_mode': 'global', 'observation_frequency': 1, 'noise_sigma': 0.0, 'communication': 'none', 'stubborn_fraction': 0.0, 'stubborn_rs_scale': 0.25, 'stubborn_response_scale': 0.25, 'cohesion_scale': 1.0, 'initial_layout': 'compact', 'speed_scale': 1.0, 'failure_mode': 'none', 'failure_tick': -1, 'sensing_scale': 1.0, 'goal_mode': 'static', 'goal_velocity': [0.0, 0.0], 'latency': 0}",2.9695916665791757,1.0,10.0,169.0,335.17573870524427,1.141017383054988,3.037656198442251,2.2148036316680426,9.351147397616865,3.037656198442251,62.850010280496186,2.9695916665791757,120.03120500026316,62.850010280496186,0.7043015643638749,0.0,0.9102460632466952,0.7043015643638749,0.96,0.4,1.0,0.96,0.2823529411764706,0.0,5.0,0.2823529411764706,3.680522376765542,0.6557352658435949,33.15610500480288,3.680522376765542,3.4519642949873983,2.47966648300434,10.981805983387227,3.4519642949873983,0.014581791353568,0.0,0.1217419778415735,0.014581791353568,0.996470588235294,0.8,1.0,0.996470588235294,0.3492544352580027,169.0,none,No failure (scenario success),[]
strombom_multi,drive_to_goal,paper,2028,strombom,collect_drive_multi,global,10,3,compact,10000,True,176,"{'world_width': 500.0, 'world_height': 500.0, 'goal_center': [370.0, 250.0], 'goal_radius': 6.7082039324993685, 'max_ticks': 10000, 'measurement_radius': 5.0, 'n_sheep': 10, 'r_a': 2.0, 'r_s': 65.0, 'rs_weight': 1.0, 'n_neighbors': -1, 'c': 1.05, 'noise_strength': 0.3, 'sheep_speed': 1.0, 'inertia': 0.5, 'graze_move_prob': 0.05, 'collect_threshold_scale': 1.0, 'shepherd_speed': 1.5, 'shepherd_stop_multiple': 3.0, 'n_shepherds': 3, 'initial_spread': 30.0, 'shepherd_start_offset': 50.0, 'success_fraction': 1.0, 'sheep_model': 'strombom', 'dog_controller': 'collect_drive_multi', 'scenario_id': 'drive_to_goal', 'obs_mode': 'global', 'observation_frequency': 1, 'noise_sigma': 0.0, 'communication': 'none', 'stubborn_fraction': 0.0, 'stubborn_rs_scale': 0.25, 'stubborn_response_scale': 0.25, 'cohesion_scale': 1.0, 'initial_layout': 'compact', 'speed_scale': 1.0, 'failure_mode': 'none', 'failure_tick': -1, 'sensing_scale': 1.0, 'goal_mode': 'static', 'goal_velocity': [0.0, 0.0], 'latency': 0}",3.3833358440753893,1.0,10.0,176.0,509.1672871823466,0.1433792666435328,3.1900271966827285,2.263635493428808,10.92488360077546,3.1900271966827285,63.61608535201272,3.3833358440753893,123.21622990035598,63.61608535201272,0.6937782195276808,0.0,0.8923931333233435,0.6937782195276808,0.9655367231638416,0.6,1.0,0.9655367231638416,0.2768361581920904,0.0,5.0,0.2768361581920904,4.133212324861634,0.6256787575891357,39.8008547647904,4.133212324861634,3.6151460686993806,2.5278061478131058,12.61562271373407,3.6151460686993806,0.0276546205133079,0.0,0.1392511461062434,0.0276546205133079,1.0,1.0,1.0,1.0,0.2353507326038508,176.0,none,No failure (scenario success),[]
strombom_multi,drive_to_goal,paper,2029,strombom,collect_drive_multi,global,5,10,compact,10000,True,162,"{'world_width': 500.0, 'world_height': 500.0, 'goal_center': [370.0, 250.0], 'goal_radius': 4.743416490252569, 'max_ticks': 10000, 'measurement_radius': 5.0, 'n_sheep': 5, 'r_a': 2.0, 'r_s': 65.0, 'rs_weight': 1.0, 'n_neighbors': -1, 'c': 1.05, 'noise_strength': 0.3, 'sheep_speed': 1.0, 'inertia': 0.5, 'graze_move_prob': 0.05, 'collect_threshold_scale': 1.0, 'shepherd_speed': 1.5, 'shepherd_stop_multiple': 3.0, 'n_shepherds': 10, 'initial_spread': 30.0, 'shepherd_start_offset': 50.0, 'success_fraction': 1.0, 'sheep_model': 'strombom', 'dog_controller': 'collect_drive_multi', 'scenario_id': 'drive_to_goal', 'obs_mode': 'global', 'observation_frequency': 1, 'noise_sigma': 0.0, 'communication': 'none', 'stubborn_fraction': 0.0, 'stubborn_rs_scale': 0.25, 'stubborn_response_scale': 0.25, 'cohesion_scale': 1.0, 'initial_layout': 'compact', 'speed_scale': 1.0, 'failure_mode': 'none', 'failure_tick': -1, 'sensing_scale': 1.0, 'goal_mode': 'static', 'goal_velocity': [0.0, 0.0], 'latency': 0}",2.4603542144361303,1.0,5.0,162.0,1700.1552813126198,1.0807915535689574,2.269698019977772,1.4268500911073376,8.967113777422664,2.269698019977772,64.7255093075102,2.4603542144361303,121.69289431596494,64.7255093075102,0.7559861704691714,0.0,0.9731273306644328,0.7559861704691714,0.9570552147239264,0.4,1.0,0.9570552147239264,0.2147239263803681,0.0,3.0,0.2147239263803681,1.8333425397268508,0.0098145040339126,23.11505065819272,1.8333425397268508,2.510031802605513,1.5236382667966004,10.147491174324566,2.510031802605513,0.037582335200206,0.0,0.1651635560426335,0.037582335200206,1.0,1.0,1.0,1.0,0.0701303824492279,162.0,none,No failure (scenario success),[]
strombom_multi,drive_to_goal,paper,2030,strombom,collect_drive_multi,global,10,2,compact,10000,True,174,"{'world_width': 500.0, 'world_height': 500.0, 'goal_center': [370.0, 250.0], 'goal_radius': 6.7082039324993685, 'max_ticks': 10000, 'measurement_radius': 5.0, 'n_sheep': 10, 'r_a': 2.0, 'r_s': 65.0, 'rs_weight': 1.0, 'n_neighbors': -1, 'c': 1.05, 'noise_strength': 0.3, 'sheep_speed': 1.0, 'inertia': 0.5, 'graze_move_prob': 0.05, 'collect_threshold_scale': 1.0, 'shepherd_speed': 1.5, 'shepherd_stop_multiple': 3.0, 'n_shepherds': 2, 'initial_spread': 30.0, 'shepherd_start_offset': 50.0, 'success_fraction': 1.0, 'sheep_model': 'strombom', 'dog_controller': 'collect_drive_multi', 'scenario_id': 'drive_to_goal', 'obs_mode': 'global', 'observation_frequency': 1, 'noise_sigma': 0.0, 'communication': 'none', 'stubborn_fraction': 0.0, 'stubborn_rs_scale': 0.25, 'stubborn_response_scale': 0.25, 'cohesion_scale': 1.0, 'initial_layout': 'compact', 'speed_scale': 1.0, 'failure_mode': 'none', 'failure_tick': -1, 'sensing_scale': 1.0, 'goal_mode': 'static', 'goal_velocity': [0.0, 0.0], 'latency': 0}",3.2034269071610857,1.0,10.0,174.0,329.6704698689872,0.5922159713098556,3.680073333834384,2.1434324910039466,16.176649280945135,3.680073333834384,60.72589895780559,3.2034269071610857,119.12835006869136,60.72589895780559,0.6828147956275835,0.0,0.9193606120174864,0.6828147956275835,0.9097142857142856,0.1,1.0,0.9097142857142856,0.68,0.0,8.0,0.68,5.605671525381644,0.5257211930652124,46.52767889766695,5.605671525381644,4.118636808073102,2.408573952725106,17.555957987428933,4.118636808073102,0.0169725125864235,-2.220446049250313e-16,0.1958498581602943,0.0169725125864235,0.992,0.8,1.0,0.992,0.3516387840488092,174.0,none,No failure (scenario success),[]
strombom_multi,drive_to_goal,paper,2030,strombom,collect_drive_multi,global,10,3,compact,10000,True,170,"{'world_width': 500.0, 'world_height': 500.0, 'goal_center': [370.0, 250.0], 'goal_radius': 6.7082039324993685, 'max_ticks': 10000, 'measurement_radius': 5.0, 'n_sheep': 10, 'r_a': 2.0, 'r_s': 65.0, 'rs_weight': 1.0, 'n_neighbors': -1, 'c': 1.05, 'noise_strength': 0.3, 'sheep_speed': 1.0, 'inertia': 0.5, 'graze_move_prob': 0.05, 'collect_threshold_scale': 1.0, 'shepherd_speed': 1.5, 'shepherd_stop_multiple': 3.0, 'n_shepherds': 3, 'initial_spread': 30.0, 'shepherd_start_offset': 50.0, 'success_fraction': 1.0, 'sheep_model': 'strombom', 'dog_controller': 'collect_drive_multi', 'scenario_id': 'drive_to_goal', 'obs_mode': 'global', 'observation_frequency': 1, 'noise_sigma': 0.0, 'communication': 'none', 'stubborn_fraction': 0.0, 'stubborn_rs_scale': 0.25, 'stubborn_response_scale': 0.25, 'cohesion_scale': 1.0, 'initial_layout': 'compact', 'speed_scale': 1.0, 'failure_mode': 'none', 'failure_tick': -1, 'sensing_scale': 1.0, 'goal_mode': 'static', 'goal_velocity': [0.0, 0.0], 'latency': 0}",3.553735840004666,1.0,10.0,170.0,505.6540158826638,1.265056750265346,3.7833276613650777,2.0671906603918826,16.176649280945135,3.7833276613650777,61.81467200592512,3.553735840004666,119.12835006869136,61.81467200592512,0.7004527822084451,0.0,0.9185804909218726,0.7004527822084451,0.8853801169590644,0.1,1.0,0.8853801169590644,0.8187134502923976,0.0,8.0,0.8187134502923976,6.42545036366376,0.547689132858048,46.52767889766695,6.42545036366376,4.2642276620354975,2.2350629893833966,17.555957987428933,4.2642276620354975,0.0390597720537665,0.0,0.289795028170226,0.0390597720537665,0.991812865497076,0.8,1.0,0.991812865497076,0.2285646125581361,170.0,none,No failure (scenario success),[]
strombom_multi,drive_to_goal,paper,2029,strombom,collect_drive_multi,global,10,3,compact,10000,True,166,"{'world_width': 500.0, 'world_height': 500.0, 'goal_center': [370.0, 250.0], 'goal_radius': 6.7082039324993685, 'max_ticks': 10000, 'measurement_radius': 5.0, 'n_sheep': 10, 'r_a': 2.0, 'r_s': 65.0, 'rs_weight': 1.0, 'n_neighbors': -1, 'c': 1.05, 'noise_strength': 0.3, 'sheep_speed': 1.0, 'inertia': 0.5, 'graze_move_prob': 0.05, 'collect_threshold_scale': 1.0, 'shepherd_speed': 1.5, 'shepherd_stop_multiple': 3.0, 'n_shepherds': 3, 'initial_spread': 30.0, 'shepherd_start_offset': 50.0, 'success_fraction': 1.0, 'sheep_model': 'strombom', 'dog_controller': 'collect_drive_multi', 'scenario_id': 'drive_to_goal', 'obs_mode': 'global', 'observation_frequency': 1, 'noise_sigma': 0.0, 'communication': 'none', 'stubborn_fraction': 0.0, 'stubborn_rs_scale': 0.25, 'stubborn_response_scale': 0.25, 'cohesion_scale': 1.0, 'initial_layout': 'compact', 'speed_scale': 1.0, 'failure_mode': 'none', 'failure_tick': -1, 'sensing_scale': 1.0, 'goal_mode': 'static', 'goal_velocity': [0.0, 0.0], 'latency': 0}",2.658160230454145,1.0,10.0,166.0,501.5574191837087,0.2786518691037478,2.9859080144612644,2.0411587267604494,9.351147397616865,2.9859080144612644,62.30891855572644,2.658160230454145,120.03120500026316,62.30891855572644,0.7144614767712231,0.0,0.9138624528225964,0.7144614767712231,0.9622754491017964,0.4,1.0,0.9622754491017964,0.2754491017964072,0.0,5.0,0.2754491017964072,3.331954618409676,0.5950168150571242,33.15610500480288,3.331954618409676,3.3669864334569777,2.295964596039899,10.981805983387227,3.3669864334569777,0.03128559974545,0.0,0.3011997063659606,0.03128559974545,1.0,1.0,1.0,1.0,0.2340171638988716,166.0,none,No failure (scenario success),[]
strombom_multi,drive_to_goal,paper,2027,strombom,collect_drive_multi,global,10,3,compact,10000,True,178,"{'world_width': 500.0, 'world_height': 500.0, 'goal_center': [370.0, 250.0], 'goal_radius': 6.7082039324993685, 'max_ticks': 10000, 'measurement_radius': 5.0, 'n_sheep': 10, 'r_a': 2.0, 'r_s': 65.0, 'rs_weight': 1.0, 'n_neighbors': -1, 'c': 1.05, 'noise_strength': 0.3, 'sheep_speed': 1.0, 'inertia': 0.5, 'graze_move_prob': 0.05, 'collect_threshold_scale': 1.0, 'shepherd_speed': 1.5, 'shepherd_stop_multiple': 3.0, 'n_shepherds': 3, 'initial_spread': 30.0, 'shepherd_start_offset': 50.0, 'success_fraction': 1.0, 'sheep_model': 'strombom', 'dog_controller': 'collect_drive_multi', 'scenario_id': 'drive_to_goal', 'obs_mode': 'global', 'observation_frequency': 1, 'noise_sigma': 0.0, 'communication': 'none', 'stubborn_fraction': 0.0, 'stubborn_rs_scale': 0.25, 'stubborn_response_scale': 0.25, 'cohesion_scale': 1.0, 'initial_layout': 'compact', 'speed_scale': 1.0, 'failure_mode': 'none', 'failure_tick': -1, 'sensing_scale': 1.0, 'goal_mode': 'static', 'goal_velocity': [0.0, 0.0], 'latency': 0}",3.0898194007274395,1.0,10.0,178.0,500.5191632848722,1.2451236271366146,2.935156328322401,2.1783280577238893,8.645480173784993,2.935156328322401,63.2684931050638,3.0898194007274395,123.57945505459357,63.2684931050638,0.6875307709404683,0.0,0.9363362418566789,0.6875307709404683,0.9692737430167596,0.3,1.0,0.9692737430167596,0.1899441340782122,0.0,3.0,0.1899441340782122,3.032898565922301,0.6306854304236276,26.06579240661795,3.032898565922301,3.315415718947345,2.3942195594295077,9.737530789000802,3.315415718947345,0.0391524134682643,0.0,0.2957938291295052,0.0391524134682643,1.0,1.0,1.0,1.0,0.2407293156631628,178.0,none,No failure (scenario success),[]
strombom_multi,drive_to_goal,paper,2026,strombom,collect_drive_multi,global,10,4,compact,10000,True,171,"{'world_width': 500.0, 'world_height': 500.0, 'goal_center': [370.0, 250.0], 'goal_radius': 6.7082039324993685, 'max_ticks': 10000, 'measurement_radius': 5.0, 'n_sheep': 10, 'r_a': 2.0, 'r_s': 65.0, 'rs_weight': 1.0, 'n_neighbors': -1, 'c': 1.05, 'noise_strength': 0.3, 'sheep_speed': 1.0, 'inertia': 0.5, 'graze_move_prob': 0.05, 'collect_threshold_scale': 1.0, 'shepherd_speed': 1.5, 'shepherd_stop_multiple': 3.0, 'n_shepherds': 4, 'initial_spread': 30.0, 'shepherd_start_offset': 50.0, 'success_fraction': 1.0, 'sheep_model': 'strombom', 'dog_controller': 'collect_drive_multi', 'scenario_id': 'drive_to_goal', 'obs_mode': 'global', 'observation_frequency': 1, 'noise_sigma': 0.0, 'communication': 'none', 'stubborn_fraction': 0.0, 'stubborn_rs_scale': 0.25, 'stubborn_response_scale': 0.25, 'cohesion_scale': 1.0, 'initial_layout': 'compact', 'speed_scale': 1.0, 'failure_mode': 'none', 'failure_tick': -1, 'sensing_scale': 1.0, 'goal_mode': 'static', 'goal_velocity': [0.0, 0.0], 'latency': 0}",2.4179867446008245,1.0,10.0,171.0,675.833799715027,0.8206255939646219,2.9872625874892726,2.295341886118752,7.390508781172831,2.9872625874892726,64.26157531861391,2.4179867446008245,122.1138874752616,64.26157531861391,0.7076931556334475,0.0,0.924490656140825,0.7076931556334475,0.9703488372093022,0.5,1.0,0.9703488372093022,0.1627906976744186,0.0,3.0,0.1627906976744186,3.789913944611736,0.4625570105813705,27.0899907147382,3.789913944611736,3.467229509509979,2.488240627348957,9.015872685036566,3.467229509509979,0.0380791962058252,0.0,0.3373988155866388,0.0380791962058252,1.0,1.0,1.0,1.0,0.1771084855198599,171.0,none,No failure (scenario success),[]
strombom_multi,drive_to_goal,paper,2029,strombom,collect_drive_multi,global,10,4,compact,10000,True,168,"{'world_width': 500.0, 'world_height': 500.0, 'goal_center': [370.0, 250.0], 'goal_radius': 6.7082039324993685, 'max_ticks': 10000, 'measurement_radius': 5.0, 'n_sheep': 10, 'r_a': 2.0, 'r_s': 65.0, 'rs_weight': 1.0, 'n_neighbors': -1, 'c': 1.05, 'noise_strength': 0.3, 'sheep_speed': 1.0, 'inertia': 0.5, 'graze_move_prob': 0.05, 'collect_threshold_scale': 1.0, 'shepherd_speed': 1.5, 'shepherd_stop_multiple': 3.0, 'n_shepherds': 4, 'initial_spread': 30.0, 'shepherd_start_offset': 50.0, 'success_fraction': 1.0, 'sheep_model': 'strombom', 'dog_controller': 'collect_drive_multi', 'scenario_id': 'drive_to_goal', 'obs_mode': 'global', 'observation_frequency': 1, 'noise_sigma': 0.0, 'communication': 'none', 'stubborn_fraction': 0.0, 'stubborn_rs_scale': 0.25, 'stubborn_response_scale': 0.25, 'cohesion_scale': 1.0, 'initial_layout': 'compact', 'speed_scale': 1.0, 'failure_mode': 'none', 'failure_tick': -1, 'sensing_scale': 1.0, 'goal_mode': 'static', 'goal_velocity': [0.0, 0.0], 'latency': 0}",3.18606831279021,1.0,10.0,168.0,668.7847491004682,1.602741911546924,2.972641378450392,2.1458445331116374,9.351147397616865,2.972641378450392,61.99879274318324,3.18606831279021,120.03120500026316,61.99879274318324,0.7038589530292638,0.0,0.9109937319653206,0.7038589530292638,0.9627218934911242,0.4,1.0,0.9627218934911242,0.272189349112426,0.0,5.0,0.272189349112426,3.26844658430246,0.525524215018303,33.15610500480288,3.26844658430246,3.337054602948935,2.279119903407865,10.981805983387227,3.337054602948935,0.0384228660641804,0.0,0.1984893800788909,0.0384228660641804,1.0,1.0,1.0,1.0,0.1747126214295893,168.0,none,No failure (scenario success),[]
strombom_multi,drive_to_goal,paper,2030,strombom,collect_drive_multi,global,10,4,compact,10000,True,169,"{'world_width': 500.0, 'world_height': 500.0, 'goal_center': [370.0, 250.0], 'goal_radius': 6.7082039324993685, 'max_ticks': 10000, 'measurement_radius': 5.0, 'n_sheep': 10, 'r_a': 2.0, 'r_s': 65.0, 'rs_weight': 1.0, 'n_neighbors': -1, 'c': 1.05, 'noise_strength': 0.3, 'sheep_speed': 1.0, 'inertia': 0.5, 'graze_move_prob': 0.05, 'collect_threshold_scale': 1.0, 'shepherd_speed': 1.5, 'shepherd_stop_multiple': 3.0, 'n_shepherds': 4, 'initial_spread': 30.0, 'shepherd_start_offset': 50.0, 'success_fraction': 1.0, 'sheep_model': 'strombom', 'dog_controller': 'collect_drive_multi', 'scenario_id': 'drive_to_goal', 'obs_mode': 'global', 'observation_frequency': 1, 'noise_sigma': 0.0, 'communication': 'none', 'stubborn_fraction': 0.0, 'stubborn_rs_scale': 0.25, 'stubborn_response_scale': 0.25, 'cohesion_scale': 1.0, 'initial_layout': 'compact', 'speed_scale': 1.0, 'failure_mode': 'none', 'failure_tick': -1, 'sensing_scale': 1.0, 'goal_mode': 'static', 'goal_velocity': [0.0, 0.0], 'latency': 0}",3.6199567870087215,1.0,10.0,169.0,676.1758132117108,0.7906770068711626,3.657828017053893,2.1112772096581045,16.176649280945135,3.657828017053893,61.34139993208008,3.6199567870087215,119.12835006869136,61.34139993208008,0.6961710972554691,0.0,0.929015736773256,0.6961710972554691,0.9076470588235296,0.1,1.0,0.9076470588235296,0.7058823529411765,0.0,8.0,0.7058823529411765,5.5176692357182215,0.5843530801618202,46.52767889766695,5.5176692357182215,4.100183357152433,2.3205205737414683,17.555957987428933,4.100183357152433,0.0460629420677392,0.0,0.2020010488621189,0.0460629420677392,0.9929411764705884,0.8,1.0,0.9929411764705884,0.1708259760624075,169.0,none,No failure (scenario success),[]
strombom_multi,drive_to_goal,paper,2028,strombom,collect_drive_multi,global,10,4,compact,10000,True,173,"{'world_width': 500.0, 'world_height': 500.0, 'goal_center': [370.0, 250.0], 'goal_radius': 6.7082039324993685, 'max_ticks': 10000, 'measurement_radius': 5.0, 'n_sheep': 10, 'r_a': 2.0, 'r_s': 65.0, 'rs_weight': 1.0, 'n_neighbors': -1, 'c': 1.05, 'noise_strength': 0.3, 'sheep_speed': 1.0, 'inertia': 0.5, 'graze_move_prob': 0.05, 'collect_threshold_scale': 1.0, 'shepherd_speed': 1.5, 'shepherd_stop_multiple': 3.0, 'n_shepherds': 4, 'initial_spread': 30.0, 'shepherd_start_offset': 50.0, 'success_fraction': 1.0, 'sheep_model': 'strombom', 'dog_controller': 'collect_drive_multi', 'scenario_id': 'drive_to_goal', 'obs_mode': 'global', 'observation_frequency': 1, 'noise_sigma': 0.0, 'communication': 'none', 'stubborn_fraction': 0.0, 'stubborn_rs_scale': 0.25, 'stubborn_response_scale': 0.25, 'cohesion_scale': 1.0, 'initial_layout': 'compact', 'speed_scale': 1.0, 'failure_mode': 'none', 'failure_tick': -1, 'sensing_scale': 1.0, 'goal_mode': 'static', 'goal_velocity': [0.0, 0.0], 'latency': 0}",2.730644220309286,1.0,10.0,173.0,676.4253866313207,1.3433946202115472,3.072307403096645,2.1856875337203268,10.92488360077546,3.072307403096645,63.46817015445597,2.730644220309286,123.21622990035598,63.46817015445597,0.7066125602376295,0.0,0.9475684236484582,0.7066125602376295,0.9683908045977012,0.6,1.0,0.9683908045977012,0.2816091954022988,0.0,5.0,0.2816091954022988,3.954997745183918,0.5904827720195533,39.8008547647904,3.954997745183918,3.466474910947615,2.4167883553971934,12.61562271373407,3.466474910947615,0.0409447469596005,0.0,0.2500169359905301,0.0409447469596005,1.0,1.0,1.0,1.0,0.1781210286622731,173.0,none,No failure (scenario success),[]
strombom_multi,drive_to_goal,paper,2027,strombom,collect_drive_multi,global,10,6,compact,10000,True,172,"{'world_width': 500.0, 'world_height': 500.0, 'goal_center': [370.0, 250.0], 'goal_radius': 6.7082039324993685, 'max_ticks': 10000, 'measurement_radius': 5.0, 'n_sheep': 10, 'r_a': 2.0, 'r_s': 65.0, 'rs_weight': 1.0, 'n_neighbors': -1, 'c': 1.05, 'noise_strength': 0.3, 'sheep_speed': 1.0, 'inertia': 0.5, 'graze_move_prob': 0.05, 'collect_threshold_scale': 1.0, 'shepherd_speed': 1.5, 'shepherd_stop_multiple': 3.0, 'n_shepherds': 6, 'initial_spread': 30.0, 'shepherd_start_offset': 50.0, 'success_fraction': 1.0, 'sheep_model': 'strombom', 'dog_controller': 'collect_drive_multi', 'scenario_id': 'drive_to_goal', 'obs_mode': 'global', 'observation_frequency': 1, 'noise_sigma': 0.0, 'communication': 'none', 'stubborn_fraction': 0.0, 'stubborn_rs_scale': 0.25, 'stubborn_response_scale': 0.25, 'cohesion_scale': 1.0, 'initial_layout': 'compact', 'speed_scale': 1.0, 'failure_mode': 'none', 'failure_tick': -1, 'sensing_scale': 1.0, 'goal_mode': 'static', 'goal_velocity': [0.0, 0.0], 'latency': 0}",3.9072923999995526,1.0,10.0,172.0,1009.4046303113662,0.6429836023101656,3.161576959885098,2.1521080302051736,8.645480173784993,3.161576959885098,61.90089646627392,3.9072923999995526,123.57945505459357,61.90089646627392,0.7012251117987934,0.0,0.9237665775360804,0.7012251117987934,0.9421965317919077,0.3,1.0,0.9421965317919077,0.4913294797687861,0.0,3.0,0.4913294797687861,5.506908295609435,0.5899185027761462,28.33349856997341,5.506908295609435,3.7504734741721992,2.3607242868753167,9.737530789000802,3.7504734741721992,0.0555316403924747,0.0,0.5563928494802888,0.0555316403924747,1.0,1.0,1.0,1.0,0.1185571762412852,172.0,none,No failure (scenario success),[]
strombom_multi,drive_to_goal,paper,2028,strombom,collect_drive_multi,global,10,6,compact,10000,True,173,"{'world_width': 500.0, 'world_height': 500.0, 'goal_center': [370.0, 250.0], 'goal_radius': 6.7082039324993685, 'max_ticks': 10000, 'measurement_radius': 5.0, 'n_sheep': 10, 'r_a': 2.0, 'r_s': 65.0, 'rs_weight': 1.0, 'n_neighbors': -1, 'c': 1.05, 'noise_strength': 0.3, 'sheep_speed': 1.0, 'inertia': 0.5, 'graze_move_prob': 0.05, 'collect_threshold_scale': 1.0, 'shepherd_speed': 1.5, 'shepherd_stop_multiple': 3.0, 'n_shepherds': 6, 'initial_spread': 30.0, 'shepherd_start_offset': 50.0, 'success_fraction': 1.0, 'sheep_model': 'strombom', 'dog_controller': 'collect_drive_multi', 'scenario_id': 'drive_to_goal', 'obs_mode': 'global', 'observation_frequency': 1, 'noise_sigma': 0.0, 'communication': 'none', 'stubborn_fraction': 0.0, 'stubborn_rs_scale': 0.25, 'stubborn_response_scale': 0.25, 'cohesion_scale': 1.0, 'initial_layout': 'compact', 'speed_scale': 1.0, 'failure_mode': 'none', 'failure_tick': -1, 'sensing_scale': 1.0, 'goal_mode': 'static', 'goal_velocity': [0.0, 0.0], 'latency': 0}",2.79010086892348,1.0,10.0,173.0,1009.8637395957736,0.7496069696745937,3.0471274787886333,2.082870635164714,10.92488360077546,3.0471274787886333,63.31353470745562,2.79010086892348,123.21622990035598,63.31353470745562,0.7066276825804736,0.0,0.8929327002748081,0.7066276825804736,0.9678160919540232,0.6,1.0,0.9678160919540232,0.293103448275862,0.0,5.0,0.293103448275862,4.074326255576613,0.4259783934415033,39.8008547647904,4.074326255576613,3.446885221378724,2.2716505795738064,12.61562271373407,3.446885221378724,0.0398633579868266,0.0,0.1907204007250834,0.0398633579868266,1.0,1.0,1.0,1.0,0.1192498792754322,173.0,none,No failure (scenario success),[]
strombom_multi,drive_to_goal,paper,2029,strombom,collect_drive_multi,global,10,6,compact,10000,True,168,"{'world_width': 500.0, 'world_height': 500.0, 'goal_center': [370.0, 250.0], 'goal_radius': 6.7082039324993685, 'max_ticks': 10000, 'measurement_radius': 5.0, 'n_sheep': 10, 'r_a': 2.0, 'r_s': 65.0, 'rs_weight': 1.0, 'n_neighbors': -1, 'c': 1.05, 'noise_strength': 0.3, 'sheep_speed': 1.0, 'inertia': 0.5, 'graze_move_prob': 0.05, 'collect_threshold_scale': 1.0, 'shepherd_speed': 1.5, 'shepherd_stop_multiple': 3.0, 'n_shepherds': 6, 'initial_spread': 30.0, 'shepherd_start_offset': 50.0, 'success_fraction': 1.0, 'sheep_model': 'strombom', 'dog_controller': 'collect_drive_multi', 'scenario_id': 'drive_to_goal', 'obs_mode': 'global', 'observation_frequency': 1, 'noise_sigma': 0.0, 'communication': 'none', 'stubborn_fraction': 0.0, 'stubborn_rs_scale': 0.25, 'stubborn_response_scale': 0.25, 'cohesion_scale': 1.0, 'initial_layout': 'compact', 'speed_scale': 1.0, 'failure_mode': 'none', 'failure_tick': -1, 'sensing_scale': 1.0, 'goal_mode': 'static', 'goal_velocity': [0.0, 0.0], 'latency': 0}",1.8450737952929208,1.0,10.0,168.0,1003.79520436518,1.2140891356046783,3.0179314949991016,2.1782383026342185,9.351147397616865,3.0179314949991016,61.21296336488337,1.8450737952929208,120.03120500026316,61.21296336488337,0.7132450356921,0.0,0.8827447616028845,0.7132450356921,0.9568047337278106,0.4,1.0,0.9568047337278106,0.2366863905325443,0.0,5.0,0.2366863905325443,3.4468273684447364,0.4606754812665349,33.15610500480288,3.4468273684447364,3.425244016598796,2.4647322194135364,10.981805983387227,3.425244016598796,0.0350261945470541,0.0,0.1783707100693544,0.0350261945470541,1.0,1.0,1.0,1.0,0.1177392865506998,168.0,none,No failure (scenario success),[]
strombom_multi,drive_to_goal,paper,2026,strombom,collect_drive_multi,global,10,6,compact,10000,True,171,"{'world_width': 500.0, 'world_height': 500.0, 'goal_center': [370.0, 250.0], 'goal_radius': 6.7082039324993685, 'max_ticks': 10000, 'measurement_radius': 5.0, 'n_sheep': 10, 'r_a': 2.0, 'r_s': 65.0, 'rs_weight': 1.0, 'n_neighbors': -1, 'c': 1.05, 'noise_strength': 0.3, 'sheep_speed': 1.0, 'inertia': 0.5, 'graze_move_prob': 0.05, 'collect_threshold_scale': 1.0, 'shepherd_speed': 1.5, 'shepherd_stop_multiple': 3.0, 'n_shepherds': 6, 'initial_spread': 30.0, 'shepherd_start_offset': 50.0, 'success_fraction': 1.0, 'sheep_model': 'strombom', 'dog_controller': 'collect_drive_multi', 'scenario_id': 'drive_to_goal', 'obs_mode': 'global', 'observation_frequency': 1, 'noise_sigma': 0.0, 'communication': 'none', 'stubborn_fraction': 0.0, 'stubborn_rs_scale': 0.25, 'stubborn_response_scale': 0.25, 'cohesion_scale': 1.0, 'initial_layout': 'compact', 'speed_scale': 1.0, 'failure_mode': 'none', 'failure_tick': -1, 'sensing_scale': 1.0, 'goal_mode': 'static', 'goal_velocity': [0.0, 0.0], 'latency': 0}",3.086404881708627,1.0,10.0,171.0,1006.0107737724028,1.0359857564098949,2.8985724407245894,2.1752361646834,7.390508781172831,2.8985724407245894,62.29348300534364,3.086404881708627,122.1138874752616,62.29348300534364,0.7047570735101831,0.0,0.924576981529122,0.7047570735101831,0.9674418604651164,0.5,1.0,0.9674418604651164,0.1744186046511628,0.0,3.0,0.1744186046511628,3.6453604317557846,0.5890976472506776,26.666340228195736,3.6453604317557846,3.3652479141760687,2.3298338810861523,9.015872685036566,3.3652479141760687,0.0402720811927072,0.0,0.1691555974063027,0.0402720811927072,1.0,1.0,1.0,1.0,0.1183163100204346,171.0,none,No failure (scenario success),[]
strombom_multi,drive_to_goal,paper,2026,strombom,collect_drive_multi,global,10,3,compact,10000,True,172,"{'world_width': 500.0, 'world_height': 500.0, 'goal_center': [370.0, 250.0], 'goal_radius': 6.7082039324993685, 'max_ticks': 10000, 'measurement_radius': 5.0, 'n_sheep': 10, 'r_a': 2.0, 'r_s': 65.0, 'rs_weight': 1.0, 'n_neighbors': -1, 'c': 1.05, 'noise_strength': 0.3, 'sheep_speed': 1.0, 'inertia': 0.5, 'graze_move_prob': 0.05, 'collect_threshold_scale': 1.0, 'shepherd_speed': 1.5, 'shepherd_stop_multiple': 3.0, 'n_shepherds': 3, 'initial_spread': 30.0, 'shepherd_start_offset': 50.0, 'success_fraction': 1.0, 'sheep_model': 'strombom', 'dog_controller': 'collect_drive_multi', 'scenario_id': 'drive_to_goal', 'obs_mode': 'global', 'observation_frequency': 1, 'noise_sigma': 0.0, 'communication': 'none', 'stubborn_fraction': 0.0, 'stubborn_rs_scale': 0.25, 'stubborn_response_scale': 0.25, 'cohesion_scale': 1.0, 'initial_layout': 'compact', 'speed_scale': 1.0, 'failure_mode': 'none', 'failure_tick': -1, 'sensing_scale': 1.0, 'goal_mode': 'static', 'goal_velocity': [0.0, 0.0], 'latency': 0}",2.677831171181053,1.0,10.0,172.0,500.8559060707103,1.008152193642928,2.839739259849551,2.015989668927634,7.390508781172831,2.839739259849551,63.73727650634723,2.677831171181053,122.1138874752616,63.73727650634723,0.7018381999386107,0.0,0.9403227571101702,0.7018381999386107,0.9757225433526012,0.5,1.0,0.9757225433526012,0.1618497109826589,0.0,3.0,0.1618497109826589,3.3369744478038665,0.5787921867748815,27.220722274678536,3.3369744478038665,3.2646562509867074,2.275879318266709,9.015872685036566,3.2646562509867074,0.031944506190538,0.0,0.1642186065091325,0.031944506190538,1.0,1.0,1.0,1.0,0.2384639071965315,172.0,none,No failure (scenario success),[]
strombom_multi,drive_to_goal,paper,2026,strombom,collect_drive_multi,global,10,10,compact,10000,True,173,"{'world_width': 500.0, 'world_height': 500.0, 'goal_center': [370.0, 250.0], 'goal_radius': 6.7082039324993685, 'max_ticks': 10000, 'measurement_radius': 5.0, 'n_sheep': 10, 'r_a': 2.0, 'r_s': 65.0, 'rs_weight': 1.0, 'n_neighbors': -1, 'c': 1.05, 'noise_strength': 0.3, 'sheep_speed': 1.0, 'inertia': 0.5, 'graze_move_prob': 0.05, 'collect_threshold_scale': 1.0, 'shepherd_speed': 1.5, 'shepherd_stop_multiple': 3.0, 'n_shepherds': 10, 'initial_spread': 30.0, 'shepherd_start_offset': 50.0, 'success_fraction': 1.0, 'sheep_model': 'strombom', 'dog_controller': 'collect_drive_multi', 'scenario_id': 'drive_to_goal', 'obs_mode': 'global', 'observation_frequency': 1, 'noise_sigma': 0.0, 'communication': 'none', 'stubborn_fraction': 0.0, 'stubborn_rs_scale': 0.25, 'stubborn_response_scale': 0.25, 'cohesion_scale': 1.0, 'initial_layout': 'compact', 'speed_scale': 1.0, 'failure_mode': 'none', 'failure_tick': -1, 'sensing_scale': 1.0, 'goal_mode': 'static', 'goal_velocity': [0.0, 0.0], 'latency': 0}",2.8913452679716496,1.0,10.0,173.0,1669.120689172938,1.2839490887137532,2.843040991085476,2.18160920244251,7.390508781172831,2.843040991085476,64.27101005024414,2.8913452679716496,122.1138874752616,64.27101005024414,0.6975688288672077,0.0,0.922156199836077,0.6975688288672077,0.9758620689655172,0.5,1.0,0.9758620689655172,0.1666666666666666,0.0,3.0,0.1666666666666666,3.3655507143003254,0.5364265774551236,27.415158172348487,3.3655507143003254,3.2668564736874925,2.3851187670067358,9.015872685036566,3.2668564736874925,0.0444421033664983,0.0,0.1387945997864254,0.0444421033664983,1.0,1.0,1.0,1.0,0.0714283532524934,173.0,none,No failure (scenario success),[]
strombom_multi,drive_to_goal,paper,2027,strombom,collect_drive_multi,global,10,10,compact,10000,True,176,"{'world_width': 500.0, 'world_height': 500.0, 'goal_center': [370.0, 250.0], 'goal_radius': 6.7082039324993685, 'max_ticks': 10000, 'measurement_radius': 5.0, 'n_sheep': 10, 'r_a': 2.0, 'r_s': 65.0, 'rs_weight': 1.0, 'n_neighbors': -1, 'c': 1.05, 'noise_strength': 0.3, 'sheep_speed': 1.0, 'inertia': 0.5, 'graze_move_prob': 0.05, 'collect_threshold_scale': 1.0, 'shepherd_speed': 1.5, 'shepherd_stop_multiple': 3.0, 'n_shepherds': 10, 'initial_spread': 30.0, 'shepherd_start_offset': 50.0, 'success_fraction': 1.0, 'sheep_model': 'strombom', 'dog_controller': 'collect_drive_multi', 'scenario_id': 'drive_to_goal', 'obs_mode': 'global', 'observation_frequency': 1, 'noise_sigma': 0.0, 'communication': 'none', 'stubborn_fraction': 0.0, 'stubborn_rs_scale': 0.25, 'stubborn_response_scale': 0.25, 'cohesion_scale': 1.0, 'initial_layout': 'compact', 'speed_scale': 1.0, 'failure_mode': 'none', 'failure_tick': -1, 'sensing_scale': 1.0, 'goal_mode': 'static', 'goal_velocity': [0.0, 0.0], 'latency': 0}",3.0530646887486177,1.0,10.0,176.0,1652.887647538436,1.4632604075308666,2.9096956139042844,2.1250986183926424,8.645480173784993,2.9096956139042844,62.56789435169032,3.0530646887486177,123.57945505459357,62.56789435169032,0.6949377206104118,0.0,0.9251668608543,0.6949377206104118,0.9694915254237289,0.3,1.0,0.9694915254237289,0.1807909604519774,0.0,3.0,0.1807909604519774,2.626316073569659,0.5502258120634707,20.075178431429183,2.626316073569659,3.2517730857927925,2.300972150766428,9.737530789000802,3.2517730857927925,0.0511858638539872,0.0,0.2716188749267535,0.0511858638539872,1.0,1.0,1.0,1.0,0.0729186829760262,176.0,none,No failure (scenario success),[]
strombom_multi,drive_to_goal,paper,2030,strombom,collect_drive_multi,global,10,6,compact,10000,True,169,"{'world_width': 500.0, 'world_height': 500.0, 'goal_center': [370.0, 250.0], 'goal_radius': 6.7082039324993685, 'max_ticks': 10000, 'measurement_radius': 5.0, 'n_sheep': 10, 'r_a': 2.0, 'r_s': 65.0, 'rs_weight': 1.0, 'n_neighbors': -1, 'c': 1.05, 'noise_strength': 0.3, 'sheep_speed': 1.0, 'inertia': 0.5, 'graze_move_prob': 0.05, 'collect_threshold_scale': 1.0, 'shepherd_speed': 1.5, 'shepherd_stop_multiple': 3.0, 'n_shepherds': 6, 'initial_spread': 30.0, 'shepherd_start_offset': 50.0, 'success_fraction': 1.0, 'sheep_model': 'strombom', 'dog_controller': 'collect_drive_multi', 'scenario_id': 'drive_to_goal', 'obs_mode': 'global', 'observation_frequency': 1, 'noise_sigma': 0.0, 'communication': 'none', 'stubborn_fraction': 0.0, 'stubborn_rs_scale': 0.25, 'stubborn_response_scale': 0.25, 'cohesion_scale': 1.0, 'initial_layout': 'compact', 'speed_scale': 1.0, 'failure_mode': 'none', 'failure_tick': -1, 'sensing_scale': 1.0, 'goal_mode': 'static', 'goal_velocity': [0.0, 0.0], 'latency': 0}",2.9866200577962285,1.0,10.0,169.0,1012.3836326292156,1.3319571546931417,3.77556923818056,2.0880507230153382,16.176649280945135,3.77556923818056,61.533068220403926,2.9866200577962285,119.12835006869136,61.533068220403926,0.7045342076809866,0.0,0.9271017666632876,0.7045342076809866,0.8935294117647059,0.1,1.0,0.8935294117647059,0.7470588235294118,0.0,8.0,0.7470588235294118,5.955930004187184,0.6650497569748217,46.52767889766695,5.955930004187184,4.226031693829039,2.2637615722757487,17.555957987428933,4.226031693829039,0.0394329795217573,0.0,0.1728727619023494,0.0394329795217573,0.9917647058823532,0.8,1.0,0.9917647058823532,0.1147210664689122,169.0,none,No failure (scenario success),[]
strombom_multi,drive_to_goal,paper,2028,strombom,collect_drive_multi,global,10,10,compact,10000,True,170,"{'world_width': 500.0, 'world_height': 500.0, 'goal_center': [370.0, 250.0], 'goal_radius': 6.7082039324993685, 'max_ticks': 10000, 'measurement_radius': 5.0, 'n_sheep': 10, 'r_a': 2.0, 'r_s': 65.0, 'rs_weight': 1.0, 'n_neighbors': -1, 'c': 1.05, 'noise_strength': 0.3, 'sheep_speed': 1.0, 'inertia': 0.5, 'graze_move_prob': 0.05, 'collect_threshold_scale': 1.0, 'shepherd_speed': 1.5, 'shepherd_stop_multiple': 3.0, 'n_shepherds': 10, 'initial_spread': 30.0, 'shepherd_start_offset': 50.0, 'success_fraction': 1.0, 'sheep_model': 'strombom', 'dog_controller': 'collect_drive_multi', 'scenario_id': 'drive_to_goal', 'obs_mode': 'global', 'observation_frequency': 1, 'noise_sigma': 0.0, 'communication': 'none', 'stubborn_fraction': 0.0, 'stubborn_rs_scale': 0.25, 'stubborn_response_scale': 0.25, 'cohesion_scale': 1.0, 'initial_layout': 'compact', 'speed_scale': 1.0, 'failure_mode': 'none', 'failure_tick': -1, 'sensing_scale': 1.0, 'goal_mode': 'static', 'goal_velocity': [0.0, 0.0], 'latency': 0}",2.624841633184886,1.0,10.0,170.0,1685.3030257202208,1.0087182887037105,3.146342744758863,2.130178149958704,10.92488360077546,3.146342744758863,63.65282388655782,2.624841633184886,123.21622990035598,63.65282388655782,0.7180854122078659,0.0,0.9220070472001902,0.7180854122078659,0.9654970760233916,0.6,1.0,0.9654970760233916,0.2982456140350877,0.0,5.0,0.2982456140350877,4.255058046235296,0.6308800090868955,39.8008547647904,4.255058046235296,3.568588628889516,2.3494073401204174,12.61562271373407,3.568588628889516,0.0441884841533467,0.0,0.2395827048961575,0.0441884841533467,1.0,1.0,1.0,1.0,0.0715547212737222,170.0,none,No failure (scenario success),[]
strombom_multi,drive_to_goal,paper,2027,strombom,collect_drive_multi,global,10,4,compact,10000,True,174,"{'world_width': 500.0, 'world_height': 500.0, 'goal_center': [370.0, 250.0], 'goal_radius': 6.7082039324993685, 'max_ticks': 10000, 'measurement_radius': 5.0, 'n_sheep': 10, 'r_a': 2.0, 'r_s': 65.0, 'rs_weight': 1.0, 'n_neighbors': -1, 'c': 1.05, 'noise_strength': 0.3, 'sheep_speed': 1.0, 'inertia': 0.5, 'graze_move_prob': 0.05, 'collect_threshold_scale': 1.0, 'shepherd_speed': 1.5, 'shepherd_stop_multiple': 3.0, 'n_shepherds': 4, 'initial_spread': 30.0, 'shepherd_start_offset': 50.0, 'success_fraction': 1.0, 'sheep_model': 'strombom', 'dog_controller': 'collect_drive_multi', 'scenario_id': 'drive_to_goal', 'obs_mode': 'global', 'observation_frequency': 1, 'noise_sigma': 0.0, 'communication': 'none', 'stubborn_fraction': 0.0, 'stubborn_rs_scale': 0.25, 'stubborn_response_scale': 0.25, 'cohesion_scale': 1.0, 'initial_layout': 'compact', 'speed_scale': 1.0, 'failure_mode': 'none', 'failure_tick': -1, 'sensing_scale': 1.0, 'goal_mode': 'static', 'goal_velocity': [0.0, 0.0], 'latency': 0}",3.617004297419955,1.0,10.0,174.0,672.3749728911903,0.8479010110283894,2.929107926388567,2.1723712690953207,8.645480173784993,2.929107926388567,62.7298054852964,3.617004297419955,123.57945505459357,62.7298054852964,0.7004423568706946,0.0,0.912499341061449,0.7004423568706946,0.9628571428571427,0.3,1.0,0.9628571428571427,0.1771428571428571,0.0,3.0,0.1771428571428571,2.924055743698019,0.4531993357124636,20.075178431429183,2.924055743698019,3.308849972509115,2.4188430354344472,9.737530789000802,3.308849972509115,0.0410666396691124,0.0,0.1471819844974858,0.0410666396691124,1.0,1.0,1.0,1.0,0.1784159964213703,174.0,none,No failure (scenario success),[]
strombom_multi,drive_to_goal,paper,2029,strombom,collect_drive_multi,global,10,10,compact,10000,True,159,"{'world_width': 500.0, 'world_height': 500.0, 'goal_center': [370.0, 250.0], 'goal_radius': 6.7082039324993685, 'max_ticks': 10000, 'measurement_radius': 5.0, 'n_sheep': 10, 'r_a': 2.0, 'r_s': 65.0, 'rs_weight': 1.0, 'n_neighbors': -1, 'c': 1.05, 'noise_strength': 0.3, 'sheep_speed': 1.0, 'inertia': 0.5, 'graze_move_prob': 0.05, 'collect_threshold_scale': 1.0, 'shepherd_speed': 1.5, 'shepherd_stop_multiple': 3.0, 'n_shepherds': 10, 'initial_spread': 30.0, 'shepherd_start_offset': 50.0, 'success_fraction': 1.0, 'sheep_model': 'strombom', 'dog_controller': 'collect_drive_multi', 'scenario_id': 'drive_to_goal', 'obs_mode': 'global', 'observation_frequency': 1, 'noise_sigma': 0.0, 'communication': 'none', 'stubborn_fraction': 0.0, 'stubborn_rs_scale': 0.25, 'stubborn_response_scale': 0.25, 'cohesion_scale': 1.0, 'initial_layout': 'compact', 'speed_scale': 1.0, 'failure_mode': 'none', 'failure_tick': -1, 'sensing_scale': 1.0, 'goal_mode': 'static', 'goal_velocity': [0.0, 0.0], 'latency': 0}",3.5850711704291216,1.0,10.0,159.0,1658.7836727650133,1.2904526681925244,3.323506098410939,2.257232031535032,9.351147397616865,3.323506098410939,61.26177040997745,3.5850711704291216,120.03120500026316,61.26177040997745,0.7375439272408248,0.0,0.9513092572915608,0.7375439272408248,0.9325,0.4,1.0,0.9325,0.43125,0.0,5.0,0.43125,4.880420778789339,0.8041130140389592,33.15610500480288,4.880420778789339,3.832714948928505,2.4796235567007097,10.981805983387227,3.832714948928505,0.0460354448034477,0.0,0.1836111793306672,0.0460354448034477,1.0,1.0,1.0,1.0,0.0701997106323882,159.0,none,No failure (scenario success),[]
strombom_multi,drive_to_goal,paper,2026,strombom,collect_drive_multi,global,25,1,compact,10000,True,184,"{'world_width': 500.0, 'world_height': 500.0, 'goal_center': [370.0, 250.0], 'goal_radius': 10.606601717798213, 'max_ticks': 10000, 'measurement_radius': 5.0, 'n_sheep': 25, 'r_a': 2.0, 'r_s': 65.0, 'rs_weight': 1.0, 'n_neighbors': -1, 'c': 1.05, 'noise_strength': 0.3, 'sheep_speed': 1.0, 'inertia': 0.5, 'graze_move_prob': 0.05, 'collect_threshold_scale': 1.0, 'shepherd_speed': 1.5, 'shepherd_stop_multiple': 3.0, 'n_shepherds': 1, 'initial_spread': 30.0, 'shepherd_start_offset': 50.0, 'success_fraction': 1.0, 'sheep_model': 'strombom', 'dog_controller': 'collect_drive_multi', 'scenario_id': 'drive_to_goal', 'obs_mode': 'global', 'observation_frequency': 1, 'noise_sigma': 0.0, 'communication': 'none', 'stubborn_fraction': 0.0, 'stubborn_rs_scale': 0.25, 'stubborn_response_scale': 0.25, 'cohesion_scale': 1.0, 'initial_layout': 'compact', 'speed_scale': 1.0, 'failure_mode': 'none', 'failure_tick': -1, 'sensing_scale': 1.0, 'goal_mode': 'static', 'goal_velocity': [0.0, 0.0], 'latency': 0}",4.208781219454537,1.0,25.0,184.0,161.99999999999994,0.2797719336062131,4.324005454547231,3.238695812252197,10.457356904511927,4.324005454547231,61.55653011210641,4.208781219454537,120.38988384793788,61.55653011210641,0.6435746634986541,0.0,0.8032501878479227,0.6435746634986541,0.9736216216216216,0.4,1.0,0.9736216216216216,0.2108108108108108,0.0,3.0,0.2108108108108108,7.52023905690792,2.2978305711049614,44.0317075771251,7.52023905690792,4.99736120769488,3.639879895855025,12.384991764448952,4.99736120769488,2.220446049250313e-17,0.0,2.220446049250313e-16,2.220446049250313e-17,0.9936936936936938,0.8333333333333334,1.0,0.9936936936936938,0.7171673001758234,184.0,none,No failure (scenario success),[]
strombom_multi,drive_to_goal,paper,2027,strombom,collect_drive_multi,global,25,1,compact,10000,True,175,"{'world_width': 500.0, 'world_height': 500.0, 'goal_center': [370.0, 250.0], 'goal_radius': 10.606601717798213, 'max_ticks': 10000, 'measurement_radius': 5.0, 'n_sheep': 25, 'r_a': 2.0, 'r_s': 65.0, 'rs_weight': 1.0, 'n_neighbors': -1, 'c': 1.05, 'noise_strength': 0.3, 'sheep_speed': 1.0, 'inertia': 0.5, 'graze_move_prob': 0.05, 'collect_threshold_scale': 1.0, 'shepherd_speed': 1.5, 'shepherd_stop_multiple': 3.0, 'n_shepherds': 1, 'initial_spread': 30.0, 'shepherd_start_offset': 50.0, 'success_fraction': 1.0, 'sheep_model': 'strombom', 'dog_controller': 'collect_drive_multi', 'scenario_id': 'drive_to_goal', 'obs_mode': 'global', 'observation_frequency': 1, 'noise_sigma': 0.0, 'communication': 'none', 'stubborn_fraction': 0.0, 'stubborn_rs_scale': 0.25, 'stubborn_response_scale': 0.25, 'cohesion_scale': 1.0, 'initial_layout': 'compact', 'speed_scale': 1.0, 'failure_mode': 'none', 'failure_tick': -1, 'sensing_scale': 1.0, 'goal_mode': 'static', 'goal_velocity': [0.0, 0.0], 'latency': 0}",5.316653259761608,1.0,25.0,175.0,152.9999999999999,0.697651664576539,4.621233679195826,3.3850120067798093,12.354373707550575,4.621233679195826,61.587002484339344,5.316653259761608,118.19085813421464,61.587002484339344,0.6501480122975478,0.0,0.8188509895119357,0.6501480122975478,0.9445454545454546,0.24,1.0,0.9445454545454546,0.3011363636363636,0.0,7.0,0.3011363636363636,7.443039406611976,2.6913007821976818,30.85522741911401,7.443039406611976,5.275457316686222,3.7615963457342354,13.506997018272722,5.275457316686222,2.0816681711721685e-17,-2.220446049250313e-16,1.1102230246251563e-16,2.0816681711721685e-17,0.9971590909090908,0.75,1.0,0.9971590909090908,0.7377399011402164,175.0,none,No failure (scenario success),[]
strombom_multi,drive_to_goal,paper,2029,strombom,collect_drive_multi,global,25,1,compact,10000,True,187,"{'world_width': 500.0, 'world_height': 500.0, 'goal_center': [370.0, 250.0], 'goal_radius': 10.606601717798213, 'max_ticks': 10000, 'measurement_radius': 5.0, 'n_sheep': 25, 'r_a': 2.0, 'r_s': 65.0, 'rs_weight': 1.0, 'n_neighbors': -1, 'c': 1.05, 'noise_strength': 0.3, 'sheep_speed': 1.0, 'inertia': 0.5, 'graze_move_prob': 0.05, 'collect_threshold_scale': 1.0, 'shepherd_speed': 1.5, 'shepherd_stop_multiple': 3.0, 'n_shepherds': 1, 'initial_spread': 30.0, 'shepherd_start_offset': 50.0, 'success_fraction': 1.0, 'sheep_model': 'strombom', 'dog_controller': 'collect_drive_multi', 'scenario_id': 'drive_to_goal', 'obs_mode': 'global', 'observation_frequency': 1, 'noise_sigma': 0.0, 'communication': 'none', 'stubborn_fraction': 0.0, 'stubborn_rs_scale': 0.25, 'stubborn_response_scale': 0.25, 'cohesion_scale': 1.0, 'initial_layout': 'compact', 'speed_scale': 1.0, 'failure_mode': 'none', 'failure_tick': -1, 'sensing_scale': 1.0, 'goal_mode': 'static', 'goal_velocity': [0.0, 0.0], 'latency': 0}",4.048586544833847,1.0,25.0,187.0,159.00000000000003,0.6337694997204216,4.473063007609685,3.56201887681925,10.798323063943558,4.473063007609685,61.97673526498416,4.048586544833847,120.4625055834117,61.97673526498416,0.630058657732046,0.0,0.8373989304186382,0.630058657732046,0.9519148936170212,0.4,1.0,0.9519148936170212,0.3351063829787234,0.0,5.0,0.3351063829787234,8.114844510341777,2.70504980537703,41.97390534478041,8.114844510341777,5.188834916580024,4.012601644717682,12.585404657314918,5.188834916580024,2.125958983324768e-17,0.0,2.220446049250313e-16,2.125958983324768e-17,1.0,1.0,1.0,1.0,0.7321630128212442,187.0,none,No failure (scenario success),[]
strombom_multi,drive_to_goal,paper,2027,strombom,collect_drive_multi,global,25,2,compact,10000,True,179,"{'world_width': 500.0, 'world_height': 500.0, 'goal_center': [370.0, 250.0], 'goal_radius': 10.606601717798213, 'max_ticks': 10000, 'measurement_radius': 5.0, 'n_sheep': 25, 'r_a': 2.0, 'r_s': 65.0, 'rs_weight': 1.0, 'n_neighbors': -1, 'c': 1.05, 'noise_strength': 0.3, 'sheep_speed': 1.0, 'inertia': 0.5, 'graze_move_prob': 0.05, 'collect_threshold_scale': 1.0, 'shepherd_speed': 1.5, 'shepherd_stop_multiple': 3.0, 'n_shepherds': 2, 'initial_spread': 30.0, 'shepherd_start_offset': 50.0, 'success_fraction': 1.0, 'sheep_model': 'strombom', 'dog_controller': 'collect_drive_multi', 'scenario_id': 'drive_to_goal', 'obs_mode': 'global', 'observation_frequency': 1, 'noise_sigma': 0.0, 'communication': 'none', 'stubborn_fraction': 0.0, 'stubborn_rs_scale': 0.25, 'stubborn_response_scale': 0.25, 'cohesion_scale': 1.0, 'initial_layout': 'compact', 'speed_scale': 1.0, 'failure_mode': 'none', 'failure_tick': -1, 'sensing_scale': 1.0, 'goal_mode': 'static', 'goal_velocity': [0.0, 0.0], 'latency': 0}",5.93450553039574,1.0,25.0,179.0,310.2740487898878,0.4752361865805416,4.2616287355294284,3.314751765000659,12.354373707550575,4.2616287355294284,62.15592262615133,5.93450553039574,118.19085813421464,62.15592262615133,0.6295551247520206,0.0,0.7699300526263505,0.6295551247520206,0.9633333333333334,0.24,1.0,0.9633333333333334,0.1333333333333333,0.0,7.0,0.1333333333333333,5.503371795735906,2.19494364904177,29.8084187458112,5.503371795735906,4.797505476989499,3.70683206748228,13.506997018272722,4.797505476989499,0.0114612231049705,-2.220446049250313e-16,0.1730816687179333,0.0114612231049705,0.9967592592592592,0.75,1.0,0.9967592592592592,0.36179742727964,179.0,none,No failure (scenario success),[]
strombom_multi,drive_to_goal,paper,2028,strombom,collect_drive_multi,global,25,2,compact,10000,True,180,"{'world_width': 500.0, 'world_height': 500.0, 'goal_center': [370.0, 250.0], 'goal_radius': 10.606601717798213, 'max_ticks': 10000, 'measurement_radius': 5.0, 'n_sheep': 25, 'r_a': 2.0, 'r_s': 65.0, 'rs_weight': 1.0, 'n_neighbors': -1, 'c': 1.05, 'noise_strength': 0.3, 'sheep_speed': 1.0, 'inertia': 0.5, 'graze_move_prob': 0.05, 'collect_threshold_scale': 1.0, 'shepherd_speed': 1.5, 'shepherd_stop_multiple': 3.0, 'n_shepherds': 2, 'initial_spread': 30.0, 'shepherd_start_offset': 50.0, 'success_fraction': 1.0, 'sheep_model': 'strombom', 'dog_controller': 'collect_drive_multi', 'scenario_id': 'drive_to_goal', 'obs_mode': 'global', 'observation_frequency': 1, 'noise_sigma': 0.0, 'communication': 'none', 'stubborn_fraction': 0.0, 'stubborn_rs_scale': 0.25, 'stubborn_response_scale': 0.25, 'cohesion_scale': 1.0, 'initial_layout': 'compact', 'speed_scale': 1.0, 'failure_mode': 'none', 'failure_tick': -1, 'sensing_scale': 1.0, 'goal_mode': 'static', 'goal_velocity': [0.0, 0.0], 'latency': 0}",6.222565154652232,1.0,25.0,180.0,315.19141196419093,0.4358145577823402,4.403370328957103,3.3600276162772844,12.774721369501812,4.403370328957103,63.89228754876972,6.222565154652232,121.73052037353696,63.89228754876972,0.6437921342803807,0.0,0.8154245397516372,0.6437921342803807,0.9507182320441988,0.4,1.0,0.9507182320441988,0.3204419889502762,0.0,9.0,0.3204419889502762,7.4311500078904125,2.553041180316875,49.701288773392015,7.4311500078904125,5.043004470263523,3.7804228264706063,14.590914804829694,5.043004470263523,0.0105704857610595,-2.220446049250313e-16,0.1981117734706285,0.0105704857610595,1.0,1.0,1.0,1.0,0.3664692337239431,180.0,none,No failure (scenario success),[]
strombom_multi,drive_to_goal,paper,2028,strombom,collect_drive_multi,global,25,1,compact,10000,True,185,"{'world_width': 500.0, 'world_height': 500.0, 'goal_center': [370.0, 250.0], 'goal_radius': 10.606601717798213, 'max_ticks': 10000, 'measurement_radius': 5.0, 'n_sheep': 25, 'r_a': 2.0, 'r_s': 65.0, 'rs_weight': 1.0, 'n_neighbors': -1, 'c': 1.05, 'noise_strength': 0.3, 'sheep_speed': 1.0, 'inertia': 0.5, 'graze_move_prob': 0.05, 'collect_threshold_scale': 1.0, 'shepherd_speed': 1.5, 'shepherd_stop_multiple': 3.0, 'n_shepherds': 1, 'initial_spread': 30.0, 'shepherd_start_offset': 50.0, 'success_fraction': 1.0, 'sheep_model': 'strombom', 'dog_controller': 'collect_drive_multi', 'scenario_id': 'drive_to_goal', 'obs_mode': 'global', 'observation_frequency': 1, 'noise_sigma': 0.0, 'communication': 'none', 'stubborn_fraction': 0.0, 'stubborn_rs_scale': 0.25, 'stubborn_response_scale': 0.25, 'cohesion_scale': 1.0, 'initial_layout': 'compact', 'speed_scale': 1.0, 'failure_mode': 'none', 'failure_tick': -1, 'sensing_scale': 1.0, 'goal_mode': 'static', 'goal_velocity': [0.0, 0.0], 'latency': 0}",4.303069925636513,1.0,25.0,185.0,165.00000000000006,0.4488726870473388,4.587517875020713,3.569448787494064,12.774721369501812,4.587517875020713,62.619909620643966,4.303069925636513,121.73052037353696,62.619909620643966,0.6389840957588232,0.0,0.8261275735650947,0.6389840957588232,0.9453763440860216,0.4,1.0,0.9453763440860216,0.3548387096774194,0.0,9.0,0.3548387096774194,8.102642853828627,3.1299924412063187,49.701288773392015,8.102642853828627,5.270753178120071,4.014078502700406,14.590914804829694,5.270753178120071,2.686023446673766e-17,-2.220446049250313e-16,2.220446049250313e-16,2.686023446673766e-17,0.9950716845878136,0.75,1.0,0.9950716845878136,0.711681517866063,185.0,none,No failure (scenario success),[]
strombom_multi,drive_to_goal,paper,2030,strombom,collect_drive_multi,global,10,10,compact,10000,True,169,"{'world_width': 500.0, 'world_height': 500.0, 'goal_center': [370.0, 250.0], 'goal_radius': 6.7082039324993685, 'max_ticks': 10000, 'measurement_radius': 5.0, 'n_sheep': 10, 'r_a': 2.0, 'r_s': 65.0, 'rs_weight': 1.0, 'n_neighbors': -1, 'c': 1.05, 'noise_strength': 0.3, 'sheep_speed': 1.0, 'inertia': 0.5, 'graze_move_prob': 0.05, 'collect_threshold_scale': 1.0, 'shepherd_speed': 1.5, 'shepherd_stop_multiple': 3.0, 'n_shepherds': 10, 'initial_spread': 30.0, 'shepherd_start_offset': 50.0, 'success_fraction': 1.0, 'sheep_model': 'strombom', 'dog_controller': 'collect_drive_multi', 'scenario_id': 'drive_to_goal', 'obs_mode': 'global', 'observation_frequency': 1, 'noise_sigma': 0.0, 'communication': 'none', 'stubborn_fraction': 0.0, 'stubborn_rs_scale': 0.25, 'stubborn_response_scale': 0.25, 'cohesion_scale': 1.0, 'initial_layout': 'compact', 'speed_scale': 1.0, 'failure_mode': 'none', 'failure_tick': -1, 'sensing_scale': 1.0, 'goal_mode': 'static', 'goal_velocity': [0.0, 0.0], 'latency': 0}",2.930789215023643,1.0,10.0,169.0,1723.427118653825,1.2415375813132887,3.8940264123156663,2.1770620641221123,16.176649280945135,3.8940264123156663,61.140723023652114,2.930789215023643,119.12835006869136,61.140723023652114,0.7062639446617586,0.0,0.8799487110021865,0.7062639446617586,0.8811764705882353,0.1,1.0,0.8811764705882353,0.9117647058823528,0.0,8.0,0.9117647058823528,7.632360557573285,0.413434029613097,46.52767889766695,7.632360557573285,4.473224454095689,2.4361521743542927,17.555957987428933,4.473224454095689,0.0586366067051531,0.0,0.2718220844137353,0.0586366067051531,0.9894117647058824,0.8,1.0,0.9894117647058824,0.0674223816000006,169.0,none,No failure (scenario success),[]
strombom_multi,drive_to_goal,paper,2026,strombom,collect_drive_multi,global,25,2,compact,10000,True,181,"{'world_width': 500.0, 'world_height': 500.0, 'goal_center': [370.0, 250.0], 'goal_radius': 10.606601717798213, 'max_ticks': 10000, 'measurement_radius': 5.0, 'n_sheep': 25, 'r_a': 2.0, 'r_s': 65.0, 'rs_weight': 1.0, 'n_neighbors': -1, 'c': 1.05, 'noise_strength': 0.3, 'sheep_speed': 1.0, 'inertia': 0.5, 'graze_move_prob': 0.05, 'collect_threshold_scale': 1.0, 'shepherd_speed': 1.5, 'shepherd_stop_multiple': 3.0, 'n_shepherds': 2, 'initial_spread': 30.0, 'shepherd_start_offset': 50.0, 'success_fraction': 1.0, 'sheep_model': 'strombom', 'dog_controller': 'collect_drive_multi', 'scenario_id': 'drive_to_goal', 'obs_mode': 'global', 'observation_frequency': 1, 'noise_sigma': 0.0, 'communication': 'none', 'stubborn_fraction': 0.0, 'stubborn_rs_scale': 0.25, 'stubborn_response_scale': 0.25, 'cohesion_scale': 1.0, 'initial_layout': 'compact', 'speed_scale': 1.0, 'failure_mode': 'none', 'failure_tick': -1, 'sensing_scale': 1.0, 'goal_mode': 'static', 'goal_velocity': [0.0, 0.0], 'latency': 0}",5.503210691628405,1.0,25.0,181.0,314.61834003581106,0.3250399084209996,4.238691213499015,3.32883950459157,10.457356904511927,4.238691213499015,62.33304692550861,5.503210691628405,120.38988384793788,62.33304692550861,0.6417208155999332,0.0,0.8197800960486443,0.6417208155999332,0.970989010989011,0.4,1.0,0.970989010989011,0.1978021978021978,0.0,3.0,0.1978021978021978,7.432260923676224,2.1937093636940257,44.0317075771251,7.432260923676224,4.91064277574597,3.6434711212007,12.384991764448952,4.91064277574597,0.0102527452927965,0.0,0.0983871187430259,0.0102527452927965,0.994047619047619,0.8333333333333334,1.0,0.994047619047619,0.3651620345566397,181.0,none,No failure (scenario success),[]
strombom_multi,drive_to_goal,paper,2029,strombom,collect_drive_multi,global,25,2,compact,10000,True,180,"{'world_width': 500.0, 'world_height': 500.0, 'goal_center': [370.0, 250.0], 'goal_radius': 10.606601717798213, 'max_ticks': 10000, 'measurement_radius': 5.0, 'n_sheep': 25, 'r_a': 2.0, 'r_s': 65.0, 'rs_weight': 1.0, 'n_neighbors': -1, 'c': 1.05, 'noise_strength': 0.3, 'sheep_speed': 1.0, 'inertia': 0.5, 'graze_move_prob': 0.05, 'collect_threshold_scale': 1.0, 'shepherd_speed': 1.5, 'shepherd_stop_multiple': 3.0, 'n_shepherds': 2, 'initial_spread': 30.0, 'shepherd_start_offset': 50.0, 'success_fraction': 1.0, 'sheep_model': 'strombom', 'dog_controller': 'collect_drive_multi', 'scenario_id': 'drive_to_goal', 'obs_mode': 'global', 'observation_frequency': 1, 'noise_sigma': 0.0, 'communication': 'none', 'stubborn_fraction': 0.0, 'stubborn_rs_scale': 0.25, 'stubborn_response_scale': 0.25, 'cohesion_scale': 1.0, 'initial_layout': 'compact', 'speed_scale': 1.0, 'failure_mode': 'none', 'failure_tick': -1, 'sensing_scale': 1.0, 'goal_mode': 'static', 'goal_velocity': [0.0, 0.0], 'latency': 0}",5.6460818478516925,1.0,25.0,180.0,315.4893352852619,0.5843596713448082,4.256947656399097,3.4362939986402217,10.798323063943558,4.256947656399097,63.19889384771055,5.6460818478516925,120.4625055834117,63.19889384771055,0.6388595525551515,0.0,0.8064498884548513,0.6388595525551515,0.9604419889502762,0.4,1.0,0.9604419889502762,0.154696132596685,0.0,4.0,0.154696132596685,6.540793851308366,2.4194119691415583,41.78862939506865,6.540793851308366,4.872634969101477,3.803119774057734,12.585404657314918,4.872634969101477,0.0165581227178247,-2.220446049250313e-16,0.16562644271434,0.0165581227178247,1.0,1.0,1.0,1.0,0.3639312360011925,180.0,none,No failure (scenario success),[]
strombom_multi,drive_to_goal,paper,2030,strombom,collect_drive_multi,global,25,2,compact,10000,True,189,"{'world_width': 500.0, 'world_height': 500.0, 'goal_center': [370.0, 250.0], 'goal_radius': 10.606601717798213, 'max_ticks': 10000, 'measurement_radius': 5.0, 'n_sheep': 25, 'r_a': 2.0, 'r_s': 65.0, 'rs_weight': 1.0, 'n_neighbors': -1, 'c': 1.05, 'noise_strength': 0.3, 'sheep_speed': 1.0, 'inertia': 0.5, 'graze_move_prob': 0.05, 'collect_threshold_scale': 1.0, 'shepherd_speed': 1.5, 'shepherd_stop_multiple': 3.0, 'n_shepherds': 2, 'initial_spread': 30.0, 'shepherd_start_offset': 50.0, 'success_fraction': 1.0, 'sheep_model': 'strombom', 'dog_controller': 'collect_drive_multi', 'scenario_id': 'drive_to_goal', 'obs_mode': 'global', 'observation_frequency': 1, 'noise_sigma': 0.0, 'communication': 'none', 'stubborn_fraction': 0.0, 'stubborn_rs_scale': 0.25, 'stubborn_response_scale': 0.25, 'cohesion_scale': 1.0, 'initial_layout': 'compact', 'speed_scale': 1.0, 'failure_mode': 'none', 'failure_tick': -1, 'sensing_scale': 1.0, 'goal_mode': 'static', 'goal_velocity': [0.0, 0.0], 'latency': 0}",3.2724077372008744,1.0,25.0,189.0,326.3237364325436,0.407291862480121,4.461320658082393,3.461277432927878,13.320768856317263,4.461320658082393,63.82700163012351,3.2724077372008744,122.71737871172648,63.82700163012351,0.6373756913912467,0.0,0.8285778863649976,0.6373756913912467,0.9406315789473686,0.24,1.0,0.9406315789473686,0.3684210526315789,0.0,6.0,0.3684210526315789,8.129889656071963,2.282810243040668,42.99103422570869,8.129889656071963,5.160983700282276,3.839748522636299,14.847017112845958,5.160983700282276,0.0119561982880055,-2.220446049250313e-16,0.1161901468312567,0.0119561982880055,0.9969298245614034,0.9166666666666666,1.0,0.9969298245614034,0.366032125889245,189.0,none,No failure (scenario success),[]
strombom_multi,drive_to_goal,paper,2026,strombom,collect_drive_multi,global,25,3,compact,10000,True,181,"{'world_width': 500.0, 'world_height': 500.0, 'goal_center': [370.0, 250.0], 'goal_radius': 10.606601717798213, 'max_ticks': 10000, 'measurement_radius': 5.0, 'n_sheep': 25, 'r_a': 2.0, 'r_s': 65.0, 'rs_weight': 1.0, 'n_neighbors': -1, 'c': 1.05, 'noise_strength': 0.3, 'sheep_speed': 1.0, 'inertia': 0.5, 'graze_move_prob': 0.05, 'collect_threshold_scale': 1.0, 'shepherd_speed': 1.5, 'shepherd_stop_multiple': 3.0, 'n_shepherds': 3, 'initial_spread': 30.0, 'shepherd_start_offset': 50.0, 'success_fraction': 1.0, 'sheep_model': 'strombom', 'dog_controller': 'collect_drive_multi', 'scenario_id': 'drive_to_goal', 'obs_mode': 'global', 'observation_frequency': 1, 'noise_sigma': 0.0, 'communication': 'none', 'stubborn_fraction': 0.0, 'stubborn_rs_scale': 0.25, 'stubborn_response_scale': 0.25, 'cohesion_scale': 1.0, 'initial_layout': 'compact', 'speed_scale': 1.0, 'failure_mode': 'none', 'failure_tick': -1, 'sensing_scale': 1.0, 'goal_mode': 'static', 'goal_velocity': [0.0, 0.0], 'latency': 0}",3.642267080037408,1.0,25.0,181.0,493.81937600095125,0.3888596595272007,4.210479582141078,3.393189295493572,10.457356904511927,4.210479582141078,61.58674429611563,3.642267080037408,120.38988384793788,61.58674429611563,0.6498901179404949,0.0,0.7930766099999221,0.6498901179404949,0.96989010989011,0.4,1.0,0.96989010989011,0.2252747252747252,0.0,3.0,0.2252747252747252,7.705019652346898,2.560456238244204,44.30011993913357,7.705019652346898,4.907561417552148,3.846185007551538,12.384991764448952,4.907561417552148,0.0377385674118584,0.0,0.3192983937572492,0.0377385674118584,0.994047619047619,0.8333333333333334,1.0,0.994047619047619,0.2364176507478223,181.0,none,No failure (scenario success),[]
strombom_multi,drive_to_goal,paper,2027,strombom,collect_drive_multi,global,5,2,compact,10000,True,2563,"{'world_width': 500.0, 'world_height': 500.0, 'goal_center': [370.0, 250.0], 'goal_radius': 4.743416490252569, 'max_ticks': 10000, 'measurement_radius': 5.0, 'n_sheep': 5, 'r_a': 2.0, 'r_s': 65.0, 'rs_weight': 1.0, 'n_neighbors': -1, 'c': 1.05, 'noise_strength': 0.3, 'sheep_speed': 1.0, 'inertia': 0.5, 'graze_move_prob': 0.05, 'collect_threshold_scale': 1.0, 'shepherd_speed': 1.5, 'shepherd_stop_multiple': 3.0, 'n_shepherds': 2, 'initial_spread': 30.0, 'shepherd_start_offset': 50.0, 'success_fraction': 1.0, 'sheep_model': 'strombom', 'dog_controller': 'collect_drive_multi', 'scenario_id': 'drive_to_goal', 'obs_mode': 'global', 'observation_frequency': 1, 'noise_sigma': 0.0, 'communication': 'none', 'stubborn_fraction': 0.0, 'stubborn_rs_scale': 0.25, 'stubborn_response_scale': 0.25, 'cohesion_scale': 1.0, 'initial_layout': 'compact', 'speed_scale': 1.0, 'failure_mode': 'none', 'failure_tick': -1, 'sensing_scale': 1.0, 'goal_mode': 'static', 'goal_velocity': [0.0, 0.0], 'latency': 0}",2.257275815555057,1.0,5.0,2563.0,3863.263852300772,1.818428954114631,1.9717772735911376,0.9590710022008,7.796767392544311,1.9717772735911376,103.18907873786004,2.257275815555057,280.5972266001207,103.18907873786004,0.7498903196055868,0.0,0.986236521837152,0.7498903196055868,0.9954758190327614,0.4,1.0,0.9954758190327614,0.0195007800312012,0.0,3.0,0.0195007800312012,0.8557425493397961,0.0473782665019492,18.887587573109457,0.8557425493397961,2.157787352426096,1.0585116646045154,8.926206884592787,2.157787352426096,0.0128590010854689,-2.220446049250313e-16,0.2676269638426285,0.0128590010854689,1.0,1.0,1.0,1.0,0.0306734548799469,2563.0,none,No failure (scenario success),[]
strombom_multi,drive_to_goal,paper,2030,strombom,collect_drive_multi,global,25,3,compact,10000,True,185,"{'world_width': 500.0, 'world_height': 500.0, 'goal_center': [370.0, 250.0], 'goal_radius': 10.606601717798213, 'max_ticks': 10000, 'measurement_radius': 5.0, 'n_sheep': 25, 'r_a': 2.0, 'r_s': 65.0, 'rs_weight': 1.0, 'n_neighbors': -1, 'c': 1.05, 'noise_strength': 0.3, 'sheep_speed': 1.0, 'inertia': 0.5, 'graze_move_prob': 0.05, 'collect_threshold_scale': 1.0, 'shepherd_speed': 1.5, 'shepherd_stop_multiple': 3.0, 'n_shepherds': 3, 'initial_spread': 30.0, 'shepherd_start_offset': 50.0, 'success_fraction': 1.0, 'sheep_model': 'strombom', 'dog_controller': 'collect_drive_multi', 'scenario_id': 'drive_to_goal', 'obs_mode': 'global', 'observation_frequency': 1, 'noise_sigma': 0.0, 'communication': 'none', 'stubborn_fraction': 0.0, 'stubborn_rs_scale': 0.25, 'stubborn_response_scale': 0.25, 'cohesion_scale': 1.0, 'initial_layout': 'compact', 'speed_scale': 1.0, 'failure_mode': 'none', 'failure_tick': -1, 'sensing_scale': 1.0, 'goal_mode': 'static', 'goal_velocity': [0.0, 0.0], 'latency': 0}",5.161738940650748,1.0,25.0,185.0,495.3369924143349,0.6236906004861263,4.302750872020651,3.3487529630252606,13.320768856317263,4.302750872020651,64.14915397644988,5.161738940650748,122.71737871172648,64.14915397644988,0.6377014429600814,0.0,0.7904032673654204,0.6377014429600814,0.9455913978494624,0.24,1.0,0.9455913978494624,0.3387096774193548,0.0,6.0,0.3387096774193548,7.353298180612207,2.2754325469668717,42.99103422570869,7.353298180612207,4.945135509555854,3.7181133967160966,14.847017112845958,4.945135509555854,0.046321187251719,0.0,0.3146019014300435,0.046321187251719,0.996863799283154,0.9166666666666666,1.0,0.996863799283154,0.2373245721021051,185.0,none,No failure (scenario success),[]
strombom_multi,drive_to_goal,paper,2027,strombom,collect_drive_multi,global,25,3,compact,10000,True,178,"{'world_width': 500.0, 'world_height': 500.0, 'goal_center': [370.0, 250.0], 'goal_radius': 10.606601717798213, 'max_ticks': 10000, 'measurement_radius': 5.0, 'n_sheep': 25, 'r_a': 2.0, 'r_s': 65.0, 'rs_weight': 1.0, 'n_neighbors': -1, 'c': 1.05, 'noise_strength': 0.3, 'sheep_speed': 1.0, 'inertia': 0.5, 'graze_move_prob': 0.05, 'collect_threshold_scale': 1.0, 'shepherd_speed': 1.5, 'shepherd_stop_multiple': 3.0, 'n_shepherds': 3, 'initial_spread': 30.0, 'shepherd_start_offset': 50.0, 'success_fraction': 1.0, 'sheep_model': 'strombom', 'dog_controller': 'collect_drive_multi', 'scenario_id': 'drive_to_goal', 'obs_mode': 'global', 'observation_frequency': 1, 'noise_sigma': 0.0, 'communication': 'none', 'stubborn_fraction': 0.0, 'stubborn_rs_scale': 0.25, 'stubborn_response_scale': 0.25, 'cohesion_scale': 1.0, 'initial_layout': 'compact', 'speed_scale': 1.0, 'failure_mode': 'none', 'failure_tick': -1, 'sensing_scale': 1.0, 'goal_mode': 'static', 'goal_velocity': [0.0, 0.0], 'latency': 0}",5.77979735917676,1.0,25.0,178.0,473.6834282871469,0.5332925404214788,4.238354627214531,3.3503853048730394,12.354373707550575,4.238354627214531,61.97717255029888,5.77979735917676,118.19085813421464,61.97717255029888,0.6345813855823103,0.0,0.851695691322899,0.6345813855823103,0.9555307262569832,0.24,1.0,0.9555307262569832,0.1955307262569832,0.0,7.0,0.1955307262569832,5.712662931155208,2.1606277425854445,29.8084187458112,5.712662931155208,4.776029981168226,3.6823011290867584,13.506997018272722,4.776029981168226,0.0416959573250808,0.0,0.2893005391853658,0.0416959573250808,0.9972067039106144,0.75,1.0,0.9972067039106144,0.2373126313105771,178.0,none,No failure (scenario success),[]
strombom_multi,drive_to_goal,paper,2026,strombom,collect_drive_multi,global,25,4,compact,10000,True,179,"{'world_width': 500.0, 'world_height': 500.0, 'goal_center': [370.0, 250.0], 'goal_radius': 10.606601717798213, 'max_ticks': 10000, 'measurement_radius': 5.0, 'n_sheep': 25, 'r_a': 2.0, 'r_s': 65.0, 'rs_weight': 1.0, 'n_neighbors': -1, 'c': 1.05, 'noise_strength': 0.3, 'sheep_speed': 1.0, 'inertia': 0.5, 'graze_move_prob': 0.05, 'collect_threshold_scale': 1.0, 'shepherd_speed': 1.5, 'shepherd_stop_multiple': 3.0, 'n_shepherds': 4, 'initial_spread': 30.0, 'shepherd_start_offset': 50.0, 'success_fraction': 1.0, 'sheep_model': 'strombom', 'dog_controller': 'collect_drive_multi', 'scenario_id': 'drive_to_goal', 'obs_mode': 'global', 'observation_frequency': 1, 'noise_sigma': 0.0, 'communication': 'none', 'stubborn_fraction': 0.0, 'stubborn_rs_scale': 0.25, 'stubborn_response_scale': 0.25, 'cohesion_scale': 1.0, 'initial_layout': 'compact', 'speed_scale': 1.0, 'failure_mode': 'none', 'failure_tick': -1, 'sensing_scale': 1.0, 'goal_mode': 'static', 'goal_velocity': [0.0, 0.0], 'latency': 0}",5.489130147790052,1.0,25.0,179.0,649.3222543510517,0.0764263181186881,4.166047543224773,3.31102738856282,10.457356904511927,4.166047543224773,63.045971323397566,5.489130147790052,120.38988384793788,63.045971323397566,0.6460552928163741,0.0,0.8260427033415954,0.6460552928163741,0.9651111111111113,0.4,1.0,0.9651111111111113,0.2611111111111111,0.0,3.0,0.2611111111111111,8.144063025034486,2.1807450384887006,44.96854983662337,8.144063025034486,4.887606836716032,3.682964421404,12.384991764448952,4.887606836716032,0.0499421062099162,0.0,0.1890814331742228,0.0499421062099162,0.9949074074074076,0.8333333333333334,1.0,0.9949074074074076,0.176954898635012,179.0,none,No failure (scenario success),[]
strombom_multi,drive_to_goal,paper,2027,strombom,collect_drive_multi,global,25,4,compact,10000,True,178,"{'world_width': 500.0, 'world_height': 500.0, 'goal_center': [370.0, 250.0], 'goal_radius': 10.606601717798213, 'max_ticks': 10000, 'measurement_radius': 5.0, 'n_sheep': 25, 'r_a': 2.0, 'r_s': 65.0, 'rs_weight': 1.0, 'n_neighbors': -1, 'c': 1.05, 'noise_strength': 0.3, 'sheep_speed': 1.0, 'inertia': 0.5, 'graze_move_prob': 0.05, 'collect_threshold_scale': 1.0, 'shepherd_speed': 1.5, 'shepherd_stop_multiple': 3.0, 'n_shepherds': 4, 'initial_spread': 30.0, 'shepherd_start_offset': 50.0, 'success_fraction': 1.0, 'sheep_model': 'strombom', 'dog_controller': 'collect_drive_multi', 'scenario_id': 'drive_to_goal', 'obs_mode': 'global', 'observation_frequency': 1, 'noise_sigma': 0.0, 'communication': 'none', 'stubborn_fraction': 0.0, 'stubborn_rs_scale': 0.25, 'stubborn_response_scale': 0.25, 'cohesion_scale': 1.0, 'initial_layout': 'compact', 'speed_scale': 1.0, 'failure_mode': 'none', 'failure_tick': -1, 'sensing_scale': 1.0, 'goal_mode': 'static', 'goal_velocity': [0.0, 0.0], 'latency': 0}",6.149823135173561,1.0,25.0,178.0,635.1726208740142,0.5845193799830897,4.106455817649856,3.203330448477787,12.354373707550575,4.106455817649856,62.60258531126504,6.149823135173561,118.19085813421464,62.60258531126504,0.6319473126851625,0.0,0.7904256943872464,0.6319473126851625,0.962905027932961,0.24,1.0,0.962905027932961,0.1675977653631284,0.0,7.0,0.1675977653631284,5.101119193818498,1.910760144113245,29.95393852008137,5.101119193818498,4.608589672615923,3.584489240635912,13.506997018272722,4.608589672615923,0.0464528166298176,0.0,0.1900847262531559,0.0464528166298176,0.9972067039106144,0.75,1.0,0.9972067039106144,0.1763946230000746,178.0,none,No failure (scenario success),[]
strombom_multi,drive_to_goal,paper,2030,strombom,collect_drive_multi,global,25,1,compact,10000,True,193,"{'world_width': 500.0, 'world_height': 500.0, 'goal_center': [370.0, 250.0], 'goal_radius': 10.606601717798213, 'max_ticks': 10000, 'measurement_radius': 5.0, 'n_sheep': 25, 'r_a': 2.0, 'r_s': 65.0, 'rs_weight': 1.0, 'n_neighbors': -1, 'c': 1.05, 'noise_strength': 0.3, 'sheep_speed': 1.0, 'inertia': 0.5, 'graze_move_prob': 0.05, 'collect_threshold_scale': 1.0, 'shepherd_speed': 1.5, 'shepherd_stop_multiple': 3.0, 'n_shepherds': 1, 'initial_spread': 30.0, 'shepherd_start_offset': 50.0, 'success_fraction': 1.0, 'sheep_model': 'strombom', 'dog_controller': 'collect_drive_multi', 'scenario_id': 'drive_to_goal', 'obs_mode': 'global', 'observation_frequency': 1, 'noise_sigma': 0.0, 'communication': 'none', 'stubborn_fraction': 0.0, 'stubborn_rs_scale': 0.25, 'stubborn_response_scale': 0.25, 'cohesion_scale': 1.0, 'initial_layout': 'compact', 'speed_scale': 1.0, 'failure_mode': 'none', 'failure_tick': -1, 'sensing_scale': 1.0, 'goal_mode': 'static', 'goal_velocity': [0.0, 0.0], 'latency': 0}",2.4128748604113,1.0,25.0,193.0,164.99999999999994,0.2890829414419646,4.555484248195455,3.649621296688895,13.320768856317263,4.555484248195455,62.368803078262346,2.4128748604113,122.71737871172648,62.368803078262346,0.6385941300142702,0.0,0.799664267700256,0.6385941300142702,0.9418556701030928,0.24,1.0,0.9418556701030928,0.3865979381443299,0.0,6.0,0.3865979381443299,8.719163101627299,2.881500017288396,43.83789547734227,8.719163101627299,5.298314068863558,4.061379256120112,14.847017112845958,5.298314068863558,2.3463476293624442e-17,-2.220446049250313e-16,2.220446049250313e-16,2.3463476293624442e-17,0.9969931271477662,0.9166666666666666,1.0,0.9969931271477662,0.7291182051594862,193.0,none,No failure (scenario success),[]
strombom_multi,drive_to_goal,paper,2029,strombom,collect_drive_multi,global,25,3,compact,10000,True,184,"{'world_width': 500.0, 'world_height': 500.0, 'goal_center': [370.0, 250.0], 'goal_radius': 10.606601717798213, 'max_ticks': 10000, 'measurement_radius': 5.0, 'n_sheep': 25, 'r_a': 2.0, 'r_s': 65.0, 'rs_weight': 1.0, 'n_neighbors': -1, 'c': 1.05, 'noise_strength': 0.3, 'sheep_speed': 1.0, 'inertia': 0.5, 'graze_move_prob': 0.05, 'collect_threshold_scale': 1.0, 'shepherd_speed': 1.5, 'shepherd_stop_multiple': 3.0, 'n_shepherds': 3, 'initial_spread': 30.0, 'shepherd_start_offset': 50.0, 'success_fraction': 1.0, 'sheep_model': 'strombom', 'dog_controller': 'collect_drive_multi', 'scenario_id': 'drive_to_goal', 'obs_mode': 'global', 'observation_frequency': 1, 'noise_sigma': 0.0, 'communication': 'none', 'stubborn_fraction': 0.0, 'stubborn_rs_scale': 0.25, 'stubborn_response_scale': 0.25, 'cohesion_scale': 1.0, 'initial_layout': 'compact', 'speed_scale': 1.0, 'failure_mode': 'none', 'failure_tick': -1, 'sensing_scale': 1.0, 'goal_mode': 'static', 'goal_velocity': [0.0, 0.0], 'latency': 0}",4.927827612220082,1.0,25.0,184.0,488.05557957690087,0.4353969078299909,4.24690079987967,3.3948047924063656,10.798323063943558,4.24690079987967,62.438930661543225,4.927827612220082,120.4625055834117,62.438930661543225,0.6299844709402043,0.0,0.8376297808351627,0.6299844709402043,0.9517837837837836,0.4,1.0,0.9517837837837836,0.1783783783783784,0.0,4.0,0.1783783783783784,7.047210251699281,2.316838944875519,41.78862939506865,7.047210251699281,4.899206799039008,3.854664105856774,12.585404657314918,4.899206799039008,0.0403935768249987,0.0,0.1597765578390656,0.0403935768249987,1.0,1.0,1.0,1.0,0.2367244281303976,184.0,none,No failure (scenario success),[]
strombom_multi,drive_to_goal,paper,2029,strombom,collect_drive_multi,global,25,4,compact,10000,True,185,"{'world_width': 500.0, 'world_height': 500.0, 'goal_center': [370.0, 250.0], 'goal_radius': 10.606601717798213, 'max_ticks': 10000, 'measurement_radius': 5.0, 'n_sheep': 25, 'r_a': 2.0, 'r_s': 65.0, 'rs_weight': 1.0, 'n_neighbors': -1, 'c': 1.05, 'noise_strength': 0.3, 'sheep_speed': 1.0, 'inertia': 0.5, 'graze_move_prob': 0.05, 'collect_threshold_scale': 1.0, 'shepherd_speed': 1.5, 'shepherd_stop_multiple': 3.0, 'n_shepherds': 4, 'initial_spread': 30.0, 'shepherd_start_offset': 50.0, 'success_fraction': 1.0, 'sheep_model': 'strombom', 'dog_controller': 'collect_drive_multi', 'scenario_id': 'drive_to_goal', 'obs_mode': 'global', 'observation_frequency': 1, 'noise_sigma': 0.0, 'communication': 'none', 'stubborn_fraction': 0.0, 'stubborn_rs_scale': 0.25, 'stubborn_response_scale': 0.25, 'cohesion_scale': 1.0, 'initial_layout': 'compact', 'speed_scale': 1.0, 'failure_mode': 'none', 'failure_tick': -1, 'sensing_scale': 1.0, 'goal_mode': 'static', 'goal_velocity': [0.0, 0.0], 'latency': 0}",5.676237583216311,1.0,25.0,185.0,651.4349881387398,0.0643120469806848,4.114653534340358,3.3105506517415155,10.798323063943558,4.114653534340358,63.618429374021765,5.676237583216311,120.4625055834117,63.618429374021765,0.6221818064167571,0.0,0.8077566221233293,0.6221818064167571,0.9617204301075272,0.4,1.0,0.9617204301075272,0.1505376344086021,0.0,4.0,0.1505376344086021,6.256569702665375,2.1728332132734183,41.78862939506865,6.256569702665375,4.705601118667071,3.697588705470479,12.585404657314918,4.705601118667071,0.0508209697199612,0.0,0.3196132964635003,0.0508209697199612,1.0,1.0,1.0,1.0,0.1762052546918906,185.0,none,No failure (scenario success),[]
strombom_multi,drive_to_goal,paper,2026,strombom,collect_drive_multi,global,25,6,compact,10000,True,182,"{'world_width': 500.0, 'world_height': 500.0, 'goal_center': [370.0, 250.0], 'goal_radius': 10.606601717798213, 'max_ticks': 10000, 'measurement_radius': 5.0, 'n_sheep': 25, 'r_a': 2.0, 'r_s': 65.0, 'rs_weight': 1.0, 'n_neighbors': -1, 'c': 1.05, 'noise_strength': 0.3, 'sheep_speed': 1.0, 'inertia': 0.5, 'graze_move_prob': 0.05, 'collect_threshold_scale': 1.0, 'shepherd_speed': 1.5, 'shepherd_stop_multiple': 3.0, 'n_shepherds': 6, 'initial_spread': 30.0, 'shepherd_start_offset': 50.0, 'success_fraction': 1.0, 'sheep_model': 'strombom', 'dog_controller': 'collect_drive_multi', 'scenario_id': 'drive_to_goal', 'obs_mode': 'global', 'observation_frequency': 1, 'noise_sigma': 0.0, 'communication': 'none', 'stubborn_fraction': 0.0, 'stubborn_rs_scale': 0.25, 'stubborn_response_scale': 0.25, 'cohesion_scale': 1.0, 'initial_layout': 'compact', 'speed_scale': 1.0, 'failure_mode': 'none', 'failure_tick': -1, 'sensing_scale': 1.0, 'goal_mode': 'static', 'goal_velocity': [0.0, 0.0], 'latency': 0}",5.985445722361046,1.0,25.0,182.0,969.6446344390152,0.6005535931241521,4.036341848873957,3.3399174914206373,10.457356904511927,4.036341848873957,63.23336118144657,5.985445722361046,120.38988384793788,63.23336118144657,0.6323499700447499,0.0,0.7902424348779602,0.6323499700447499,0.97224043715847,0.4,1.0,0.97224043715847,0.180327868852459,0.0,3.0,0.180327868852459,6.657602333304707,2.2363100370050337,44.181948123164055,6.657602333304707,4.651106811178084,3.727427977655942,12.384991764448952,4.651106811178084,0.0515666445353671,0.0,0.2384787395317102,0.0515666445353671,0.9954462659380692,0.8333333333333334,1.0,0.9954462659380692,0.1179859446051234,182.0,none,No failure (scenario success),[]
strombom_multi,drive_to_goal,paper,2027,strombom,collect_drive_multi,global,25,6,compact,10000,True,172,"{'world_width': 500.0, 'world_height': 500.0, 'goal_center': [370.0, 250.0], 'goal_radius': 10.606601717798213, 'max_ticks': 10000, 'measurement_radius': 5.0, 'n_sheep': 25, 'r_a': 2.0, 'r_s': 65.0, 'rs_weight': 1.0, 'n_neighbors': -1, 'c': 1.05, 'noise_strength': 0.3, 'sheep_speed': 1.0, 'inertia': 0.5, 'graze_move_prob': 0.05, 'collect_threshold_scale': 1.0, 'shepherd_speed': 1.5, 'shepherd_stop_multiple': 3.0, 'n_shepherds': 6, 'initial_spread': 30.0, 'shepherd_start_offset': 50.0, 'success_fraction': 1.0, 'sheep_model': 'strombom', 'dog_controller': 'collect_drive_multi', 'scenario_id': 'drive_to_goal', 'obs_mode': 'global', 'observation_frequency': 1, 'noise_sigma': 0.0, 'communication': 'none', 'stubborn_fraction': 0.0, 'stubborn_rs_scale': 0.25, 'stubborn_response_scale': 0.25, 'cohesion_scale': 1.0, 'initial_layout': 'compact', 'speed_scale': 1.0, 'failure_mode': 'none', 'failure_tick': -1, 'sensing_scale': 1.0, 'goal_mode': 'static', 'goal_velocity': [0.0, 0.0], 'latency': 0}",5.006047137031621,1.0,25.0,172.0,952.6055035540998,0.6286270308085979,4.334014612384032,3.324803813521388,12.354373707550575,4.334014612384032,61.87040585088291,5.006047137031621,118.19085813421464,61.87040585088291,0.6607483001315422,0.0,0.8083738507875314,0.6607483001315422,0.943815028901734,0.24,1.0,0.943815028901734,0.1734104046242774,0.0,7.0,0.1734104046242774,6.305364851052478,2.473225840510504,29.8084187458112,6.305364851052478,4.9376524224244775,3.727598462498465,13.506997018272722,4.9376524224244775,0.0428899691652617,0.0,0.2150930756540567,0.0428899691652617,0.9971098265895952,0.75,1.0,0.9971098265895952,0.1188160372524607,172.0,none,No failure (scenario success),[]
strombom_multi,drive_to_goal,paper,2030,strombom,collect_drive_multi,global,25,4,compact,10000,True,184,"{'world_width': 500.0, 'world_height': 500.0, 'goal_center': [370.0, 250.0], 'goal_radius': 10.606601717798213, 'max_ticks': 10000, 'measurement_radius': 5.0, 'n_sheep': 25, 'r_a': 2.0, 'r_s': 65.0, 'rs_weight': 1.0, 'n_neighbors': -1, 'c': 1.05, 'noise_strength': 0.3, 'sheep_speed': 1.0, 'inertia': 0.5, 'graze_move_prob': 0.05, 'collect_threshold_scale': 1.0, 'shepherd_speed': 1.5, 'shepherd_stop_multiple': 3.0, 'n_shepherds': 4, 'initial_spread': 30.0, 'shepherd_start_offset': 50.0, 'success_fraction': 1.0, 'sheep_model': 'strombom', 'dog_controller': 'collect_drive_multi', 'scenario_id': 'drive_to_goal', 'obs_mode': 'global', 'observation_frequency': 1, 'noise_sigma': 0.0, 'communication': 'none', 'stubborn_fraction': 0.0, 'stubborn_rs_scale': 0.25, 'stubborn_response_scale': 0.25, 'cohesion_scale': 1.0, 'initial_layout': 'compact', 'speed_scale': 1.0, 'failure_mode': 'none', 'failure_tick': -1, 'sensing_scale': 1.0, 'goal_mode': 'static', 'goal_velocity': [0.0, 0.0], 'latency': 0}",5.076419492689871,1.0,25.0,184.0,660.9679487246984,0.6212874095458987,4.362727968343037,3.274447552707785,13.320768856317263,4.362727968343037,64.44831340137503,5.076419492689871,122.71737871172648,64.44831340137503,0.642407000301397,0.0,0.8106444715591805,0.642407000301397,0.9385945945945948,0.24,1.0,0.9385945945945948,0.4054054054054054,0.0,6.0,0.4054054054054054,8.235545142973795,2.334861493013084,45.60517870441574,8.235545142973795,5.073385521413334,3.683457629703572,14.847017112845958,5.073385521413334,0.0506169750924687,0.0,0.4212238878118118,0.0506169750924687,0.9968468468468468,0.9166666666666666,1.0,0.9968468468468468,0.1779828499188477,184.0,none,No failure (scenario success),[]
strombom_multi,drive_to_goal,paper,2026,strombom,collect_drive_multi,global,25,10,compact,10000,True,180,"{'world_width': 500.0, 'world_height': 500.0, 'goal_center': [370.0, 250.0], 'goal_radius': 10.606601717798213, 'max_ticks': 10000, 'measurement_radius': 5.0, 'n_sheep': 25, 'r_a': 2.0, 'r_s': 65.0, 'rs_weight': 1.0, 'n_neighbors': -1, 'c': 1.05, 'noise_strength': 0.3, 'sheep_speed': 1.0, 'inertia': 0.5, 'graze_move_prob': 0.05, 'collect_threshold_scale': 1.0, 'shepherd_speed': 1.5, 'shepherd_stop_multiple': 3.0, 'n_shepherds': 10, 'initial_spread': 30.0, 'shepherd_start_offset': 50.0, 'success_fraction': 1.0, 'sheep_model': 'strombom', 'dog_controller': 'collect_drive_multi', 'scenario_id': 'drive_to_goal', 'obs_mode': 'global', 'observation_frequency': 1, 'noise_sigma': 0.0, 'communication': 'none', 'stubborn_fraction': 0.0, 'stubborn_rs_scale': 0.25, 'stubborn_response_scale': 0.25, 'cohesion_scale': 1.0, 'initial_layout': 'compact', 'speed_scale': 1.0, 'failure_mode': 'none', 'failure_tick': -1, 'sensing_scale': 1.0, 'goal_mode': 'static', 'goal_velocity': [0.0, 0.0], 'latency': 0}",4.641464992879064,1.0,25.0,180.0,1641.1239327678368,0.536641693852732,3.9894551124495754,3.0835756042441886,10.457356904511927,3.9894551124495754,62.46189422511056,4.641464992879064,120.38988384793788,62.46189422511056,0.6473503050091377,0.0,0.816994964258452,0.6473503050091377,0.972817679558011,0.4,1.0,0.972817679558011,0.1878453038674033,0.0,3.0,0.1878453038674033,6.896848615279184,1.823318149567456,44.0317075771251,6.896848615279184,4.627322649542179,3.4125789019577777,12.384991764448952,4.627322649542179,0.0572261462871042,0.0,0.231470303971118,0.0572261462871042,0.996316758747698,0.9166666666666666,1.0,0.996316758747698,0.0705299682394146,180.0,none,No failure (scenario success),[]
strombom_multi,drive_to_goal,paper,2028,strombom,collect_drive_multi,global,25,6,compact,10000,True,182,"{'world_width': 500.0, 'world_height': 500.0, 'goal_center': [370.0, 250.0], 'goal_radius': 10.606601717798213, 'max_ticks': 10000, 'measurement_radius': 5.0, 'n_sheep': 25, 'r_a': 2.0, 'r_s': 65.0, 'rs_weight': 1.0, 'n_neighbors': -1, 'c': 1.05, 'noise_strength': 0.3, 'sheep_speed': 1.0, 'inertia': 0.5, 'graze_move_prob': 0.05, 'collect_threshold_scale': 1.0, 'shepherd_speed': 1.5, 'shepherd_stop_multiple': 3.0, 'n_shepherds': 6, 'initial_spread': 30.0, 'shepherd_start_offset': 50.0, 'success_fraction': 1.0, 'sheep_model': 'strombom', 'dog_controller': 'collect_drive_multi', 'scenario_id': 'drive_to_goal', 'obs_mode': 'global', 'observation_frequency': 1, 'noise_sigma': 0.0, 'communication': 'none', 'stubborn_fraction': 0.0, 'stubborn_rs_scale': 0.25, 'stubborn_response_scale': 0.25, 'cohesion_scale': 1.0, 'initial_layout': 'compact', 'speed_scale': 1.0, 'failure_mode': 'none', 'failure_tick': -1, 'sensing_scale': 1.0, 'goal_mode': 'static', 'goal_velocity': [0.0, 0.0], 'latency': 0}",5.492675771073156,1.0,25.0,182.0,967.6702493011404,0.6362563602921969,4.260934831765074,3.3202079249659646,12.774721369501812,4.260934831765074,63.46876719356631,5.492675771073156,121.73052037353696,63.46876719356631,0.6407359682712179,0.0,0.7952191689175194,0.6407359682712179,0.9499453551912568,0.4,1.0,0.9499453551912568,0.366120218579235,0.0,9.0,0.366120218579235,7.131735299042208,2.0753064947627977,50.29106790734113,7.131735299042208,4.860624661951294,3.649664577448658,14.590914804829694,4.860624661951294,0.0439414865484448,0.0,0.2341380707757619,0.0439414865484448,1.0,1.0,1.0,1.0,0.1201213374973672,182.0,none,No failure (scenario success),[]
strombom_multi,drive_to_goal,paper,2027,strombom,collect_drive_multi,global,25,10,compact,10000,True,180,"{'world_width': 500.0, 'world_height': 500.0, 'goal_center': [370.0, 250.0], 'goal_radius': 10.606601717798213, 'max_ticks': 10000, 'measurement_radius': 5.0, 'n_sheep': 25, 'r_a': 2.0, 'r_s': 65.0, 'rs_weight': 1.0, 'n_neighbors': -1, 'c': 1.05, 'noise_strength': 0.3, 'sheep_speed': 1.0, 'inertia': 0.5, 'graze_move_prob': 0.05, 'collect_threshold_scale': 1.0, 'shepherd_speed': 1.5, 'shepherd_stop_multiple': 3.0, 'n_shepherds': 10, 'initial_spread': 30.0, 'shepherd_start_offset': 50.0, 'success_fraction': 1.0, 'sheep_model': 'strombom', 'dog_controller': 'collect_drive_multi', 'scenario_id': 'drive_to_goal', 'obs_mode': 'global', 'observation_frequency': 1, 'noise_sigma': 0.0, 'communication': 'none', 'stubborn_fraction': 0.0, 'stubborn_rs_scale': 0.25, 'stubborn_response_scale': 0.25, 'cohesion_scale': 1.0, 'initial_layout': 'compact', 'speed_scale': 1.0, 'failure_mode': 'none', 'failure_tick': -1, 'sensing_scale': 1.0, 'goal_mode': 'static', 'goal_velocity': [0.0, 0.0], 'latency': 0}",5.207433383667687,1.0,25.0,180.0,1601.2569783600302,0.7844840066086065,4.219175701933853,3.331681511288968,12.354373707550575,4.219175701933853,61.26036118864887,5.207433383667687,118.19085813421464,61.26036118864887,0.6312411475845487,0.0,0.8511526705302895,0.6312411475845487,0.958232044198895,0.24,1.0,0.958232044198895,0.1712707182320442,0.0,7.0,0.1712707182320442,5.598873450581005,2.151864174912548,29.8084187458112,5.598873450581005,4.751875902473922,3.756294491420031,13.506997018272722,4.751875902473922,0.055956861159387,0.0,0.2184903928869033,0.055956861159387,0.9972375690607734,0.75,1.0,0.9972375690607734,0.0705592083453474,180.0,none,No failure (scenario success),[]
strombom_multi,drive_to_goal,paper,2030,strombom,collect_drive_multi,global,25,6,compact,10000,True,187,"{'world_width': 500.0, 'world_height': 500.0, 'goal_center': [370.0, 250.0], 'goal_radius': 10.606601717798213, 'max_ticks': 10000, 'measurement_radius': 5.0, 'n_sheep': 25, 'r_a': 2.0, 'r_s': 65.0, 'rs_weight': 1.0, 'n_neighbors': -1, 'c': 1.05, 'noise_strength': 0.3, 'sheep_speed': 1.0, 'inertia': 0.5, 'graze_move_prob': 0.05, 'collect_threshold_scale': 1.0, 'shepherd_speed': 1.5, 'shepherd_stop_multiple': 3.0, 'n_shepherds': 6, 'initial_spread': 30.0, 'shepherd_start_offset': 50.0, 'success_fraction': 1.0, 'sheep_model': 'strombom', 'dog_controller': 'collect_drive_multi', 'scenario_id': 'drive_to_goal', 'obs_mode': 'global', 'observation_frequency': 1, 'noise_sigma': 0.0, 'communication': 'none', 'stubborn_fraction': 0.0, 'stubborn_rs_scale': 0.25, 'stubborn_response_scale': 0.25, 'cohesion_scale': 1.0, 'initial_layout': 'compact', 'speed_scale': 1.0, 'failure_mode': 'none', 'failure_tick': -1, 'sensing_scale': 1.0, 'goal_mode': 'static', 'goal_velocity': [0.0, 0.0], 'latency': 0}",5.261420368418099,1.0,25.0,187.0,993.8132560576817,0.4393281835898249,4.366375493603052,3.28510507023696,13.320768856317263,4.366375493603052,63.84983257081208,5.261420368418099,122.71737871172648,63.84983257081208,0.630960460518111,0.0,0.7875508564448989,0.630960460518111,0.945744680851064,0.24,1.0,0.945744680851064,0.5053191489361702,0.0,6.0,0.5053191489361702,8.689382544640768,2.228631561649726,45.60958653496407,8.689382544640768,5.100189424633543,3.648746551468116,14.847017112845958,5.100189424633543,0.0618955551170967,0.0,0.6822679909617098,0.0618955551170967,0.9968971631205672,0.9166666666666666,1.0,0.9968971631205672,0.118187151989942,187.0,none,No failure (scenario success),[]
strombom_multi,drive_to_goal,paper,2029,strombom,collect_drive_multi,global,25,6,compact,10000,True,184,"{'world_width': 500.0, 'world_height': 500.0, 'goal_center': [370.0, 250.0], 'goal_radius': 10.606601717798213, 'max_ticks': 10000, 'measurement_radius': 5.0, 'n_sheep': 25, 'r_a': 2.0, 'r_s': 65.0, 'rs_weight': 1.0, 'n_neighbors': -1, 'c': 1.05, 'noise_strength': 0.3, 'sheep_speed': 1.0, 'inertia': 0.5, 'graze_move_prob': 0.05, 'collect_threshold_scale': 1.0, 'shepherd_speed': 1.5, 'shepherd_stop_multiple': 3.0, 'n_shepherds': 6, 'initial_spread': 30.0, 'shepherd_start_offset': 50.0, 'success_fraction': 1.0, 'sheep_model': 'strombom', 'dog_controller': 'collect_drive_multi', 'scenario_id': 'drive_to_goal', 'obs_mode': 'global', 'observation_frequency': 1, 'noise_sigma': 0.0, 'communication': 'none', 'stubborn_fraction': 0.0, 'stubborn_rs_scale': 0.25, 'stubborn_response_scale': 0.25, 'cohesion_scale': 1.0, 'initial_layout': 'compact', 'speed_scale': 1.0, 'failure_mode': 'none', 'failure_tick': -1, 'sensing_scale': 1.0, 'goal_mode': 'static', 'goal_velocity': [0.0, 0.0], 'latency': 0}",4.28173151890401,1.0,25.0,184.0,972.5461576458785,0.7207297169983915,4.103484617310993,3.2559612850684783,10.798323063943558,4.103484617310993,62.79253924593224,4.28173151890401,120.4625055834117,62.79253924593224,0.633544293792207,0.0,0.7870430178859134,0.633544293792207,0.9623783783783784,0.4,1.0,0.9623783783783784,0.1783783783783784,0.0,4.0,0.1783783783783784,6.268954830352119,1.8603240723935743,41.78862939506865,6.268954830352119,4.700070813777624,3.616289023572544,12.585404657314918,4.700070813777624,0.044414405592662,0.0,0.2436259562318605,0.044414405592662,1.0,1.0,1.0,1.0,0.1194604216479884,184.0,none,No failure (scenario success),[]
strombom_multi,drive_to_goal,paper,2028,strombom,collect_drive_multi,global,25,3,compact,10000,True,180,"{'world_width': 500.0, 'world_height': 500.0, 'goal_center': [370.0, 250.0], 'goal_radius': 10.606601717798213, 'max_ticks': 10000, 'measurement_radius': 5.0, 'n_sheep': 25, 'r_a': 2.0, 'r_s': 65.0, 'rs_weight': 1.0, 'n_neighbors': -1, 'c': 1.05, 'noise_strength': 0.3, 'sheep_speed': 1.0, 'inertia': 0.5, 'graze_move_prob': 0.05, 'collect_threshold_scale': 1.0, 'shepherd_speed': 1.5, 'shepherd_stop_multiple': 3.0, 'n_shepherds': 3, 'initial_spread': 30.0, 'shepherd_start_offset': 50.0, 'success_fraction': 1.0, 'sheep_model': 'strombom', 'dog_controller': 'collect_drive_multi', 'scenario_id': 'drive_to_goal', 'obs_mode': 'global', 'observation_frequency': 1, 'noise_sigma': 0.0, 'communication': 'none', 'stubborn_fraction': 0.0, 'stubborn_rs_scale': 0.25, 'stubborn_response_scale': 0.25, 'cohesion_scale': 1.0, 'initial_layout': 'compact', 'speed_scale': 1.0, 'failure_mode': 'none', 'failure_tick': -1, 'sensing_scale': 1.0, 'goal_mode': 'static', 'goal_velocity': [0.0, 0.0], 'latency': 0}",4.8699526186081625,1.0,25.0,180.0,485.60723127145934,0.2927969198728761,4.328738580927559,3.2454313319706403,12.774721369501812,4.328738580927559,62.46294191992342,4.8699526186081625,121.73052037353696,62.46294191992342,0.6499576386602988,0.0,0.8165255108871295,0.6499576386602988,0.9394475138121546,0.4,1.0,0.9394475138121546,0.3480662983425414,0.0,9.0,0.3480662983425414,7.660465326685583,2.001013611414943,49.701288773392015,7.660465326685583,4.967314430852102,3.566526880890588,14.590914804829694,4.967314430852102,0.042211126853911,0.0,0.1912710208080974,0.042211126853911,1.0,1.0,1.0,1.0,0.2406483269389424,180.0,none,No failure (scenario success),[]
strombom_multi,drive_to_goal,paper,2029,strombom,collect_drive_multi,global,25,10,compact,10000,True,179,"{'world_width': 500.0, 'world_height': 500.0, 'goal_center': [370.0, 250.0], 'goal_radius': 10.606601717798213, 'max_ticks': 10000, 'measurement_radius': 5.0, 'n_sheep': 25, 'r_a': 2.0, 'r_s': 65.0, 'rs_weight': 1.0, 'n_neighbors': -1, 'c': 1.05, 'noise_strength': 0.3, 'sheep_speed': 1.0, 'inertia': 0.5, 'graze_move_prob': 0.05, 'collect_threshold_scale': 1.0, 'shepherd_speed': 1.5, 'shepherd_stop_multiple': 3.0, 'n_shepherds': 10, 'initial_spread': 30.0, 'shepherd_start_offset': 50.0, 'success_fraction': 1.0, 'sheep_model': 'strombom', 'dog_controller': 'collect_drive_multi', 'scenario_id': 'drive_to_goal', 'obs_mode': 'global', 'observation_frequency': 1, 'noise_sigma': 0.0, 'communication': 'none', 'stubborn_fraction': 0.0, 'stubborn_rs_scale': 0.25, 'stubborn_response_scale': 0.25, 'cohesion_scale': 1.0, 'initial_layout': 'compact', 'speed_scale': 1.0, 'failure_mode': 'none', 'failure_tick': -1, 'sensing_scale': 1.0, 'goal_mode': 'static', 'goal_velocity': [0.0, 0.0], 'latency': 0}",4.840937584180941,1.0,25.0,179.0,1619.824688161235,0.718645638602028,4.233924860374619,3.254447703473859,10.798323063943558,4.233924860374619,62.89420639202353,4.840937584180941,120.4625055834117,62.89420639202353,0.6478582346110187,0.0,0.860280918527877,0.6478582346110187,0.9508888888888888,0.4,1.0,0.9508888888888888,0.1666666666666666,0.0,4.0,0.1666666666666666,7.042993526333478,2.4324618199672714,41.92660107178173,7.042993526333478,4.886785493178782,3.696109883835339,12.585404657314918,4.886785493178782,0.0496191327340791,0.0,0.1484082247224559,0.0496191327340791,1.0,1.0,1.0,1.0,0.0713790627123235,179.0,none,No failure (scenario success),[]
strombom_multi,drive_to_goal,paper,2028,strombom,collect_drive_multi,global,25,4,compact,10000,True,184,"{'world_width': 500.0, 'world_height': 500.0, 'goal_center': [370.0, 250.0], 'goal_radius': 10.606601717798213, 'max_ticks': 10000, 'measurement_radius': 5.0, 'n_sheep': 25, 'r_a': 2.0, 'r_s': 65.0, 'rs_weight': 1.0, 'n_neighbors': -1, 'c': 1.05, 'noise_strength': 0.3, 'sheep_speed': 1.0, 'inertia': 0.5, 'graze_move_prob': 0.05, 'collect_threshold_scale': 1.0, 'shepherd_speed': 1.5, 'shepherd_stop_multiple': 3.0, 'n_shepherds': 4, 'initial_spread': 30.0, 'shepherd_start_offset': 50.0, 'success_fraction': 1.0, 'sheep_model': 'strombom', 'dog_controller': 'collect_drive_multi', 'scenario_id': 'drive_to_goal', 'obs_mode': 'global', 'observation_frequency': 1, 'noise_sigma': 0.0, 'communication': 'none', 'stubborn_fraction': 0.0, 'stubborn_rs_scale': 0.25, 'stubborn_response_scale': 0.25, 'cohesion_scale': 1.0, 'initial_layout': 'compact', 'speed_scale': 1.0, 'failure_mode': 'none', 'failure_tick': -1, 'sensing_scale': 1.0, 'goal_mode': 'static', 'goal_velocity': [0.0, 0.0], 'latency': 0}",6.622475099570376,1.0,25.0,184.0,645.7995559362344,0.587523419313432,4.249818368019949,3.316914997626294,12.774721369501812,4.249818368019949,63.998674632968815,6.622475099570376,121.73052037353696,63.998674632968815,0.626664754971554,0.0,0.8028952152224376,0.626664754971554,0.9507027027027026,0.4,1.0,0.9507027027027026,0.3459459459459459,0.0,9.0,0.3459459459459459,7.011284492108399,2.0460366039295868,49.71978822698364,7.011284492108399,4.84114509725388,3.74744099143464,14.590914804829694,4.84114509725388,0.0570293418392886,0.0,0.2923068800455136,0.0570293418392886,1.0,1.0,1.0,1.0,0.1782411341350198,184.0,none,No failure (scenario success),[]
strombom_multi,drive_to_goal,paper,2028,strombom,collect_drive_multi,global,25,10,compact,10000,True,184,"{'world_width': 500.0, 'world_height': 500.0, 'goal_center': [370.0, 250.0], 'goal_radius': 10.606601717798213, 'max_ticks': 10000, 'measurement_radius': 5.0, 'n_sheep': 25, 'r_a': 2.0, 'r_s': 65.0, 'rs_weight': 1.0, 'n_neighbors': -1, 'c': 1.05, 'noise_strength': 0.3, 'sheep_speed': 1.0, 'inertia': 0.5, 'graze_move_prob': 0.05, 'collect_threshold_scale': 1.0, 'shepherd_speed': 1.5, 'shepherd_stop_multiple': 3.0, 'n_shepherds': 10, 'initial_spread': 30.0, 'shepherd_start_offset': 50.0, 'success_fraction': 1.0, 'sheep_model': 'strombom', 'dog_controller': 'collect_drive_multi', 'scenario_id': 'drive_to_goal', 'obs_mode': 'global', 'observation_frequency': 1, 'noise_sigma': 0.0, 'communication': 'none', 'stubborn_fraction': 0.0, 'stubborn_rs_scale': 0.25, 'stubborn_response_scale': 0.25, 'cohesion_scale': 1.0, 'initial_layout': 'compact', 'speed_scale': 1.0, 'failure_mode': 'none', 'failure_tick': -1, 'sensing_scale': 1.0, 'goal_mode': 'static', 'goal_velocity': [0.0, 0.0], 'latency': 0}",4.947750625168062,1.0,25.0,184.0,1639.414449966736,0.9700437445390042,4.245952104397165,3.26008201587123,12.774721369501812,4.245952104397165,63.833476382966,4.947750625168062,121.73052037353696,63.833476382966,0.6360043465490479,0.0,0.7865173682342115,0.6360043465490479,0.947027027027027,0.4,1.0,0.947027027027027,0.3351351351351351,0.0,9.0,0.3351351351351351,7.09476640043379,2.074714623971311,49.701288773392015,7.09476640043379,4.853141635563211,3.5994175899484,14.590914804829694,4.853141635563211,0.0556663698459452,0.0,0.2457677353446223,0.0556663698459452,1.0,1.0,1.0,1.0,0.0712344396810327,184.0,none,No failure (scenario success),[]
strombom_multi,drive_to_goal,paper,2026,strombom,collect_drive_multi,global,50,1,compact,10000,True,198,"{'world_width': 500.0, 'world_height': 500.0, 'goal_center': [370.0, 250.0], 'goal_radius': 15.0, 'max_ticks': 10000, 'measurement_radius': 5.0, 'n_sheep': 50, 'r_a': 2.0, 'r_s': 65.0, 'rs_weight': 1.0, 'n_neighbors': -1, 'c': 1.05, 'noise_strength': 0.3, 'sheep_speed': 1.0, 'inertia': 0.5, 'graze_move_prob': 0.05, 'collect_threshold_scale': 1.0, 'shepherd_speed': 1.5, 'shepherd_stop_multiple': 3.0, 'n_shepherds': 1, 'initial_spread': 30.0, 'shepherd_start_offset': 50.0, 'success_fraction': 1.0, 'sheep_model': 'strombom', 'dog_controller': 'collect_drive_multi', 'scenario_id': 'drive_to_goal', 'obs_mode': 'global', 'observation_frequency': 1, 'noise_sigma': 0.0, 'communication': 'none', 'stubborn_fraction': 0.0, 'stubborn_rs_scale': 0.25, 'stubborn_response_scale': 0.25, 'cohesion_scale': 1.0, 'initial_layout': 'compact', 'speed_scale': 1.0, 'failure_mode': 'none', 'failure_tick': -1, 'sensing_scale': 1.0, 'goal_mode': 'static', 'goal_velocity': [0.0, 0.0], 'latency': 0}",5.248581942178107,1.0,50.0,198.0,157.49999999999991,0.092994202584284,5.674742594909943,4.557108063326922,11.10817369177783,5.674742594909943,62.051243374945145,5.248581942178107,120.61711919953515,62.051243374945145,0.5853868607232654,0.0,0.7203012417311827,0.5853868607232654,0.9754773869346732,0.54,1.0,0.9754773869346732,0.0703517587939698,0.0,1.0,0.0703517587939698,11.430046831870186,6.11331932400854,42.59761404440921,11.430046831870186,6.557354882508606,5.199202432038852,12.88367714633964,6.557354882508606,2.4547644765581352e-17,0.0,2.220446049250313e-16,2.4547644765581352e-17,0.997788944723618,0.88,1.0,0.997788944723618,0.732498649253061,198.0,none,No failure (scenario success),[]
strombom_multi,drive_to_goal,paper,2030,strombom,collect_drive_multi,global,25,10,compact,10000,True,185,"{'world_width': 500.0, 'world_height': 500.0, 'goal_center': [370.0, 250.0], 'goal_radius': 10.606601717798213, 'max_ticks': 10000, 'measurement_radius': 5.0, 'n_sheep': 25, 'r_a': 2.0, 'r_s': 65.0, 'rs_weight': 1.0, 'n_neighbors': -1, 'c': 1.05, 'noise_strength': 0.3, 'sheep_speed': 1.0, 'inertia': 0.5, 'graze_move_prob': 0.05, 'collect_threshold_scale': 1.0, 'shepherd_speed': 1.5, 'shepherd_stop_multiple': 3.0, 'n_shepherds': 10, 'initial_spread': 30.0, 'shepherd_start_offset': 50.0, 'success_fraction': 1.0, 'sheep_model': 'strombom', 'dog_controller': 'collect_drive_multi', 'scenario_id': 'drive_to_goal', 'obs_mode': 'global', 'observation_frequency': 1, 'noise_sigma': 0.0, 'communication': 'none', 'stubborn_fraction': 0.0, 'stubborn_rs_scale': 0.25, 'stubborn_response_scale': 0.25, 'cohesion_scale': 1.0, 'initial_layout': 'compact', 'speed_scale': 1.0, 'failure_mode': 'none', 'failure_tick': -1, 'sensing_scale': 1.0, 'goal_mode': 'static', 'goal_velocity': [0.0, 0.0], 'latency': 0}",4.838164504675789,1.0,25.0,185.0,1657.091684327248,0.4823705928129468,4.343096028944739,3.3307782301592272,13.320768856317263,4.343096028944739,64.12395832689722,4.838164504675789,122.71737871172648,64.12395832689722,0.6409933954385241,0.0,0.8253367138136352,0.6409933954385241,0.9436559139784946,0.24,1.0,0.9436559139784946,0.3602150537634409,0.0,6.0,0.3602150537634409,7.567465822914704,2.057337014928597,42.99103422570869,7.567465822914704,4.995941072546066,3.662268567210039,14.847017112845958,4.995941072546066,0.0599406580090892,0.0,0.2301137331623961,0.0599406580090892,0.9973118279569892,0.9166666666666666,1.0,0.9973118279569892,0.0711362052697209,185.0,none,No failure (scenario success),[]
strombom_multi,drive_to_goal,paper,2027,strombom,collect_drive_multi,global,50,1,compact,10000,True,191,"{'world_width': 500.0, 'world_height': 500.0, 'goal_center': [370.0, 250.0], 'goal_radius': 15.0, 'max_ticks': 10000, 'measurement_radius': 5.0, 'n_sheep': 50, 'r_a': 2.0, 'r_s': 65.0, 'rs_weight': 1.0, 'n_neighbors': -1, 'c': 1.05, 'noise_strength': 0.3, 'sheep_speed': 1.0, 'inertia': 0.5, 'graze_move_prob': 0.05, 'collect_threshold_scale': 1.0, 'shepherd_speed': 1.5, 'shepherd_stop_multiple': 3.0, 'n_shepherds': 1, 'initial_spread': 30.0, 'shepherd_start_offset': 50.0, 'success_fraction': 1.0, 'sheep_model': 'strombom', 'dog_controller': 'collect_drive_multi', 'scenario_id': 'drive_to_goal', 'obs_mode': 'global', 'observation_frequency': 1, 'noise_sigma': 0.0, 'communication': 'none', 'stubborn_fraction': 0.0, 'stubborn_rs_scale': 0.25, 'stubborn_response_scale': 0.25, 'cohesion_scale': 1.0, 'initial_layout': 'compact', 'speed_scale': 1.0, 'failure_mode': 'none', 'failure_tick': -1, 'sensing_scale': 1.0, 'goal_mode': 'static', 'goal_velocity': [0.0, 0.0], 'latency': 0}",6.97632756718115,1.0,50.0,191.0,155.99999999999997,0.3010102057803359,5.538085583624735,4.431204765085116,11.912336281292204,5.538085583624735,63.21934706056553,6.97632756718115,120.41995269046326,63.21934706056553,0.5946378203704749,0.0,0.7356029846105429,0.5946378203704749,0.9772916666666666,0.68,1.0,0.9772916666666666,0.0208333333333333,0.0,1.0,0.0208333333333333,9.727896443697736,5.091735847659993,35.68265246007985,9.727896443697736,6.315696685575863,5.018073443453275,13.326155039570509,6.315696685575863,2.1973164029039562e-17,0.0,2.220446049250313e-16,2.1973164029039562e-17,0.9970833333333332,0.88,1.0,0.9970833333333332,0.7272027251492444,191.0,none,No failure (scenario success),[]
strombom_multi,drive_to_goal,paper,2030,strombom,collect_drive_multi,global,50,1,compact,10000,True,194,"{'world_width': 500.0, 'world_height': 500.0, 'goal_center': [370.0, 250.0], 'goal_radius': 15.0, 'max_ticks': 10000, 'measurement_radius': 5.0, 'n_sheep': 50, 'r_a': 2.0, 'r_s': 65.0, 'rs_weight': 1.0, 'n_neighbors': -1, 'c': 1.05, 'noise_strength': 0.3, 'sheep_speed': 1.0, 'inertia': 0.5, 'graze_move_prob': 0.05, 'collect_threshold_scale': 1.0, 'shepherd_speed': 1.5, 'shepherd_stop_multiple': 3.0, 'n_shepherds': 1, 'initial_spread': 30.0, 'shepherd_start_offset': 50.0, 'success_fraction': 1.0, 'sheep_model': 'strombom', 'dog_controller': 'collect_drive_multi', 'scenario_id': 'drive_to_goal', 'obs_mode': 'global', 'observation_frequency': 1, 'noise_sigma': 0.0, 'communication': 'none', 'stubborn_fraction': 0.0, 'stubborn_rs_scale': 0.25, 'stubborn_response_scale': 0.25, 'cohesion_scale': 1.0, 'initial_layout': 'compact', 'speed_scale': 1.0, 'failure_mode': 'none', 'failure_tick': -1, 'sensing_scale': 1.0, 'goal_mode': 'static', 'goal_velocity': [0.0, 0.0], 'latency': 0}",7.505093416700276,1.0,50.0,194.0,160.49999999999963,0.2497265539817278,5.638174410650465,4.560819135001469,12.488365974382011,5.638174410650465,63.53722598413553,7.505093416700276,120.27941576877132,63.53722598413553,0.5858042621452442,0.0,0.7279059075332422,0.5858042621452442,0.9773333333333334,0.64,1.0,0.9773333333333334,0.041025641025641,0.0,1.0,0.041025641025641,11.169602178139664,4.911570244766563,46.33089801130521,11.169602178139664,6.48658518417965,5.184636886323692,14.213638037814528,6.48658518417965,2.2773805633336547e-17,0.0,2.220446049250313e-16,2.2773805633336547e-17,0.9897435897435898,0.68,1.0,0.9897435897435898,0.7026437529724069,194.0,none,No failure (scenario success),[]
strombom_multi,drive_to_goal,paper,2028,strombom,collect_drive_multi,global,50,2,compact,10000,True,189,"{'world_width': 500.0, 'world_height': 500.0, 'goal_center': [370.0, 250.0], 'goal_radius': 15.0, 'max_ticks': 10000, 'measurement_radius': 5.0, 'n_sheep': 50, 'r_a': 2.0, 'r_s': 65.0, 'rs_weight': 1.0, 'n_neighbors': -1, 'c': 1.05, 'noise_strength': 0.3, 'sheep_speed': 1.0, 'inertia': 0.5, 'graze_move_prob': 0.05, 'collect_threshold_scale': 1.0, 'shepherd_speed': 1.5, 'shepherd_stop_multiple': 3.0, 'n_shepherds': 2, 'initial_spread': 30.0, 'shepherd_start_offset': 50.0, 'success_fraction': 1.0, 'sheep_model': 'strombom', 'dog_controller': 'collect_drive_multi', 'scenario_id': 'drive_to_goal', 'obs_mode': 'global', 'observation_frequency': 1, 'noise_sigma': 0.0, 'communication': 'none', 'stubborn_fraction': 0.0, 'stubborn_rs_scale': 0.25, 'stubborn_response_scale': 0.25, 'cohesion_scale': 1.0, 'initial_layout': 'compact', 'speed_scale': 1.0, 'failure_mode': 'none', 'failure_tick': -1, 'sensing_scale': 1.0, 'goal_mode': 'static', 'goal_velocity': [0.0, 0.0], 'latency': 0}",7.525611646628364,1.0,50.0,189.0,306.24114943329533,0.3316504634914113,5.140901926918232,4.324380548675759,11.862355236872611,5.140901926918232,63.9895979687666,7.525611646628364,119.52032385728934,63.9895979687666,0.59242458157632,0.0,0.7178684964606268,0.59242458157632,0.979684210526316,0.64,1.0,0.979684210526316,0.0,0.0,0.0,0.0,8.342246205516805,4.543334394692929,38.86328068246716,8.342246205516805,5.838769800169128,4.841322897150275,13.400699699949486,5.838769800169128,0.0132420955049708,-2.220446049250313e-16,0.1454689746105368,0.0132420955049708,0.9993684210526316,0.92,1.0,0.9993684210526316,0.3657075883430727,189.0,none,No failure (scenario success),[]
strombom_multi,drive_to_goal,paper,2028,strombom,collect_drive_multi,global,50,1,compact,10000,True,199,"{'world_width': 500.0, 'world_height': 500.0, 'goal_center': [370.0, 250.0], 'goal_radius': 15.0, 'max_ticks': 10000, 'measurement_radius': 5.0, 'n_sheep': 50, 'r_a': 2.0, 'r_s': 65.0, 'rs_weight': 1.0, 'n_neighbors': -1, 'c': 1.05, 'noise_strength': 0.3, 'sheep_speed': 1.0, 'inertia': 0.5, 'graze_move_prob': 0.05, 'collect_threshold_scale': 1.0, 'shepherd_speed': 1.5, 'shepherd_stop_multiple': 3.0, 'n_shepherds': 1, 'initial_spread': 30.0, 'shepherd_start_offset': 50.0, 'success_fraction': 1.0, 'sheep_model': 'strombom', 'dog_controller': 'collect_drive_multi', 'scenario_id': 'drive_to_goal', 'obs_mode': 'global', 'observation_frequency': 1, 'noise_sigma': 0.0, 'communication': 'none', 'stubborn_fraction': 0.0, 'stubborn_rs_scale': 0.25, 'stubborn_response_scale': 0.25, 'cohesion_scale': 1.0, 'initial_layout': 'compact', 'speed_scale': 1.0, 'failure_mode': 'none', 'failure_tick': -1, 'sensing_scale': 1.0, 'goal_mode': 'static', 'goal_velocity': [0.0, 0.0], 'latency': 0}",4.475217467403637,1.0,50.0,199.0,157.49999999999994,0.4692802971994848,5.59884623496515,4.509290629282297,11.862355236872611,5.59884623496515,61.76573929001328,4.475217467403637,119.52032385728934,61.76573929001328,0.5792951462709123,0.0,0.7274959695159775,0.5792951462709123,0.9757,0.64,1.0,0.9757,0.0,0.0,0.0,0.0,10.013041569699109,5.145317883464701,38.86328068246716,10.013041569699109,6.393420687987059,5.114876748998966,13.400699699949486,6.393420687987059,1.942890293094024e-17,-2.220446049250313e-16,2.220446049250313e-16,1.942890293094024e-17,0.9994,0.92,1.0,0.9994,0.7304451199357825,199.0,none,No failure (scenario success),[]
strombom_multi,drive_to_goal,paper,2030,strombom,collect_drive_multi,global,50,2,compact,10000,True,192,"{'world_width': 500.0, 'world_height': 500.0, 'goal_center': [370.0, 250.0], 'goal_radius': 15.0, 'max_ticks': 10000, 'measurement_radius': 5.0, 'n_sheep': 50, 'r_a': 2.0, 'r_s': 65.0, 'rs_weight': 1.0, 'n_neighbors': -1, 'c': 1.05, 'noise_strength': 0.3, 'sheep_speed': 1.0, 'inertia': 0.5, 'graze_move_prob': 0.05, 'collect_threshold_scale': 1.0, 'shepherd_speed': 1.5, 'shepherd_stop_multiple': 3.0, 'n_shepherds': 2, 'initial_spread': 30.0, 'shepherd_start_offset': 50.0, 'success_fraction': 1.0, 'sheep_model': 'strombom', 'dog_controller': 'collect_drive_multi', 'scenario_id': 'drive_to_goal', 'obs_mode': 'global', 'observation_frequency': 1, 'noise_sigma': 0.0, 'communication': 'none', 'stubborn_fraction': 0.0, 'stubborn_rs_scale': 0.25, 'stubborn_response_scale': 0.25, 'cohesion_scale': 1.0, 'initial_layout': 'compact', 'speed_scale': 1.0, 'failure_mode': 'none', 'failure_tick': -1, 'sensing_scale': 1.0, 'goal_mode': 'static', 'goal_velocity': [0.0, 0.0], 'latency': 0}",6.522220708495509,1.0,50.0,192.0,313.0486870817905,0.405626419096969,5.239358615504925,4.325374641794851,12.488365974382011,5.239358615504925,63.29194232476655,6.522220708495509,120.27941576877132,63.29194232476655,0.5932363011291101,0.0,0.7204945790796113,0.5932363011291101,0.9757512953367876,0.64,1.0,0.9757512953367876,0.0362694300518134,0.0,1.0,0.0362694300518134,9.705532481392432,5.216301860463975,46.06822155990572,9.705532481392432,6.021107113307701,4.920502005636633,14.213638037814528,6.021107113307701,0.0155344843493334,0.0,0.2762440864159654,0.0155344843493334,0.9956476683937824,0.84,1.0,0.9956476683937824,0.3633849933079399,192.0,none,No failure (scenario success),[]
strombom_multi,drive_to_goal,paper,2026,strombom,collect_drive_multi,global,50,3,compact,10000,True,185,"{'world_width': 500.0, 'world_height': 500.0, 'goal_center': [370.0, 250.0], 'goal_radius': 15.0, 'max_ticks': 10000, 'measurement_radius': 5.0, 'n_sheep': 50, 'r_a': 2.0, 'r_s': 65.0, 'rs_weight': 1.0, 'n_neighbors': -1, 'c': 1.05, 'noise_strength': 0.3, 'sheep_speed': 1.0, 'inertia': 0.5, 'graze_move_prob': 0.05, 'collect_threshold_scale': 1.0, 'shepherd_speed': 1.5, 'shepherd_stop_multiple': 3.0, 'n_shepherds': 3, 'initial_spread': 30.0, 'shepherd_start_offset': 50.0, 'success_fraction': 1.0, 'sheep_model': 'strombom', 'dog_controller': 'collect_drive_multi', 'scenario_id': 'drive_to_goal', 'obs_mode': 'global', 'observation_frequency': 1, 'noise_sigma': 0.0, 'communication': 'none', 'stubborn_fraction': 0.0, 'stubborn_rs_scale': 0.25, 'stubborn_response_scale': 0.25, 'cohesion_scale': 1.0, 'initial_layout': 'compact', 'speed_scale': 1.0, 'failure_mode': 'none', 'failure_tick': -1, 'sensing_scale': 1.0, 'goal_mode': 'static', 'goal_velocity': [0.0, 0.0], 'latency': 0}",8.440624454665855,1.0,50.0,185.0,469.92844913676566,0.3524857463258424,5.086625336599848,4.267520280409224,11.10817369177783,5.086625336599848,64.34233082347636,8.440624454665855,120.61711919953515,64.34233082347636,0.6075591049622002,0.0,0.7451697469209275,0.6075591049622002,0.971720430107527,0.54,1.0,0.971720430107527,0.0806451612903225,0.0,1.0,0.0806451612903225,9.357523542425932,4.731217999977019,42.59761404440921,9.357523542425932,5.868119869784031,4.84076783813013,12.88367714633964,5.868119869784031,0.038129090703014,0.0,0.3892134476374562,0.038129090703014,0.9976344086021506,0.88,1.0,0.9976344086021506,0.2387097332603117,185.0,none,No failure (scenario success),[]
strombom_multi,drive_to_goal,paper,2027,strombom,collect_drive_multi,global,50,2,compact,10000,True,188,"{'world_width': 500.0, 'world_height': 500.0, 'goal_center': [370.0, 250.0], 'goal_radius': 15.0, 'max_ticks': 10000, 'measurement_radius': 5.0, 'n_sheep': 50, 'r_a': 2.0, 'r_s': 65.0, 'rs_weight': 1.0, 'n_neighbors': -1, 'c': 1.05, 'noise_strength': 0.3, 'sheep_speed': 1.0, 'inertia': 0.5, 'graze_move_prob': 0.05, 'collect_threshold_scale': 1.0, 'shepherd_speed': 1.5, 'shepherd_stop_multiple': 3.0, 'n_shepherds': 2, 'initial_spread': 30.0, 'shepherd_start_offset': 50.0, 'success_fraction': 1.0, 'sheep_model': 'strombom', 'dog_controller': 'collect_drive_multi', 'scenario_id': 'drive_to_goal', 'obs_mode': 'global', 'observation_frequency': 1, 'noise_sigma': 0.0, 'communication': 'none', 'stubborn_fraction': 0.0, 'stubborn_rs_scale': 0.25, 'stubborn_response_scale': 0.25, 'cohesion_scale': 1.0, 'initial_layout': 'compact', 'speed_scale': 1.0, 'failure_mode': 'none', 'failure_tick': -1, 'sensing_scale': 1.0, 'goal_mode': 'static', 'goal_velocity': [0.0, 0.0], 'latency': 0}",8.225814040025037,1.0,50.0,188.0,303.3650073043998,0.3692053931850977,5.206639325662227,4.482311930590786,11.912336281292204,5.206639325662227,63.95593903770678,8.225814040025037,120.41995269046326,63.95593903770678,0.5971158916380253,0.0,0.7105039148778269,0.5971158916380253,0.973650793650794,0.68,1.0,0.973650793650794,0.0158730158730158,0.0,1.0,0.0158730158730158,9.069552867513488,4.635590124180172,35.68265246007985,9.069552867513488,5.9587131680535625,5.03369060491949,13.326155039570509,5.9587131680535625,0.0119736401968534,-2.220446049250313e-16,0.1354374805315926,0.0119736401968534,0.9972486772486772,0.88,1.0,0.9972486772486772,0.3698321690011577,188.0,none,No failure (scenario success),[]
strombom_multi,drive_to_goal,paper,2027,strombom,collect_drive_multi,global,50,3,compact,10000,True,190,"{'world_width': 500.0, 'world_height': 500.0, 'goal_center': [370.0, 250.0], 'goal_radius': 15.0, 'max_ticks': 10000, 'measurement_radius': 5.0, 'n_sheep': 50, 'r_a': 2.0, 'r_s': 65.0, 'rs_weight': 1.0, 'n_neighbors': -1, 'c': 1.05, 'noise_strength': 0.3, 'sheep_speed': 1.0, 'inertia': 0.5, 'graze_move_prob': 0.05, 'collect_threshold_scale': 1.0, 'shepherd_speed': 1.5, 'shepherd_stop_multiple': 3.0, 'n_shepherds': 3, 'initial_spread': 30.0, 'shepherd_start_offset': 50.0, 'success_fraction': 1.0, 'sheep_model': 'strombom', 'dog_controller': 'collect_drive_multi', 'scenario_id': 'drive_to_goal', 'obs_mode': 'global', 'observation_frequency': 1, 'noise_sigma': 0.0, 'communication': 'none', 'stubborn_fraction': 0.0, 'stubborn_rs_scale': 0.25, 'stubborn_response_scale': 0.25, 'cohesion_scale': 1.0, 'initial_layout': 'compact', 'speed_scale': 1.0, 'failure_mode': 'none', 'failure_tick': -1, 'sensing_scale': 1.0, 'goal_mode': 'static', 'goal_velocity': [0.0, 0.0], 'latency': 0}",7.149160236948395,1.0,50.0,190.0,465.0005562668599,0.2741628664532577,5.161979324061517,4.4953973677490575,11.912336281292204,5.161979324061517,63.42487672926694,7.149160236948395,120.41995269046326,63.42487672926694,0.5962798204509733,0.0,0.700932709156798,0.5962798204509733,0.973612565445026,0.66,1.0,0.973612565445026,0.0157068062827225,0.0,1.0,0.0157068062827225,8.60978122111454,5.20459270126673,35.68265246007985,8.60978122111454,5.89428762850495,5.103693984276235,13.326155039570509,5.89428762850495,0.0388091989127612,0.0,0.3113674966349743,0.0388091989127612,0.9985340314136124,0.88,1.0,0.9985340314136124,0.2435928106471118,190.0,none,No failure (scenario success),[]
strombom_multi,drive_to_goal,paper,2029,strombom,collect_drive_multi,global,50,2,compact,10000,True,191,"{'world_width': 500.0, 'world_height': 500.0, 'goal_center': [370.0, 250.0], 'goal_radius': 15.0, 'max_ticks': 10000, 'measurement_radius': 5.0, 'n_sheep': 50, 'r_a': 2.0, 'r_s': 65.0, 'rs_weight': 1.0, 'n_neighbors': -1, 'c': 1.05, 'noise_strength': 0.3, 'sheep_speed': 1.0, 'inertia': 0.5, 'graze_move_prob': 0.05, 'collect_threshold_scale': 1.0, 'shepherd_speed': 1.5, 'shepherd_stop_multiple': 3.0, 'n_shepherds': 2, 'initial_spread': 30.0, 'shepherd_start_offset': 50.0, 'success_fraction': 1.0, 'sheep_model': 'strombom', 'dog_controller': 'collect_drive_multi', 'scenario_id': 'drive_to_goal', 'obs_mode': 'global', 'observation_frequency': 1, 'noise_sigma': 0.0, 'communication': 'none', 'stubborn_fraction': 0.0, 'stubborn_rs_scale': 0.25, 'stubborn_response_scale': 0.25, 'cohesion_scale': 1.0, 'initial_layout': 'compact', 'speed_scale': 1.0, 'failure_mode': 'none', 'failure_tick': -1, 'sensing_scale': 1.0, 'goal_mode': 'static', 'goal_velocity': [0.0, 0.0], 'latency': 0}",7.671773757587023,1.0,50.0,191.0,306.48320258895774,0.3699460187191163,5.11065868697996,4.570456646676351,11.708472691668124,5.11065868697996,64.56252932313994,7.671773757587023,121.16951190358674,64.56252932313994,0.5939702304775699,0.0,0.7212231807886462,0.5939702304775699,0.9851041666666666,0.62,1.0,0.9851041666666666,0.0,0.0,0.0,0.0,7.955255399470658,4.869814324416189,26.97393897327832,7.955255399470658,5.810189659036759,5.172192845117178,12.80867954727639,5.810189659036759,0.0104737688425514,0.0,0.11589404812543,0.0104737688425514,0.9995833333333334,0.96,1.0,0.9995833333333334,0.370322866595133,191.0,none,No failure (scenario success),[]
strombom_multi,drive_to_goal,paper,2026,strombom,collect_drive_multi,global,5,1,compact,10000,False,10000,"{'world_width': 500.0, 'world_height': 500.0, 'goal_center': [370.0, 250.0], 'goal_radius': 4.743416490252569, 'max_ticks': 10000, 'measurement_radius': 5.0, 'n_sheep': 5, 'r_a': 2.0, 'r_s': 65.0, 'rs_weight': 1.0, 'n_neighbors': -1, 'c': 1.05, 'noise_strength': 0.3, 'sheep_speed': 1.0, 'inertia': 0.5, 'graze_move_prob': 0.05, 'collect_threshold_scale': 1.0, 'shepherd_speed': 1.5, 'shepherd_stop_multiple': 3.0, 'n_shepherds': 1, 'initial_spread': 30.0, 'shepherd_start_offset': 50.0, 'success_fraction': 1.0, 'sheep_model': 'strombom', 'dog_controller': 'collect_drive_multi', 'scenario_id': 'drive_to_goal', 'obs_mode': 'global', 'observation_frequency': 1, 'noise_sigma': 0.0, 'communication': 'none', 'stubborn_fraction': 0.0, 'stubborn_rs_scale': 0.25, 'stubborn_response_scale': 0.25, 'cohesion_scale': 1.0, 'initial_layout': 'compact', 'speed_scale': 1.0, 'failure_mode': 'none', 'failure_tick': -1, 'sensing_scale': 1.0, 'goal_mode': 'static', 'goal_velocity': [0.0, 0.0], 'latency': 0}",444.4050261459121,0.0,0.0,-1.0,2718.0,1.374596737112277,1.6984252289092807,0.6541554694472187,7.418264163003316,1.6984252289092807,410.6083652473294,62.406099847398586,445.67440279515927,410.6083652473294,0.6284028977952579,0.0,0.9957633338131175,0.6284028977952579,0.9995200479952006,0.6,1.0,0.9995200479952006,0.0025997400259974,0.0,2.0,0.0025997400259974,0.7019034730447797,0.005220563352307,29.97789344051098,0.7019034730447797,1.8816768291741928,0.7125887089991682,9.220007409574585,1.8816768291741928,7.104716885912409e-18,-2.220446049250313e-16,2.220446049250313e-16,7.104716885912409e-18,1.0,1.0,1.0,1.0,-0.1176024224503331,-1.0,oscillation,GCM-to-goal distance oscillated without settling,"['stuck', 'oscillation']"
strombom_multi,drive_to_goal,paper,2030,strombom,collect_drive_multi,global,50,3,compact,10000,True,183,"{'world_width': 500.0, 'world_height': 500.0, 'goal_center': [370.0, 250.0], 'goal_radius': 15.0, 'max_ticks': 10000, 'measurement_radius': 5.0, 'n_sheep': 50, 'r_a': 2.0, 'r_s': 65.0, 'rs_weight': 1.0, 'n_neighbors': -1, 'c': 1.05, 'noise_strength': 0.3, 'sheep_speed': 1.0, 'inertia': 0.5, 'graze_move_prob': 0.05, 'collect_threshold_scale': 1.0, 'shepherd_speed': 1.5, 'shepherd_stop_multiple': 3.0, 'n_shepherds': 3, 'initial_spread': 30.0, 'shepherd_start_offset': 50.0, 'success_fraction': 1.0, 'sheep_model': 'strombom', 'dog_controller': 'collect_drive_multi', 'scenario_id': 'drive_to_goal', 'obs_mode': 'global', 'observation_frequency': 1, 'noise_sigma': 0.0, 'communication': 'none', 'stubborn_fraction': 0.0, 'stubborn_rs_scale': 0.25, 'stubborn_response_scale': 0.25, 'cohesion_scale': 1.0, 'initial_layout': 'compact', 'speed_scale': 1.0, 'failure_mode': 'none', 'failure_tick': -1, 'sensing_scale': 1.0, 'goal_mode': 'static', 'goal_velocity': [0.0, 0.0], 'latency': 0}",8.192254190981357,1.0,50.0,183.0,469.0485042364189,0.4541682644677017,5.206416129140693,4.388557327771233,12.488365974382011,5.206416129140693,64.05895282407221,8.192254190981357,120.27941576877132,64.05895282407221,0.6139444261154519,0.0,0.7770798398272196,0.6139444261154519,0.969891304347826,0.64,1.0,0.969891304347826,0.0380434782608695,0.0,1.0,0.0380434782608695,10.218209090624898,4.678481678188901,46.06822155990572,10.218209090624898,6.009075815571376,4.963646080032274,14.213638037814528,6.009075815571376,0.0478790835417367,0.0,0.4076262105452451,0.0478790835417367,0.9956521739130434,0.84,1.0,0.9956521739130434,0.2389671016225938,183.0,none,No failure (scenario success),[]
strombom_multi,drive_to_goal,paper,2029,strombom,collect_drive_multi,global,50,3,compact,10000,True,191,"{'world_width': 500.0, 'world_height': 500.0, 'goal_center': [370.0, 250.0], 'goal_radius': 15.0, 'max_ticks': 10000, 'measurement_radius': 5.0, 'n_sheep': 50, 'r_a': 2.0, 'r_s': 65.0, 'rs_weight': 1.0, 'n_neighbors': -1, 'c': 1.05, 'noise_strength': 0.3, 'sheep_speed': 1.0, 'inertia': 0.5, 'graze_move_prob': 0.05, 'collect_threshold_scale': 1.0, 'shepherd_speed': 1.5, 'shepherd_stop_multiple': 3.0, 'n_shepherds': 3, 'initial_spread': 30.0, 'shepherd_start_offset': 50.0, 'success_fraction': 1.0, 'sheep_model': 'strombom', 'dog_controller': 'collect_drive_multi', 'scenario_id': 'drive_to_goal', 'obs_mode': 'global', 'observation_frequency': 1, 'noise_sigma': 0.0, 'communication': 'none', 'stubborn_fraction': 0.0, 'stubborn_rs_scale': 0.25, 'stubborn_response_scale': 0.25, 'cohesion_scale': 1.0, 'initial_layout': 'compact', 'speed_scale': 1.0, 'failure_mode': 'none', 'failure_tick': -1, 'sensing_scale': 1.0, 'goal_mode': 'static', 'goal_velocity': [0.0, 0.0], 'latency': 0}",7.563860183697914,1.0,50.0,191.0,467.5998483936561,0.3208914455300982,5.062819589224894,4.369516856779419,11.708472691668124,5.062819589224894,64.3658719375535,7.563860183697914,121.16951190358674,64.3658719375535,0.5940766481821105,0.0,0.7453757674503807,0.5940766481821105,0.9870833333333332,0.62,1.0,0.9870833333333332,0.0,0.0,0.0,0.0,7.819471656769842,4.844994041926101,27.82567783915917,7.819471656769842,5.746951563996421,4.953966079307522,12.80867954727639,5.746951563996421,0.0464948200980109,0.0,0.5310514013305518,0.0464948200980109,0.9995833333333334,0.96,1.0,0.9995833333333334,0.2429548514828605,191.0,none,No failure (scenario success),[]
strombom_multi,drive_to_goal,paper,2028,strombom,collect_drive_multi,global,50,3,compact,10000,True,187,"{'world_width': 500.0, 'world_height': 500.0, 'goal_center': [370.0, 250.0], 'goal_radius': 15.0, 'max_ticks': 10000, 'measurement_radius': 5.0, 'n_sheep': 50, 'r_a': 2.0, 'r_s': 65.0, 'rs_weight': 1.0, 'n_neighbors': -1, 'c': 1.05, 'noise_strength': 0.3, 'sheep_speed': 1.0, 'inertia': 0.5, 'graze_move_prob': 0.05, 'collect_threshold_scale': 1.0, 'shepherd_speed': 1.5, 'shepherd_stop_multiple': 3.0, 'n_shepherds': 3, 'initial_spread': 30.0, 'shepherd_start_offset': 50.0, 'success_fraction': 1.0, 'sheep_model': 'strombom', 'dog_controller': 'collect_drive_multi', 'scenario_id': 'drive_to_goal', 'obs_mode': 'global', 'observation_frequency': 1, 'noise_sigma': 0.0, 'communication': 'none', 'stubborn_fraction': 0.0, 'stubborn_rs_scale': 0.25, 'stubborn_response_scale': 0.25, 'cohesion_scale': 1.0, 'initial_layout': 'compact', 'speed_scale': 1.0, 'failure_mode': 'none', 'failure_tick': -1, 'sensing_scale': 1.0, 'goal_mode': 'static', 'goal_velocity': [0.0, 0.0], 'latency': 0}",8.190930259870562,1.0,50.0,187.0,462.5843968122356,0.3506271891703923,5.122476846031083,4.266706443126344,11.862355236872611,5.122476846031083,63.5348133625511,8.190930259870562,119.52032385728934,63.5348133625511,0.5947339380949568,0.0,0.706941214843884,0.5947339380949568,0.9765957446808512,0.64,1.0,0.9765957446808512,0.0,0.0,0.0,0.0,8.460870309129605,4.278791293290344,38.86328068246716,8.460870309129605,5.822281992232852,4.778263242485771,13.400699699949486,5.822281992232852,0.0475116536153014,0.0,0.2609644431849308,0.0475116536153014,1.0,1.0,1.0,1.0,0.2406682853217976,187.0,none,No failure (scenario success),[]
strombom_multi,drive_to_goal,paper,2027,strombom,collect_drive_multi,global,50,4,compact,10000,True,188,"{'world_width': 500.0, 'world_height': 500.0, 'goal_center': [370.0, 250.0], 'goal_radius': 15.0, 'max_ticks': 10000, 'measurement_radius': 5.0, 'n_sheep': 50, 'r_a': 2.0, 'r_s': 65.0, 'rs_weight': 1.0, 'n_neighbors': -1, 'c': 1.05, 'noise_strength': 0.3, 'sheep_speed': 1.0, 'inertia': 0.5, 'graze_move_prob': 0.05, 'collect_threshold_scale': 1.0, 'shepherd_speed': 1.5, 'shepherd_stop_multiple': 3.0, 'n_shepherds': 4, 'initial_spread': 30.0, 'shepherd_start_offset': 50.0, 'success_fraction': 1.0, 'sheep_model': 'strombom', 'dog_controller': 'collect_drive_multi', 'scenario_id': 'drive_to_goal', 'obs_mode': 'global', 'observation_frequency': 1, 'noise_sigma': 0.0, 'communication': 'none', 'stubborn_fraction': 0.0, 'stubborn_rs_scale': 0.25, 'stubborn_response_scale': 0.25, 'cohesion_scale': 1.0, 'initial_layout': 'compact', 'speed_scale': 1.0, 'failure_mode': 'none', 'failure_tick': -1, 'sensing_scale': 1.0, 'goal_mode': 'static', 'goal_velocity': [0.0, 0.0], 'latency': 0}",8.178038157642325,1.0,50.0,188.0,623.613855970514,0.456239817176689,5.109336554147146,4.4466320267411925,11.912336281292204,5.109336554147146,63.84802483705623,8.178038157642325,120.41995269046326,63.84802483705623,0.5972181862543117,0.0,0.7273899286035217,0.5972181862543117,0.9770370370370371,0.68,1.0,0.9770370370370371,0.0211640211640211,0.0,1.0,0.0211640211640211,8.266319265714518,4.637519395629739,35.68265246007985,8.266319265714518,5.804285112161951,4.995609287964153,13.326155039570509,5.804285112161951,0.0516213061495558,0.0,0.2811738980576863,0.0516213061495558,0.998095238095238,0.88,1.0,0.998095238095238,0.1799862422205834,188.0,none,No failure (scenario success),[]
strombom_multi,drive_to_goal,paper,2026,strombom,collect_drive_multi,global,50,2,compact,10000,True,190,"{'world_width': 500.0, 'world_height': 500.0, 'goal_center': [370.0, 250.0], 'goal_radius': 15.0, 'max_ticks': 10000, 'measurement_radius': 5.0, 'n_sheep': 50, 'r_a': 2.0, 'r_s': 65.0, 'rs_weight': 1.0, 'n_neighbors': -1, 'c': 1.05, 'noise_strength': 0.3, 'sheep_speed': 1.0, 'inertia': 0.5, 'graze_move_prob': 0.05, 'collect_threshold_scale': 1.0, 'shepherd_speed': 1.5, 'shepherd_stop_multiple': 3.0, 'n_shepherds': 2, 'initial_spread': 30.0, 'shepherd_start_offset': 50.0, 'success_fraction': 1.0, 'sheep_model': 'strombom', 'dog_controller': 'collect_drive_multi', 'scenario_id': 'drive_to_goal', 'obs_mode': 'global', 'observation_frequency': 1, 'noise_sigma': 0.0, 'communication': 'none', 'stubborn_fraction': 0.0, 'stubborn_rs_scale': 0.25, 'stubborn_response_scale': 0.25, 'cohesion_scale': 1.0, 'initial_layout': 'compact', 'speed_scale': 1.0, 'failure_mode': 'none', 'failure_tick': -1, 'sensing_scale': 1.0, 'goal_mode': 'static', 'goal_velocity': [0.0, 0.0], 'latency': 0}",7.696663027847131,1.0,50.0,190.0,310.103944451195,0.4575867810622977,5.163589783123863,4.506791773864313,11.10817369177783,5.163589783123863,63.49314766787561,7.696663027847131,120.61711919953515,63.49314766787561,0.5957880617823895,0.0,0.7372721372423544,0.5957880617823895,0.9725654450261784,0.54,1.0,0.9725654450261784,0.094240837696335,0.0,1.0,0.094240837696335,9.58220796911891,4.6641435950253225,42.59761404440921,9.58220796911891,5.955201876132935,5.103553958879246,12.88367714633964,5.955201876132935,0.0126470046056688,0.0,0.1639105670228628,0.0126470046056688,0.997696335078534,0.88,1.0,0.997696335078534,0.3641374390497627,190.0,none,No failure (scenario success),[]
strombom_multi,drive_to_goal,paper,2029,strombom,collect_drive_multi,global,50,4,compact,10000,True,193,"{'world_width': 500.0, 'world_height': 500.0, 'goal_center': [370.0, 250.0], 'goal_radius': 15.0, 'max_ticks': 10000, 'measurement_radius': 5.0, 'n_sheep': 50, 'r_a': 2.0, 'r_s': 65.0, 'rs_weight': 1.0, 'n_neighbors': -1, 'c': 1.05, 'noise_strength': 0.3, 'sheep_speed': 1.0, 'inertia': 0.5, 'graze_move_prob': 0.05, 'collect_threshold_scale': 1.0, 'shepherd_speed': 1.5, 'shepherd_stop_multiple': 3.0, 'n_shepherds': 4, 'initial_spread': 30.0, 'shepherd_start_offset': 50.0, 'success_fraction': 1.0, 'sheep_model': 'strombom', 'dog_controller': 'collect_drive_multi', 'scenario_id': 'drive_to_goal', 'obs_mode': 'global', 'observation_frequency': 1, 'noise_sigma': 0.0, 'communication': 'none', 'stubborn_fraction': 0.0, 'stubborn_rs_scale': 0.25, 'stubborn_response_scale': 0.25, 'cohesion_scale': 1.0, 'initial_layout': 'compact', 'speed_scale': 1.0, 'failure_mode': 'none', 'failure_tick': -1, 'sensing_scale': 1.0, 'goal_mode': 'static', 'goal_velocity': [0.0, 0.0], 'latency': 0}",6.735473804745165,1.0,50.0,193.0,634.9780511699063,0.1551369482153767,5.036091242173042,4.408228200430625,11.708472691668124,5.036091242173042,63.9221198177187,6.735473804745165,121.16951190358674,63.9221198177187,0.5929732336911419,0.0,0.6864253468406964,0.5929732336911419,0.9868041237113404,0.62,1.0,0.9868041237113404,0.0,0.0,0.0,0.0,7.658518265627429,4.312291046774398,26.97393897327832,7.658518265627429,5.7154790574053616,4.935874736760485,12.80867954727639,5.7154790574053616,0.0561576880469898,0.0,0.2670002487995337,0.0561576880469898,0.9995876288659796,0.96,1.0,0.9995876288659796,0.1802173128472775,193.0,none,No failure (scenario success),[]
strombom_multi,drive_to_goal,paper,2027,strombom,collect_drive_multi,global,5,1,compact,10000,False,10000,"{'world_width': 500.0, 'world_height': 500.0, 'goal_center': [370.0, 250.0], 'goal_radius': 4.743416490252569, 'max_ticks': 10000, 'measurement_radius': 5.0, 'n_sheep': 5, 'r_a': 2.0, 'r_s': 65.0, 'rs_weight': 1.0, 'n_neighbors': -1, 'c': 1.05, 'noise_strength': 0.3, 'sheep_speed': 1.0, 'inertia': 0.5, 'graze_move_prob': 0.05, 'collect_threshold_scale': 1.0, 'shepherd_speed': 1.5, 'shepherd_stop_multiple': 3.0, 'n_shepherds': 1, 'initial_spread': 30.0, 'shepherd_start_offset': 50.0, 'success_fraction': 1.0, 'sheep_model': 'strombom', 'dog_controller': 'collect_drive_multi', 'scenario_id': 'drive_to_goal', 'obs_mode': 'global', 'observation_frequency': 1, 'noise_sigma': 0.0, 'communication': 'none', 'stubborn_fraction': 0.0, 'stubborn_rs_scale': 0.25, 'stubborn_response_scale': 0.25, 'cohesion_scale': 1.0, 'initial_layout': 'compact', 'speed_scale': 1.0, 'failure_mode': 'none', 'failure_tick': -1, 'sensing_scale': 1.0, 'goal_mode': 'static', 'goal_velocity': [0.0, 0.0], 'latency': 0}",444.57227618728,0.0,0.0,-1.0,3220.470625649384,0.8938363505304228,1.7424269499846772,0.5349077416032616,7.796767392544311,1.7424269499846772,406.7534909362466,52.49643923087724,445.5435706260321,406.7534909362466,0.6438676467298418,0.0,0.9934570456855984,0.6438676467298418,0.9994800519948004,0.4,1.0,0.9994800519948004,0.0022997700229977,0.0,3.0,0.0022997700229977,0.7482867299768624,0.0047458783209179,18.887587573109457,0.7482867299768624,1.9358818450780315,0.6280257269856147,8.926206884592787,1.9358818450780315,8.792087146316608e-18,-2.220446049250313e-16,2.220446049250313e-16,8.792087146316608e-18,0.9999500049995,0.5,1.0,0.9999500049995,-0.1005490776192228,-1.0,oscillation,GCM-to-goal distance oscillated without settling,"['stuck', 'oscillation']"
strombom_multi,drive_to_goal,paper,2026,strombom,collect_drive_multi,global,50,6,compact,10000,True,187,"{'world_width': 500.0, 'world_height': 500.0, 'goal_center': [370.0, 250.0], 'goal_radius': 15.0, 'max_ticks': 10000, 'measurement_radius': 5.0, 'n_sheep': 50, 'r_a': 2.0, 'r_s': 65.0, 'rs_weight': 1.0, 'n_neighbors': -1, 'c': 1.05, 'noise_strength': 0.3, 'sheep_speed': 1.0, 'inertia': 0.5, 'graze_move_prob': 0.05, 'collect_threshold_scale': 1.0, 'shepherd_speed': 1.5, 'shepherd_stop_multiple': 3.0, 'n_shepherds': 6, 'initial_spread': 30.0, 'shepherd_start_offset': 50.0, 'success_fraction': 1.0, 'sheep_model': 'strombom', 'dog_controller': 'collect_drive_multi', 'scenario_id': 'drive_to_goal', 'obs_mode': 'global', 'observation_frequency': 1, 'noise_sigma': 0.0, 'communication': 'none', 'stubborn_fraction': 0.0, 'stubborn_rs_scale': 0.25, 'stubborn_response_scale': 0.25, 'cohesion_scale': 1.0, 'initial_layout': 'compact', 'speed_scale': 1.0, 'failure_mode': 'none', 'failure_tick': -1, 'sensing_scale': 1.0, 'goal_mode': 'static', 'goal_velocity': [0.0, 0.0], 'latency': 0}",7.908558665018964,1.0,50.0,187.0,951.7294982760334,0.4955251989089844,5.0082616402479605,4.368439488176872,11.10817369177783,5.0082616402479605,63.64517020912112,7.908558665018964,120.61711919953515,63.64517020912112,0.6036298388277211,0.0,0.760078853451842,0.6036298388277211,0.9785106382978724,0.54,1.0,0.9785106382978724,0.0797872340425532,0.0,1.0,0.0797872340425532,8.84863984835653,4.618310941832928,42.59761404440921,8.84863984835653,5.750472791355188,4.9863036008064245,12.88367714633964,5.750472791355188,0.0497805158741186,0.0,0.2038122603067431,0.0497805158741186,0.9976595744680852,0.88,1.0,0.9976595744680852,0.1184249944324274,187.0,none,No failure (scenario success),[]
strombom_multi,drive_to_goal,paper,2029,strombom,collect_drive_multi,global,50,1,compact,10000,True,195,"{'world_width': 500.0, 'world_height': 500.0, 'goal_center': [370.0, 250.0], 'goal_radius': 15.0, 'max_ticks': 10000, 'measurement_radius': 5.0, 'n_sheep': 50, 'r_a': 2.0, 'r_s': 65.0, 'rs_weight': 1.0, 'n_neighbors': -1, 'c': 1.05, 'noise_strength': 0.3, 'sheep_speed': 1.0, 'inertia': 0.5, 'graze_move_prob': 0.05, 'collect_threshold_scale': 1.0, 'shepherd_speed': 1.5, 'shepherd_stop_multiple': 3.0, 'n_shepherds': 1, 'initial_spread': 30.0, 'shepherd_start_offset': 50.0, 'success_fraction': 1.0, 'sheep_model': 'strombom', 'dog_controller': 'collect_drive_multi', 'scenario_id': 'drive_to_goal', 'obs_mode': 'global', 'observation_frequency': 1, 'noise_sigma': 0.0, 'communication': 'none', 'stubborn_fraction': 0.0, 'stubborn_rs_scale': 0.25, 'stubborn_response_scale': 0.25, 'cohesion_scale': 1.0, 'initial_layout': 'compact', 'speed_scale': 1.0, 'failure_mode': 'none', 'failure_tick': -1, 'sensing_scale': 1.0, 'goal_mode': 'static', 'goal_velocity': [0.0, 0.0], 'latency': 0}",6.180568002828744,1.0,50.0,195.0,159.00000000000034,0.1105528995128127,5.636179253630194,4.53089908801376,11.708472691668124,5.636179253630194,63.69267134888672,6.180568002828744,121.16951190358674,63.69267134888672,0.5912642670129791,0.0,0.7278106551225546,0.5912642670129791,0.9808163265306122,0.62,1.0,0.9808163265306122,0.0,0.0,0.0,0.0,10.097073591114626,5.297214178327184,27.31462165643833,10.097073591114626,6.447567222416305,5.138062761803595,12.80867954727639,6.447567222416305,2.1524732110079565e-17,-2.220446049250313e-16,2.220446049250313e-16,2.1524732110079565e-17,0.9975510204081632,0.8,1.0,0.9975510204081632,0.7232009050362123,195.0,none,No failure (scenario success),[]
strombom_multi,drive_to_goal,paper,2026,strombom,collect_drive_multi,global,50,4,compact,10000,True,185,"{'world_width': 500.0, 'world_height': 500.0, 'goal_center': [370.0, 250.0], 'goal_radius': 15.0, 'max_ticks': 10000, 'measurement_radius': 5.0, 'n_sheep': 50, 'r_a': 2.0, 'r_s': 65.0, 'rs_weight': 1.0, 'n_neighbors': -1, 'c': 1.05, 'noise_strength': 0.3, 'sheep_speed': 1.0, 'inertia': 0.5, 'graze_move_prob': 0.05, 'collect_threshold_scale': 1.0, 'shepherd_speed': 1.5, 'shepherd_stop_multiple': 3.0, 'n_shepherds': 4, 'initial_spread': 30.0, 'shepherd_start_offset': 50.0, 'success_fraction': 1.0, 'sheep_model': 'strombom', 'dog_controller': 'collect_drive_multi', 'scenario_id': 'drive_to_goal', 'obs_mode': 'global', 'observation_frequency': 1, 'noise_sigma': 0.0, 'communication': 'none', 'stubborn_fraction': 0.0, 'stubborn_rs_scale': 0.25, 'stubborn_response_scale': 0.25, 'cohesion_scale': 1.0, 'initial_layout': 'compact', 'speed_scale': 1.0, 'failure_mode': 'none', 'failure_tick': -1, 'sensing_scale': 1.0, 'goal_mode': 'static', 'goal_velocity': [0.0, 0.0], 'latency': 0}",8.360758742824594,1.0,50.0,185.0,630.8514050283248,0.1789821041378415,5.103816750910015,4.40312121307073,11.10817369177783,5.103816750910015,64.20614845869252,8.360758742824594,120.61711919953515,64.20614845869252,0.6077843335913355,0.0,0.7415054259814947,0.6077843335913355,0.9713978494623656,0.54,1.0,0.9713978494623656,0.086021505376344,0.0,1.0,0.086021505376344,9.767341832461074,4.153594491309291,42.59761404440921,9.767341832461074,5.913724272923856,4.951556582935,12.88367714633964,5.913724272923856,0.0479360958078582,0.0,0.2043096955771314,0.0479360958078582,0.9976344086021506,0.88,1.0,0.9976344086021506,0.1779442188159513,185.0,none,No failure (scenario success),[]
strombom_multi,drive_to_goal,paper,2028,strombom,collect_drive_multi,global,50,4,compact,10000,True,182,"{'world_width': 500.0, 'world_height': 500.0, 'goal_center': [370.0, 250.0], 'goal_radius': 15.0, 'max_ticks': 10000, 'measurement_radius': 5.0, 'n_sheep': 50, 'r_a': 2.0, 'r_s': 65.0, 'rs_weight': 1.0, 'n_neighbors': -1, 'c': 1.05, 'noise_strength': 0.3, 'sheep_speed': 1.0, 'inertia': 0.5, 'graze_move_prob': 0.05, 'collect_threshold_scale': 1.0, 'shepherd_speed': 1.5, 'shepherd_stop_multiple': 3.0, 'n_shepherds': 4, 'initial_spread': 30.0, 'shepherd_start_offset': 50.0, 'success_fraction': 1.0, 'sheep_model': 'strombom', 'dog_controller': 'collect_drive_multi', 'scenario_id': 'drive_to_goal', 'obs_mode': 'global', 'observation_frequency': 1, 'noise_sigma': 0.0, 'communication': 'none', 'stubborn_fraction': 0.0, 'stubborn_rs_scale': 0.25, 'stubborn_response_scale': 0.25, 'cohesion_scale': 1.0, 'initial_layout': 'compact', 'speed_scale': 1.0, 'failure_mode': 'none', 'failure_tick': -1, 'sensing_scale': 1.0, 'goal_mode': 'static', 'goal_velocity': [0.0, 0.0], 'latency': 0}",8.726352392232547,1.0,50.0,182.0,621.0048835528507,0.4426335558890552,5.138990333432934,4.378144189938292,11.862355236872611,5.138990333432934,63.8808333223057,8.726352392232547,119.52032385728934,63.8808333223057,0.6079999561901743,0.0,0.7134426118822749,0.6079999561901743,0.9703825136612022,0.64,1.0,0.9703825136612022,0.0,0.0,0.0,0.0,9.206384114455409,4.789935731057692,38.86328068246716,9.206384114455409,5.906114340274375,4.93709571473807,13.400699699949486,5.906114340274375,0.0471273508468824,0.0,0.2770735330497212,0.0471273508468824,1.0,1.0,1.0,1.0,0.1784107893503025,182.0,none,No failure (scenario success),[]
strombom_multi,drive_to_goal,paper,2028,strombom,collect_drive_multi,global,50,6,compact,10000,True,181,"{'world_width': 500.0, 'world_height': 500.0, 'goal_center': [370.0, 250.0], 'goal_radius': 15.0, 'max_ticks': 10000, 'measurement_radius': 5.0, 'n_sheep': 50, 'r_a': 2.0, 'r_s': 65.0, 'rs_weight': 1.0, 'n_neighbors': -1, 'c': 1.05, 'noise_strength': 0.3, 'sheep_speed': 1.0, 'inertia': 0.5, 'graze_move_prob': 0.05, 'collect_threshold_scale': 1.0, 'shepherd_speed': 1.5, 'shepherd_stop_multiple': 3.0, 'n_shepherds': 6, 'initial_spread': 30.0, 'shepherd_start_offset': 50.0, 'success_fraction': 1.0, 'sheep_model': 'strombom', 'dog_controller': 'collect_drive_multi', 'scenario_id': 'drive_to_goal', 'obs_mode': 'global', 'observation_frequency': 1, 'noise_sigma': 0.0, 'communication': 'none', 'stubborn_fraction': 0.0, 'stubborn_rs_scale': 0.25, 'stubborn_response_scale': 0.25, 'cohesion_scale': 1.0, 'initial_layout': 'compact', 'speed_scale': 1.0, 'failure_mode': 'none', 'failure_tick': -1, 'sensing_scale': 1.0, 'goal_mode': 'static', 'goal_velocity': [0.0, 0.0], 'latency': 0}",9.249896234041053,1.0,50.0,181.0,931.9241325424024,0.2712378023052431,5.153479197315028,4.277532299564228,11.862355236872611,5.153479197315028,63.96793092896911,9.249896234041053,119.52032385728934,63.96793092896911,0.6080628180768557,0.0,0.7926296802541034,0.6080628180768557,0.9696703296703296,0.64,1.0,0.9696703296703296,0.0,0.0,0.0,0.0,9.340347793992454,4.631909703800627,38.86328068246716,9.340347793992454,5.9278062313526085,4.879985624926585,13.400699699949486,5.9278062313526085,0.0582831653041647,0.0,0.2349934384156785,0.0582831653041647,1.0,1.0,1.0,1.0,0.1183255415034882,181.0,none,No failure (scenario success),[]
strombom_multi,drive_to_goal,paper,2027,strombom,collect_drive_multi,global,50,6,compact,10000,True,185,"{'world_width': 500.0, 'world_height': 500.0, 'goal_center': [370.0, 250.0], 'goal_radius': 15.0, 'max_ticks': 10000, 'measurement_radius': 5.0, 'n_sheep': 50, 'r_a': 2.0, 'r_s': 65.0, 'rs_weight': 1.0, 'n_neighbors': -1, 'c': 1.05, 'noise_strength': 0.3, 'sheep_speed': 1.0, 'inertia': 0.5, 'graze_move_prob': 0.05, 'collect_threshold_scale': 1.0, 'shepherd_speed': 1.5, 'shepherd_stop_multiple': 3.0, 'n_shepherds': 6, 'initial_spread': 30.0, 'shepherd_start_offset': 50.0, 'success_fraction': 1.0, 'sheep_model': 'strombom', 'dog_controller': 'collect_drive_multi', 'scenario_id': 'drive_to_goal', 'obs_mode': 'global', 'observation_frequency': 1, 'noise_sigma': 0.0, 'communication': 'none', 'stubborn_fraction': 0.0, 'stubborn_rs_scale': 0.25, 'stubborn_response_scale': 0.25, 'cohesion_scale': 1.0, 'initial_layout': 'compact', 'speed_scale': 1.0, 'failure_mode': 'none', 'failure_tick': -1, 'sensing_scale': 1.0, 'goal_mode': 'static', 'goal_velocity': [0.0, 0.0], 'latency': 0}",8.229372450964927,1.0,50.0,185.0,944.7269933406246,0.3107680494683975,5.126618719952642,4.2817308825088265,11.912336281292204,5.126618719952642,64.03522495765385,8.229372450964927,120.41995269046326,64.03522495765385,0.6062538295684078,0.0,0.7198957148237362,0.6062538295684078,0.9725806451612904,0.66,1.0,0.9725806451612904,0.021505376344086,0.0,1.0,0.021505376344086,8.726791689548632,4.67521637961122,35.68265246007985,8.726791689548632,5.844557541835808,4.877144787005139,13.326155039570509,5.844557541835808,0.0545752432553742,0.0,0.2861627089474985,0.0545752432553742,0.998494623655914,0.88,1.0,0.998494623655914,0.1187544984215854,185.0,none,No failure (scenario success),[]
strombom_multi,drive_to_goal,paper,2030,strombom,collect_drive_multi,global,50,6,compact,10000,True,188,"{'world_width': 500.0, 'world_height': 500.0, 'goal_center': [370.0, 250.0], 'goal_radius': 15.0, 'max_ticks': 10000, 'measurement_radius': 5.0, 'n_sheep': 50, 'r_a': 2.0, 'r_s': 65.0, 'rs_weight': 1.0, 'n_neighbors': -1, 'c': 1.05, 'noise_strength': 0.3, 'sheep_speed': 1.0, 'inertia': 0.5, 'graze_move_prob': 0.05, 'collect_threshold_scale': 1.0, 'shepherd_speed': 1.5, 'shepherd_stop_multiple': 3.0, 'n_shepherds': 6, 'initial_spread': 30.0, 'shepherd_start_offset': 50.0, 'success_fraction': 1.0, 'sheep_model': 'strombom', 'dog_controller': 'collect_drive_multi', 'scenario_id': 'drive_to_goal', 'obs_mode': 'global', 'observation_frequency': 1, 'noise_sigma': 0.0, 'communication': 'none', 'stubborn_fraction': 0.0, 'stubborn_rs_scale': 0.25, 'stubborn_response_scale': 0.25, 'cohesion_scale': 1.0, 'initial_layout': 'compact', 'speed_scale': 1.0, 'failure_mode': 'none', 'failure_tick': -1, 'sensing_scale': 1.0, 'goal_mode': 'static', 'goal_velocity': [0.0, 0.0], 'latency': 0}",7.739915334583859,1.0,50.0,188.0,940.5195416078848,0.618054072924698,5.088063011385521,4.205974839741922,12.488365974382011,5.088063011385521,64.35663995441753,7.739915334583859,120.27941576877132,64.35663995441753,0.5997748051379532,0.0,0.7269162491872231,0.5997748051379532,0.9775661375661376,0.64,1.0,0.9775661375661376,0.0529100529100529,0.0,1.0,0.0529100529100529,8.96588714761809,4.099666672544704,46.06822155990572,8.96588714761809,5.816164757036108,4.667964334170387,14.213638037814528,5.816164757036108,0.0554424332325466,0.0,0.213384433619184,0.0554424332325466,0.9972486772486772,0.88,1.0,0.9972486772486772,0.1196567380639356,188.0,none,No failure (scenario success),[]
strombom_multi,drive_to_goal,paper,2029,strombom,collect_drive_multi,global,50,6,compact,10000,True,187,"{'world_width': 500.0, 'world_height': 500.0, 'goal_center': [370.0, 250.0], 'goal_radius': 15.0, 'max_ticks': 10000, 'measurement_radius': 5.0, 'n_sheep': 50, 'r_a': 2.0, 'r_s': 65.0, 'rs_weight': 1.0, 'n_neighbors': -1, 'c': 1.05, 'noise_strength': 0.3, 'sheep_speed': 1.0, 'inertia': 0.5, 'graze_move_prob': 0.05, 'collect_threshold_scale': 1.0, 'shepherd_speed': 1.5, 'shepherd_stop_multiple': 3.0, 'n_shepherds': 6, 'initial_spread': 30.0, 'shepherd_start_offset': 50.0, 'success_fraction': 1.0, 'sheep_model': 'strombom', 'dog_controller': 'collect_drive_multi', 'scenario_id': 'drive_to_goal', 'obs_mode': 'global', 'observation_frequency': 1, 'noise_sigma': 0.0, 'communication': 'none', 'stubborn_fraction': 0.0, 'stubborn_rs_scale': 0.25, 'stubborn_response_scale': 0.25, 'cohesion_scale': 1.0, 'initial_layout': 'compact', 'speed_scale': 1.0, 'failure_mode': 'none', 'failure_tick': -1, 'sensing_scale': 1.0, 'goal_mode': 'static', 'goal_velocity': [0.0, 0.0], 'latency': 0}",8.287749015501307,1.0,50.0,187.0,939.664390182042,0.3251234220260139,5.020123314286382,4.368698575827363,11.708472691668124,5.020123314286382,64.30102565265106,8.287749015501307,121.16951190358674,64.30102565265106,0.6026875732431834,0.0,0.7165218087376742,0.6026875732431834,0.9806382978723404,0.62,1.0,0.9806382978723404,0.0,0.0,0.0,0.0,7.925725442103738,4.343416215548575,27.24757764102929,7.925725442103738,5.711464117254567,4.918757081334957,12.80867954727639,5.711464117254567,0.058274885038962,0.0,0.1911241467135874,0.058274885038962,1.0,1.0,1.0,1.0,0.1201298719707966,187.0,none,No failure (scenario success),[]
strombom_multi,drive_to_goal,paper,2027,strombom,collect_drive_multi,global,50,10,compact,10000,True,187,"{'world_width': 500.0, 'world_height': 500.0, 'goal_center': [370.0, 250.0], 'goal_radius': 15.0, 'max_ticks': 10000, 'measurement_radius': 5.0, 'n_sheep': 50, 'r_a': 2.0, 'r_s': 65.0, 'rs_weight': 1.0, 'n_neighbors': -1, 'c': 1.05, 'noise_strength': 0.3, 'sheep_speed': 1.0, 'inertia': 0.5, 'graze_move_prob': 0.05, 'collect_threshold_scale': 1.0, 'shepherd_speed': 1.5, 'shepherd_stop_multiple': 3.0, 'n_shepherds': 10, 'initial_spread': 30.0, 'shepherd_start_offset': 50.0, 'success_fraction': 1.0, 'sheep_model': 'strombom', 'dog_controller': 'collect_drive_multi', 'scenario_id': 'drive_to_goal', 'obs_mode': 'global', 'observation_frequency': 1, 'noise_sigma': 0.0, 'communication': 'none', 'stubborn_fraction': 0.0, 'stubborn_rs_scale': 0.25, 'stubborn_response_scale': 0.25, 'cohesion_scale': 1.0, 'initial_layout': 'compact', 'speed_scale': 1.0, 'failure_mode': 'none', 'failure_tick': -1, 'sensing_scale': 1.0, 'goal_mode': 'static', 'goal_velocity': [0.0, 0.0], 'latency': 0}",8.473271034836497,1.0,50.0,187.0,1564.0994862650066,0.4023742714068558,5.047401448111421,4.377465491351009,11.912336281292204,5.047401448111421,64.13956255880268,8.473271034836497,120.41995269046326,64.13956255880268,0.598545720069395,0.0,0.7189992996055413,0.598545720069395,0.9743617021276596,0.62,1.0,0.9743617021276596,0.0212765957446808,0.0,1.0,0.0212765957446808,8.606693184752643,4.219333206073601,35.68265246007985,8.606693184752643,5.77571027058945,4.890827697612772,13.326155039570509,5.77571027058945,0.0659642363398295,0.0,0.1806089024263677,0.0659642363398295,0.9987234042553192,0.88,1.0,0.9987234042553192,0.0715726094399212,187.0,none,No failure (scenario success),[]
strombom_multi,drive_to_goal,paper,2030,strombom,collect_drive_multi,global,50,4,compact,10000,True,192,"{'world_width': 500.0, 'world_height': 500.0, 'goal_center': [370.0, 250.0], 'goal_radius': 15.0, 'max_ticks': 10000, 'measurement_radius': 5.0, 'n_sheep': 50, 'r_a': 2.0, 'r_s': 65.0, 'rs_weight': 1.0, 'n_neighbors': -1, 'c': 1.05, 'noise_strength': 0.3, 'sheep_speed': 1.0, 'inertia': 0.5, 'graze_move_prob': 0.05, 'collect_threshold_scale': 1.0, 'shepherd_speed': 1.5, 'shepherd_stop_multiple': 3.0, 'n_shepherds': 4, 'initial_spread': 30.0, 'shepherd_start_offset': 50.0, 'success_fraction': 1.0, 'sheep_model': 'strombom', 'dog_controller': 'collect_drive_multi', 'scenario_id': 'drive_to_goal', 'obs_mode': 'global', 'observation_frequency': 1, 'noise_sigma': 0.0, 'communication': 'none', 'stubborn_fraction': 0.0, 'stubborn_rs_scale': 0.25, 'stubborn_response_scale': 0.25, 'cohesion_scale': 1.0, 'initial_layout': 'compact', 'speed_scale': 1.0, 'failure_mode': 'none', 'failure_tick': -1, 'sensing_scale': 1.0, 'goal_mode': 'static', 'goal_velocity': [0.0, 0.0], 'latency': 0}",6.785775956678676,1.0,50.0,192.0,632.1132541784641,0.2293077058147148,5.117527121717873,4.436907166160951,12.488365974382011,5.117527121717873,63.6156560284285,6.785775956678676,120.27941576877132,63.6156560284285,0.5923347701121987,0.0,0.6900109591304938,0.5923347701121987,0.9767875647668396,0.64,1.0,0.9767875647668396,0.0362694300518134,0.0,1.0,0.0362694300518134,9.043238838134677,4.492609263153926,46.06822155990572,9.043238838134677,5.8479360288180215,4.987229403282524,14.213638037814528,5.8479360288180215,0.0518551733388693,0.0,0.2632518558232414,0.0518551733388693,0.9973056994818652,0.88,1.0,0.9973056994818652,0.179546369360023,192.0,none,No failure (scenario success),[]
strombom_multi,drive_to_goal,paper,2029,strombom,collect_drive_multi,global,50,10,compact,10000,True,186,"{'world_width': 500.0, 'world_height': 500.0, 'goal_center': [370.0, 250.0], 'goal_radius': 15.0, 'max_ticks': 10000, 'measurement_radius': 5.0, 'n_sheep': 50, 'r_a': 2.0, 'r_s': 65.0, 'rs_weight': 1.0, 'n_neighbors': -1, 'c': 1.05, 'noise_strength': 0.3, 'sheep_speed': 1.0, 'inertia': 0.5, 'graze_move_prob': 0.05, 'collect_threshold_scale': 1.0, 'shepherd_speed': 1.5, 'shepherd_stop_multiple': 3.0, 'n_shepherds': 10, 'initial_spread': 30.0, 'shepherd_start_offset': 50.0, 'success_fraction': 1.0, 'sheep_model': 'strombom', 'dog_controller': 'collect_drive_multi', 'scenario_id': 'drive_to_goal', 'obs_mode': 'global', 'observation_frequency': 1, 'noise_sigma': 0.0, 'communication': 'none', 'stubborn_fraction': 0.0, 'stubborn_rs_scale': 0.25, 'stubborn_response_scale': 0.25, 'cohesion_scale': 1.0, 'initial_layout': 'compact', 'speed_scale': 1.0, 'failure_mode': 'none', 'failure_tick': -1, 'sensing_scale': 1.0, 'goal_mode': 'static', 'goal_velocity': [0.0, 0.0], 'latency': 0}",7.894937111740317,1.0,50.0,186.0,1559.4122150313774,0.2229706867436226,5.098920881843541,4.272789013004877,11.708472691668124,5.098920881843541,64.2321915871846,7.894937111740317,121.16951190358674,64.2321915871846,0.6086209335657469,0.0,0.7754668195383819,0.6086209335657469,0.9809625668449198,0.62,1.0,0.9809625668449198,0.0,0.0,0.0,0.0,8.492000383926504,4.747472004763725,26.97393897327832,8.492000383926504,5.834285280951175,4.832797307678034,12.80867954727639,5.834285280951175,0.0609171064954006,0.0,0.1762012086482963,0.0609171064954006,1.0,1.0,1.0,1.0,0.0726392763247446,186.0,none,No failure (scenario success),[]
strombom_multi,drive_to_goal,paper,2030,strombom,collect_drive_multi,global,50,10,compact,10000,True,184,"{'world_width': 500.0, 'world_height': 500.0, 'goal_center': [370.0, 250.0], 'goal_radius': 15.0, 'max_ticks': 10000, 'measurement_radius': 5.0, 'n_sheep': 50, 'r_a': 2.0, 'r_s': 65.0, 'rs_weight': 1.0, 'n_neighbors': -1, 'c': 1.05, 'noise_strength': 0.3, 'sheep_speed': 1.0, 'inertia': 0.5, 'graze_move_prob': 0.05, 'collect_threshold_scale': 1.0, 'shepherd_speed': 1.5, 'shepherd_stop_multiple': 3.0, 'n_shepherds': 10, 'initial_spread': 30.0, 'shepherd_start_offset': 50.0, 'success_fraction': 1.0, 'sheep_model': 'strombom', 'dog_controller': 'collect_drive_multi', 'scenario_id': 'drive_to_goal', 'obs_mode': 'global', 'observation_frequency': 1, 'noise_sigma': 0.0, 'communication': 'none', 'stubborn_fraction': 0.0, 'stubborn_rs_scale': 0.25, 'stubborn_response_scale': 0.25, 'cohesion_scale': 1.0, 'initial_layout': 'compact', 'speed_scale': 1.0, 'failure_mode': 'none', 'failure_tick': -1, 'sensing_scale': 1.0, 'goal_mode': 'static', 'goal_velocity': [0.0, 0.0], 'latency': 0}",8.750349888918858,1.0,50.0,184.0,1554.5280899532152,0.2611735462554515,5.163938987714333,4.131346281022114,12.488365974382011,5.163938987714333,64.37328090759266,8.750349888918858,120.27941576877132,64.37328090759266,0.6069327661581863,0.0,0.7552975425085668,0.6069327661581863,0.971891891891892,0.64,1.0,0.971891891891892,0.0486486486486486,0.0,1.0,0.0486486486486486,10.283554233045653,4.449645253866435,46.06822155990572,10.283554233045653,5.983871015559902,4.684095609656302,14.213638037814528,5.983871015559902,0.0656388038225815,0.0,0.2192060692966393,0.0656388038225815,0.9969729729729728,0.88,1.0,0.9969729729729728,0.0717446449508731,184.0,none,No failure (scenario success),[]
strombom_multi,drive_to_goal,paper,2029,strombom,collect_drive_multi,global,5,1,compact,10000,False,10000,"{'world_width': 500.0, 'world_height': 500.0, 'goal_center': [370.0, 250.0], 'goal_radius': 4.743416490252569, 'max_ticks': 10000, 'measurement_radius': 5.0, 'n_sheep': 5, 'r_a': 2.0, 'r_s': 65.0, 'rs_weight': 1.0, 'n_neighbors': -1, 'c': 1.05, 'noise_strength': 0.3, 'sheep_speed': 1.0, 'inertia': 0.5, 'graze_move_prob': 0.05, 'collect_threshold_scale': 1.0, 'shepherd_speed': 1.5, 'shepherd_stop_multiple': 3.0, 'n_shepherds': 1, 'initial_spread': 30.0, 'shepherd_start_offset': 50.0, 'success_fraction': 1.0, 'sheep_model': 'strombom', 'dog_controller': 'collect_drive_multi', 'scenario_id': 'drive_to_goal', 'obs_mode': 'global', 'observation_frequency': 1, 'noise_sigma': 0.0, 'communication': 'none', 'stubborn_fraction': 0.0, 'stubborn_rs_scale': 0.25, 'stubborn_response_scale': 0.25, 'cohesion_scale': 1.0, 'initial_layout': 'compact', 'speed_scale': 1.0, 'failure_mode': 'none', 'failure_tick': -1, 'sensing_scale': 1.0, 'goal_mode': 'static', 'goal_velocity': [0.0, 0.0], 'latency': 0}",444.7605402916535,0.0,0.0,-1.0,1809.0,0.8324025127066942,1.6599672127392429,0.7333925737385283,8.967113777422664,1.6599672127392429,413.6939903853635,6.778719322102094,445.5353106167327,413.6939903853635,0.600287769431769,0.0,0.9910864811017625,0.600287769431769,0.9993000699930008,0.4,1.0,0.9993000699930008,0.0034996500349965,0.0,3.0,0.0034996500349965,0.6387852269149789,0.0023568889080087,22.562447635751568,0.6387852269149789,1.8328623396432904,0.8008680661546203,10.147491174324566,1.8328623396432904,4.729077177185448e-18,-2.220446049250313e-16,2.220446049250313e-16,4.729077177185448e-18,1.0,1.0,1.0,1.0,-0.1785890801413425,-1.0,oscillation,GCM-to-goal distance oscillated without settling,"['stuck', 'oscillation']"
strombom_multi,drive_to_goal,paper,2026,strombom,collect_drive_multi,global,100,1,compact,10000,True,205,"{'world_width': 500.0, 'world_height': 500.0, 'goal_center': [370.0, 250.0], 'goal_radius': 21.213203435596427, 'max_ticks': 10000, 'measurement_radius': 5.0, 'n_sheep': 100, 'r_a': 2.0, 'r_s': 65.0, 'rs_weight': 1.0, 'n_neighbors': -1, 'c': 1.05, 'noise_strength': 0.3, 'sheep_speed': 1.0, 'inertia': 0.5, 'graze_move_prob': 0.05, 'collect_threshold_scale': 1.0, 'shepherd_speed': 1.5, 'shepherd_stop_multiple': 3.0, 'n_shepherds': 1, 'initial_spread': 30.0, 'shepherd_start_offset': 50.0, 'success_fraction': 1.0, 'sheep_model': 'strombom', 'dog_controller': 'collect_drive_multi', 'scenario_id': 'drive_to_goal', 'obs_mode': 'global', 'observation_frequency': 1, 'noise_sigma': 0.0, 'communication': 'none', 'stubborn_fraction': 0.0, 'stubborn_rs_scale': 0.25, 'stubborn_response_scale': 0.25, 'cohesion_scale': 1.0, 'initial_layout': 'compact', 'speed_scale': 1.0, 'failure_mode': 'none', 'failure_tick': -1, 'sensing_scale': 1.0, 'goal_mode': 'static', 'goal_velocity': [0.0, 0.0], 'latency': 0}",8.026383345237251,1.0,100.0,205.0,163.22603904471472,0.1936271680286189,6.948612962070897,5.81365392297864,12.195365145314325,6.948612962070897,62.94896841371116,8.026383345237251,119.8411911389514,62.94896841371116,0.5456343119694572,0.0,0.6651115585719192,0.5456343119694572,0.9836893203883496,0.81,1.0,0.9836893203883496,0.0,0.0,0.0,0.0,17.14886259716241,12.629329051378964,43.76377952501448,17.14886259716241,8.069832313473292,6.867465471341979,13.874102153024603,8.069832313473292,3.9881797971971643e-17,-2.220446049250313e-16,2.220446049250313e-16,3.9881797971971643e-17,0.9961165048543688,0.82,1.0,0.9961165048543688,0.6850304549942745,205.0,none,No failure (scenario success),[]
strombom_multi,drive_to_goal,paper,2028,strombom,collect_drive_multi,global,5,1,compact,10000,False,10000,"{'world_width': 500.0, 'world_height': 500.0, 'goal_center': [370.0, 250.0], 'goal_radius': 4.743416490252569, 'max_ticks': 10000, 'measurement_radius': 5.0, 'n_sheep': 5, 'r_a': 2.0, 'r_s': 65.0, 'rs_weight': 1.0, 'n_neighbors': -1, 'c': 1.05, 'noise_strength': 0.3, 'sheep_speed': 1.0, 'inertia': 0.5, 'graze_move_prob': 0.05, 'collect_threshold_scale': 1.0, 'shepherd_speed': 1.5, 'shepherd_stop_multiple': 3.0, 'n_shepherds': 1, 'initial_spread': 30.0, 'shepherd_start_offset': 50.0, 'success_fraction': 1.0, 'sheep_model': 'strombom', 'dog_controller': 'collect_drive_multi', 'scenario_id': 'drive_to_goal', 'obs_mode': 'global', 'observation_frequency': 1, 'noise_sigma': 0.0, 'communication': 'none', 'stubborn_fraction': 0.0, 'stubborn_rs_scale': 0.25, 'stubborn_response_scale': 0.25, 'cohesion_scale': 1.0, 'initial_layout': 'compact', 'speed_scale': 1.0, 'failure_mode': 'none', 'failure_tick': -1, 'sensing_scale': 1.0, 'goal_mode': 'static', 'goal_velocity': [0.0, 0.0], 'latency': 0}",444.93762519660766,0.0,0.0,-1.0,802.4999999999999,0.6746842194934182,1.6006222752534325,0.653420986844411,9.616218832477644,1.6006222752534325,423.2511289624649,9.943207088103163,445.5652647915445,423.2511289624649,0.5700463934693877,0.0,0.9892019703739974,0.5700463934693877,0.9994800519948004,0.4,1.0,0.9994800519948004,0.003999600039996,0.0,4.0,0.003999600039996,0.5852989921202091,0.0112369039036095,35.01720615091912,0.5852989921202091,1.7615344735684375,0.6760552327159612,11.291096969958978,1.7615344735684375,1.798381461746579e-18,-2.220446049250313e-16,2.220446049250313e-16,1.798381461746579e-18,1.0,1.0,1.0,1.0,-0.3979636502890333,-1.0,oscillation,GCM-to-goal distance oscillated without settling,"['stuck', 'oscillation']"
strombom_multi,drive_to_goal,paper,2030,strombom,collect_drive_multi,global,5,1,compact,10000,False,10000,"{'world_width': 500.0, 'world_height': 500.0, 'goal_center': [370.0, 250.0], 'goal_radius': 4.743416490252569, 'max_ticks': 10000, 'measurement_radius': 5.0, 'n_sheep': 5, 'r_a': 2.0, 'r_s': 65.0, 'rs_weight': 1.0, 'n_neighbors': -1, 'c': 1.05, 'noise_strength': 0.3, 'sheep_speed': 1.0, 'inertia': 0.5, 'graze_move_prob': 0.05, 'collect_threshold_scale': 1.0, 'shepherd_speed': 1.5, 'shepherd_stop_multiple': 3.0, 'n_shepherds': 1, 'initial_spread': 30.0, 'shepherd_start_offset': 50.0, 'success_fraction': 1.0, 'sheep_model': 'strombom', 'dog_controller': 'collect_drive_multi', 'scenario_id': 'drive_to_goal', 'obs_mode': 'global', 'observation_frequency': 1, 'noise_sigma': 0.0, 'communication': 'none', 'stubborn_fraction': 0.0, 'stubborn_rs_scale': 0.25, 'stubborn_response_scale': 0.25, 'cohesion_scale': 1.0, 'initial_layout': 'compact', 'speed_scale': 1.0, 'failure_mode': 'none', 'failure_tick': -1, 'sensing_scale': 1.0, 'goal_mode': 'static', 'goal_velocity': [0.0, 0.0], 'latency': 0}",444.6879739185465,0.0,0.0,-1.0,2200.5,1.3822588860436156,1.690539306273309,0.6116568499490789,16.849493972505904,1.690539306273309,415.6821101117689,60.46311753881802,445.55332297657566,415.6821101117689,0.6133397616464671,0.0,0.9876586992235966,0.6133397616464671,0.998080191980802,0.2,1.0,0.998080191980802,0.0106989301069893,0.0,5.0,0.0106989301069893,0.7906339029259488,0.0098250915555415,63.089594948488205,0.7906339029259488,1.8706192568505704,0.6731958274033432,18.507609238508987,1.8706192568505704,6.127818314099454e-18,-2.220446049250313e-16,2.220446049250313e-16,6.127818314099454e-18,0.9996500349965004,0.5,1.0,0.9996500349965004,-0.1492892159394433,-1.0,oscillation,GCM-to-goal distance oscillated without settling,"['stuck', 'oscillation']"
strombom_multi,drive_to_goal,paper,2030,strombom,collect_drive_multi,global,10,1,compact,10000,False,10000,"{'world_width': 500.0, 'world_height': 500.0, 'goal_center': [370.0, 250.0], 'goal_radius': 6.7082039324993685, 'max_ticks': 10000, 'measurement_radius': 5.0, 'n_sheep': 10, 'r_a': 2.0, 'r_s': 65.0, 'rs_weight': 1.0, 'n_neighbors': -1, 'c': 1.05, 'noise_strength': 0.3, 'sheep_speed': 1.0, 'inertia': 0.5, 'graze_move_prob': 0.05, 'collect_threshold_scale': 1.0, 'shepherd_speed': 1.5, 'shepherd_stop_multiple': 3.0, 'n_shepherds': 1, 'initial_spread': 30.0, 'shepherd_start_offset': 50.0, 'success_fraction': 1.0, 'sheep_model': 'strombom', 'dog_controller': 'collect_drive_multi', 'scenario_id': 'drive_to_goal', 'obs_mode': 'global', 'observation_frequency': 1, 'noise_sigma': 0.0, 'communication': 'none', 'stubborn_fraction': 0.0, 'stubborn_rs_scale': 0.25, 'stubborn_response_scale': 0.25, 'cohesion_scale': 1.0, 'initial_layout': 'compact', 'speed_scale': 1.0, 'failure_mode': 'none', 'failure_tick': -1, 'sensing_scale': 1.0, 'goal_mode': 'static', 'goal_velocity': [0.0, 0.0], 'latency': 0}",372.7989208719847,0.0,0.0,-1.0,6096.266955186601,1.1859000388327252,2.652727960287414,1.2736864624704023,16.176649280945135,2.652727960287414,378.2673208161283,7.077242841763476,444.6164237618101,378.2673208161283,0.6715833469637174,0.0,0.9580319599716036,0.6715833469637174,0.995920407959204,0.1,1.0,0.995920407959204,0.0146985301469853,0.0,8.0,0.0146985301469853,1.9696888331120104,0.2373736286143667,46.52767889766695,1.9696888331120104,2.985837296407811,1.421392178231682,17.555957987428933,2.985837296407811,1.636305107786702e-17,-2.220446049250313e-16,2.220446049250313e-16,1.636305107786702e-17,0.9998000199980002,0.4,1.0,0.9998000199980002,-0.0416108042295416,-1.0,stuck,Little GCM-to-goal progress near the end of the run,['stuck']
strombom_multi,drive_to_goal,paper,2027,strombom,collect_drive_multi,global,100,1,compact,10000,True,199,"{'world_width': 500.0, 'world_height': 500.0, 'goal_center': [370.0, 250.0], 'goal_radius': 21.213203435596427, 'max_ticks': 10000, 'measurement_radius': 5.0, 'n_sheep': 100, 'r_a': 2.0, 'r_s': 65.0, 'rs_weight': 1.0, 'n_neighbors': -1, 'c': 1.05, 'noise_strength': 0.3, 'sheep_speed': 1.0, 'inertia': 0.5, 'graze_move_prob': 0.05, 'collect_threshold_scale': 1.0, 'shepherd_speed': 1.5, 'shepherd_stop_multiple': 3.0, 'n_shepherds': 1, 'initial_spread': 30.0, 'shepherd_start_offset': 50.0, 'success_fraction': 1.0, 'sheep_model': 'strombom', 'dog_controller': 'collect_drive_multi', 'scenario_id': 'drive_to_goal', 'obs_mode': 'global', 'observation_frequency': 1, 'noise_sigma': 0.0, 'communication': 'none', 'stubborn_fraction': 0.0, 'stubborn_rs_scale': 0.25, 'stubborn_response_scale': 0.25, 'cohesion_scale': 1.0, 'initial_layout': 'compact', 'speed_scale': 1.0, 'failure_mode': 'none', 'failure_tick': -1, 'sensing_scale': 1.0, 'goal_mode': 'static', 'goal_velocity': [0.0, 0.0], 'latency': 0}",9.27815142405698,1.0,100.0,199.0,156.99663376300782,0.0285956654918238,6.92012104587999,5.505543889528646,11.974873727693602,6.92012104587999,63.467992037394,9.27815142405698,118.706282345563,63.467992037394,0.5488573426361749,0.0,0.6475114555896465,0.5488573426361749,0.98835,0.89,1.0,0.98835,0.0,0.0,0.0,0.0,15.518061174603297,7.867129307563639,33.83655619292399,15.518061174603297,7.946980589615098,6.197456419791196,13.3129319455607,7.946980589615098,3.164135620181696e-17,-2.220446049250313e-16,2.220446049250313e-16,3.164135620181696e-17,0.9991,0.9,1.0,0.9991,0.6970094090468959,199.0,none,No failure (scenario success),[]
strombom_multi,drive_to_goal,paper,2028,strombom,collect_drive_multi,global,100,1,compact,10000,True,204,"{'world_width': 500.0, 'world_height': 500.0, 'goal_center': [370.0, 250.0], 'goal_radius': 21.213203435596427, 'max_ticks': 10000, 'measurement_radius': 5.0, 'n_sheep': 100, 'r_a': 2.0, 'r_s': 65.0, 'rs_weight': 1.0, 'n_neighbors': -1, 'c': 1.05, 'noise_strength': 0.3, 'sheep_speed': 1.0, 'inertia': 0.5, 'graze_move_prob': 0.05, 'collect_threshold_scale': 1.0, 'shepherd_speed': 1.5, 'shepherd_stop_multiple': 3.0, 'n_shepherds': 1, 'initial_spread': 30.0, 'shepherd_start_offset': 50.0, 'success_fraction': 1.0, 'sheep_model': 'strombom', 'dog_controller': 'collect_drive_multi', 'scenario_id': 'drive_to_goal', 'obs_mode': 'global', 'observation_frequency': 1, 'noise_sigma': 0.0, 'communication': 'none', 'stubborn_fraction': 0.0, 'stubborn_rs_scale': 0.25, 'stubborn_response_scale': 0.25, 'cohesion_scale': 1.0, 'initial_layout': 'compact', 'speed_scale': 1.0, 'failure_mode': 'none', 'failure_tick': -1, 'sensing_scale': 1.0, 'goal_mode': 'static', 'goal_velocity': [0.0, 0.0], 'latency': 0}",9.703386548476578,1.0,100.0,204.0,164.62649213997386,0.1218873427220529,6.748197645785921,5.465961967108617,11.063974804786936,6.748197645785921,65.03166193675396,9.703386548476578,121.30250887459776,65.03166193675396,0.5466902583763742,0.0,0.6474707113982349,0.5466902583763742,0.987219512195122,0.86,1.0,0.987219512195122,0.0,0.0,0.0,0.0,14.968903064439138,7.78442669785985,41.85529306990159,14.968903064439138,7.757414462306286,6.1559014731292585,12.81666226249493,7.757414462306286,2.978647139238225e-17,-2.220446049250313e-16,2.220446049250313e-16,2.978647139238225e-17,0.9970731707317072,0.82,1.0,0.9970731707317072,0.6778928523316521,204.0,none,No failure (scenario success),[]
strombom_multi,drive_to_goal,paper,2026,strombom,collect_drive_multi,global,50,10,compact,10000,True,186,"{'world_width': 500.0, 'world_height': 500.0, 'goal_center': [370.0, 250.0], 'goal_radius': 15.0, 'max_ticks': 10000, 'measurement_radius': 5.0, 'n_sheep': 50, 'r_a': 2.0, 'r_s': 65.0, 'rs_weight': 1.0, 'n_neighbors': -1, 'c': 1.05, 'noise_strength': 0.3, 'sheep_speed': 1.0, 'inertia': 0.5, 'graze_move_prob': 0.05, 'collect_threshold_scale': 1.0, 'shepherd_speed': 1.5, 'shepherd_stop_multiple': 3.0, 'n_shepherds': 10, 'initial_spread': 30.0, 'shepherd_start_offset': 50.0, 'success_fraction': 1.0, 'sheep_model': 'strombom', 'dog_controller': 'collect_drive_multi', 'scenario_id': 'drive_to_goal', 'obs_mode': 'global', 'observation_frequency': 1, 'noise_sigma': 0.0, 'communication': 'none', 'stubborn_fraction': 0.0, 'stubborn_rs_scale': 0.25, 'stubborn_response_scale': 0.25, 'cohesion_scale': 1.0, 'initial_layout': 'compact', 'speed_scale': 1.0, 'failure_mode': 'none', 'failure_tick': -1, 'sensing_scale': 1.0, 'goal_mode': 'static', 'goal_velocity': [0.0, 0.0], 'latency': 0}",7.374524200516307,1.0,50.0,186.0,1594.450914918259,0.2226874228190932,5.048136257650079,4.409078184680887,11.10817369177783,5.048136257650079,63.70426071624048,7.374524200516307,120.61711919953515,63.70426071624048,0.6093270065014161,0.0,0.7690172675958183,0.6093270065014161,0.978288770053476,0.54,1.0,0.978288770053476,0.0802139037433155,0.0,1.0,0.0802139037433155,9.099434870472514,4.318205665205003,42.59761404440921,9.099434870472514,5.801544727269068,4.963236272868377,12.88367714633964,5.801544727269068,0.0656884033537814,0.0,0.2300283565874334,0.0656884033537814,0.9976470588235294,0.88,1.0,0.9976470588235294,0.0710229420921523,186.0,none,No failure (scenario success),[]
strombom_multi,drive_to_goal,paper,2029,strombom,collect_drive_multi,global,100,1,compact,10000,True,201,"{'world_width': 500.0, 'world_height': 500.0, 'goal_center': [370.0, 250.0], 'goal_radius': 21.213203435596427, 'max_ticks': 10000, 'measurement_radius': 5.0, 'n_sheep': 100, 'r_a': 2.0, 'r_s': 65.0, 'rs_weight': 1.0, 'n_neighbors': -1, 'c': 1.05, 'noise_strength': 0.3, 'sheep_speed': 1.0, 'inertia': 0.5, 'graze_move_prob': 0.05, 'collect_threshold_scale': 1.0, 'shepherd_speed': 1.5, 'shepherd_stop_multiple': 3.0, 'n_shepherds': 1, 'initial_spread': 30.0, 'shepherd_start_offset': 50.0, 'success_fraction': 1.0, 'sheep_model': 'strombom', 'dog_controller': 'collect_drive_multi', 'scenario_id': 'drive_to_goal', 'obs_mode': 'global', 'observation_frequency': 1, 'noise_sigma': 0.0, 'communication': 'none', 'stubborn_fraction': 0.0, 'stubborn_rs_scale': 0.25, 'stubborn_response_scale': 0.25, 'cohesion_scale': 1.0, 'initial_layout': 'compact', 'speed_scale': 1.0, 'failure_mode': 'none', 'failure_tick': -1, 'sensing_scale': 1.0, 'goal_mode': 'static', 'goal_velocity': [0.0, 0.0], 'latency': 0}",9.429254301230229,1.0,100.0,201.0,157.7771091625687,0.1780813774162177,6.898759705738329,5.819699286658557,11.392425001976669,6.898759705738329,64.05955836390746,9.429254301230229,120.35620786445229,64.05955836390746,0.5508340104639408,0.0,0.649521096617969,0.5508340104639408,0.9884653465346536,0.88,1.0,0.9884653465346536,0.0,0.0,0.0,0.0,16.382418968185988,12.131690534739926,35.735133035099594,16.382418968185988,7.988515701418096,6.816659444365452,12.865554028519826,7.988515701418096,4.067153654567405e-17,-2.220446049250313e-16,2.220446049250313e-16,4.067153654567405e-17,0.998217821782178,0.86,1.0,0.998217821782178,0.7030611357502201,201.0,none,No failure (scenario success),[]
strombom_multi,drive_to_goal,paper,2030,strombom,collect_drive_multi,global,100,1,compact,10000,True,204,"{'world_width': 500.0, 'world_height': 500.0, 'goal_center': [370.0, 250.0], 'goal_radius': 21.213203435596427, 'max_ticks': 10000, 'measurement_radius': 5.0, 'n_sheep': 100, 'r_a': 2.0, 'r_s': 65.0, 'rs_weight': 1.0, 'n_neighbors': -1, 'c': 1.05, 'noise_strength': 0.3, 'sheep_speed': 1.0, 'inertia': 0.5, 'graze_move_prob': 0.05, 'collect_threshold_scale': 1.0, 'shepherd_speed': 1.5, 'shepherd_stop_multiple': 3.0, 'n_shepherds': 1, 'initial_spread': 30.0, 'shepherd_start_offset': 50.0, 'success_fraction': 1.0, 'sheep_model': 'strombom', 'dog_controller': 'collect_drive_multi', 'scenario_id': 'drive_to_goal', 'obs_mode': 'global', 'observation_frequency': 1, 'noise_sigma': 0.0, 'communication': 'none', 'stubborn_fraction': 0.0, 'stubborn_rs_scale': 0.25, 'stubborn_response_scale': 0.25, 'cohesion_scale': 1.0, 'initial_layout': 'compact', 'speed_scale': 1.0, 'failure_mode': 'none', 'failure_tick': -1, 'sensing_scale': 1.0, 'goal_mode': 'static', 'goal_velocity': [0.0, 0.0], 'latency': 0}",10.264215683809509,1.0,100.0,204.0,156.23557239884687,0.1272982544295606,6.794263556577374,5.655002262074683,11.115050666746765,6.794263556577374,65.05698361797258,10.264215683809509,120.71510099556129,65.05698361797258,0.5420562384643055,0.0,0.6502841730687108,0.5420562384643055,0.9895121951219512,0.86,1.0,0.9895121951219512,0.0,0.0,0.0,0.0,15.279422207903288,9.485028785417006,42.76117383416059,15.279422207903288,7.81797188442549,6.484608691422869,12.895949951768126,7.81797188442549,2.978647139238225e-17,0.0,2.220446049250313e-16,2.978647139238225e-17,0.9978536585365854,0.9,1.0,0.9978536585365854,0.7069509434751939,204.0,none,No failure (scenario success),[]
strombom_multi,drive_to_goal,paper,2028,strombom,collect_drive_multi,global,50,10,compact,10000,True,186,"{'world_width': 500.0, 'world_height': 500.0, 'goal_center': [370.0, 250.0], 'goal_radius': 15.0, 'max_ticks': 10000, 'measurement_radius': 5.0, 'n_sheep': 50, 'r_a': 2.0, 'r_s': 65.0, 'rs_weight': 1.0, 'n_neighbors': -1, 'c': 1.05, 'noise_strength': 0.3, 'sheep_speed': 1.0, 'inertia': 0.5, 'graze_move_prob': 0.05, 'collect_threshold_scale': 1.0, 'shepherd_speed': 1.5, 'shepherd_stop_multiple': 3.0, 'n_shepherds': 10, 'initial_spread': 30.0, 'shepherd_start_offset': 50.0, 'success_fraction': 1.0, 'sheep_model': 'strombom', 'dog_controller': 'collect_drive_multi', 'scenario_id': 'drive_to_goal', 'obs_mode': 'global', 'observation_frequency': 1, 'noise_sigma': 0.0, 'communication': 'none', 'stubborn_fraction': 0.0, 'stubborn_rs_scale': 0.25, 'stubborn_response_scale': 0.25, 'cohesion_scale': 1.0, 'initial_layout': 'compact', 'speed_scale': 1.0, 'failure_mode': 'none', 'failure_tick': -1, 'sensing_scale': 1.0, 'goal_mode': 'static', 'goal_velocity': [0.0, 0.0], 'latency': 0}",8.498111586264779,1.0,50.0,186.0,1557.018773495098,0.1353910744817836,5.022775314649063,4.192409604441068,11.862355236872611,5.022775314649063,64.04738429881266,8.498111586264779,119.52032385728934,64.04738429881266,0.5967053513278421,0.0,0.7257199731425625,0.5967053513278421,0.9768983957219252,0.64,1.0,0.9768983957219252,0.0,0.0,0.0,0.0,8.316491411262689,4.075235972994896,38.86328068246716,8.316491411262689,5.7264473296931016,4.690607071610462,13.400699699949486,5.7264473296931016,0.0604778131012228,0.0,0.218911013418327,0.0604778131012228,1.0,1.0,1.0,1.0,0.0713043504426146,186.0,none,No failure (scenario success),[]
strombom_multi,drive_to_goal,paper,2030,strombom,collect_drive_multi,global,100,2,compact,10000,True,191,"{'world_width': 500.0, 'world_height': 500.0, 'goal_center': [370.0, 250.0], 'goal_radius': 21.213203435596427, 'max_ticks': 10000, 'measurement_radius': 5.0, 'n_sheep': 100, 'r_a': 2.0, 'r_s': 65.0, 'rs_weight': 1.0, 'n_neighbors': -1, 'c': 1.05, 'noise_strength': 0.3, 'sheep_speed': 1.0, 'inertia': 0.5, 'graze_move_prob': 0.05, 'collect_threshold_scale': 1.0, 'shepherd_speed': 1.5, 'shepherd_stop_multiple': 3.0, 'n_shepherds': 2, 'initial_spread': 30.0, 'shepherd_start_offset': 50.0, 'success_fraction': 1.0, 'sheep_model': 'strombom', 'dog_controller': 'collect_drive_multi', 'scenario_id': 'drive_to_goal', 'obs_mode': 'global', 'observation_frequency': 1, 'noise_sigma': 0.0, 'communication': 'none', 'stubborn_fraction': 0.0, 'stubborn_rs_scale': 0.25, 'stubborn_response_scale': 0.25, 'cohesion_scale': 1.0, 'initial_layout': 'compact', 'speed_scale': 1.0, 'failure_mode': 'none', 'failure_tick': -1, 'sensing_scale': 1.0, 'goal_mode': 'static', 'goal_velocity': [0.0, 0.0], 'latency': 0}",11.50344495528049,1.0,100.0,191.0,289.8955497570662,0.0578667057877072,6.164277504146554,5.587917829580339,11.115050666746765,6.164277504146554,65.60766330517377,11.50344495528049,120.71510099556129,65.60766330517377,0.5709590897301283,0.0,0.6841912855041422,0.5709590897301283,0.9880729166666667,0.86,1.0,0.9880729166666667,0.0,0.0,0.0,0.0,12.569143056506162,8.374698574619671,42.76117383416059,12.569143056506162,7.07429035420076,6.3692416724984255,12.895949951768126,7.07429035420076,0.0356878582794397,0.0,0.4227661768272877,0.0356878582794397,0.9982291666666666,0.92,1.0,0.9982291666666666,0.3767276045865507,191.0,none,No failure (scenario success),[]
strombom_multi,drive_to_goal,paper,2030,strombom,collect_drive_multi,global,100,3,compact,10000,True,195,"{'world_width': 500.0, 'world_height': 500.0, 'goal_center': [370.0, 250.0], 'goal_radius': 21.213203435596427, 'max_ticks': 10000, 'measurement_radius': 5.0, 'n_sheep': 100, 'r_a': 2.0, 'r_s': 65.0, 'rs_weight': 1.0, 'n_neighbors': -1, 'c': 1.05, 'noise_strength': 0.3, 'sheep_speed': 1.0, 'inertia': 0.5, 'graze_move_prob': 0.05, 'collect_threshold_scale': 1.0, 'shepherd_speed': 1.5, 'shepherd_stop_multiple': 3.0, 'n_shepherds': 3, 'initial_spread': 30.0, 'shepherd_start_offset': 50.0, 'success_fraction': 1.0, 'sheep_model': 'strombom', 'dog_controller': 'collect_drive_multi', 'scenario_id': 'drive_to_goal', 'obs_mode': 'global', 'observation_frequency': 1, 'noise_sigma': 0.0, 'communication': 'none', 'stubborn_fraction': 0.0, 'stubborn_rs_scale': 0.25, 'stubborn_response_scale': 0.25, 'cohesion_scale': 1.0, 'initial_layout': 'compact', 'speed_scale': 1.0, 'failure_mode': 'none', 'failure_tick': -1, 'sensing_scale': 1.0, 'goal_mode': 'static', 'goal_velocity': [0.0, 0.0], 'latency': 0}",10.663869646982368,1.0,100.0,195.0,446.2764262312087,0.1477976087153833,6.011720098133195,5.49657359716943,11.115050666746765,6.011720098133195,65.66438413747062,10.663869646982368,120.71510099556129,65.66438413747062,0.5634525029522495,0.0,0.6578065969148027,0.5634525029522495,0.990561224489796,0.84,1.0,0.990561224489796,0.0,0.0,0.0,0.0,11.627866844661982,8.256726372770363,42.76117383416059,11.627866844661982,6.875913852172453,6.202342112611207,12.895949951768126,6.875913852172453,0.0612453160047129,0.0,0.2718199550925027,0.0612453160047129,0.998265306122449,0.92,1.0,0.998265306122449,0.2465988003846816,195.0,none,No failure (scenario success),[]
strombom_multi,drive_to_goal,paper,2028,strombom,collect_drive_multi,global,100,3,compact,10000,True,190,"{'world_width': 500.0, 'world_height': 500.0, 'goal_center': [370.0, 250.0], 'goal_radius': 21.213203435596427, 'max_ticks': 10000, 'measurement_radius': 5.0, 'n_sheep': 100, 'r_a': 2.0, 'r_s': 65.0, 'rs_weight': 1.0, 'n_neighbors': -1, 'c': 1.05, 'noise_strength': 0.3, 'sheep_speed': 1.0, 'inertia': 0.5, 'graze_move_prob': 0.05, 'collect_threshold_scale': 1.0, 'shepherd_speed': 1.5, 'shepherd_stop_multiple': 3.0, 'n_shepherds': 3, 'initial_spread': 30.0, 'shepherd_start_offset': 50.0, 'success_fraction': 1.0, 'sheep_model': 'strombom', 'dog_controller': 'collect_drive_multi', 'scenario_id': 'drive_to_goal', 'obs_mode': 'global', 'observation_frequency': 1, 'noise_sigma': 0.0, 'communication': 'none', 'stubborn_fraction': 0.0, 'stubborn_rs_scale': 0.25, 'stubborn_response_scale': 0.25, 'cohesion_scale': 1.0, 'initial_layout': 'compact', 'speed_scale': 1.0, 'failure_mode': 'none', 'failure_tick': -1, 'sensing_scale': 1.0, 'goal_mode': 'static', 'goal_velocity': [0.0, 0.0], 'latency': 0}",13.23116255356794,1.0,100.0,190.0,445.2346979196626,0.0141227618558116,6.054874531511465,5.601653102838551,11.063974804786936,6.054874531511465,66.9703458269223,13.23116255356794,121.30250887459776,66.9703458269223,0.5672038175915131,0.0,0.651650313193176,0.5672038175915131,0.9855497382198952,0.85,1.0,0.9855497382198952,0.0,0.0,0.0,0.0,11.981049838842704,8.137178257927031,41.85529306990159,11.981049838842704,6.944526501357346,6.369069178126681,12.81666226249493,6.944526501357346,0.0547445669154497,0.0,0.2916555659605557,0.0547445669154497,0.9993717277486912,0.96,1.0,0.9993717277486912,0.2427289400983075,190.0,none,No failure (scenario success),[]
strombom_multi,drive_to_goal,paper,2029,strombom,collect_drive_multi,global,100,3,compact,10000,True,194,"{'world_width': 500.0, 'world_height': 500.0, 'goal_center': [370.0, 250.0], 'goal_radius': 21.213203435596427, 'max_ticks': 10000, 'measurement_radius': 5.0, 'n_sheep': 100, 'r_a': 2.0, 'r_s': 65.0, 'rs_weight': 1.0, 'n_neighbors': -1, 'c': 1.05, 'noise_strength': 0.3, 'sheep_speed': 1.0, 'inertia': 0.5, 'graze_move_prob': 0.05, 'collect_threshold_scale': 1.0, 'shepherd_speed': 1.5, 'shepherd_stop_multiple': 3.0, 'n_shepherds': 3, 'initial_spread': 30.0, 'shepherd_start_offset': 50.0, 'success_fraction': 1.0, 'sheep_model': 'strombom', 'dog_controller': 'collect_drive_multi', 'scenario_id': 'drive_to_goal', 'obs_mode': 'global', 'observation_frequency': 1, 'noise_sigma': 0.0, 'communication': 'none', 'stubborn_fraction': 0.0, 'stubborn_rs_scale': 0.25, 'stubborn_response_scale': 0.25, 'cohesion_scale': 1.0, 'initial_layout': 'compact', 'speed_scale': 1.0, 'failure_mode': 'none', 'failure_tick': -1, 'sensing_scale': 1.0, 'goal_mode': 'static', 'goal_velocity': [0.0, 0.0], 'latency': 0}",11.645432308754213,1.0,100.0,194.0,444.3617948185087,0.1018378860227624,5.974444486632295,5.403381453176926,11.392425001976669,5.974444486632295,65.44753378466883,11.645432308754213,120.35620786445229,65.44753378466883,0.5591248414649763,0.0,0.6454672818848163,0.5591248414649763,0.9928717948717948,0.88,1.0,0.9928717948717948,0.0,0.0,0.0,0.0,10.954417490060694,8.180715985922703,35.735133035099594,10.954417490060694,6.802445017185455,6.170825332277531,12.865554028519826,6.802445017185455,0.0589679612105544,0.0,0.4228832154698873,0.0589679612105544,0.9990769230769232,0.94,1.0,0.9990769230769232,0.2446447395417937,194.0,none,No failure (scenario success),[]
strombom_multi,drive_to_goal,paper,2026,strombom,collect_drive_multi,global,100,2,compact,10000,True,193,"{'world_width': 500.0, 'world_height': 500.0, 'goal_center': [370.0, 250.0], 'goal_radius': 21.213203435596427, 'max_ticks': 10000, 'measurement_radius': 5.0, 'n_sheep': 100, 'r_a': 2.0, 'r_s': 65.0, 'rs_weight': 1.0, 'n_neighbors': -1, 'c': 1.05, 'noise_strength': 0.3, 'sheep_speed': 1.0, 'inertia': 0.5, 'graze_move_prob': 0.05, 'collect_threshold_scale': 1.0, 'shepherd_speed': 1.5, 'shepherd_stop_multiple': 3.0, 'n_shepherds': 2, 'initial_spread': 30.0, 'shepherd_start_offset': 50.0, 'success_fraction': 1.0, 'sheep_model': 'strombom', 'dog_controller': 'collect_drive_multi', 'scenario_id': 'drive_to_goal', 'obs_mode': 'global', 'observation_frequency': 1, 'noise_sigma': 0.0, 'communication': 'none', 'stubborn_fraction': 0.0, 'stubborn_rs_scale': 0.25, 'stubborn_response_scale': 0.25, 'cohesion_scale': 1.0, 'initial_layout': 'compact', 'speed_scale': 1.0, 'failure_mode': 'none', 'failure_tick': -1, 'sensing_scale': 1.0, 'goal_mode': 'static', 'goal_velocity': [0.0, 0.0], 'latency': 0}",11.769875015057456,1.0,100.0,193.0,305.0474967710869,0.1848910693733463,6.1848401478515,5.514317051598733,12.195365145314325,6.1848401478515,65.45233203322886,11.769875015057456,119.8411911389514,65.45233203322886,0.5598816158144547,0.0,0.680791339585835,0.5598816158144547,0.9851546391752578,0.81,1.0,0.9851546391752578,0.0,0.0,0.0,0.0,13.063554206661369,8.37290406613824,43.76377952501448,13.063554206661369,7.120430904814678,6.367257052470045,13.874102153024603,7.120430904814678,0.0303258242263983,0.0,0.2935073346238451,0.0303258242263983,0.9960824742268042,0.82,1.0,0.9960824742268042,0.3542770134743724,193.0,none,No failure (scenario success),[]
strombom_multi,drive_to_goal,paper,2027,strombom,collect_drive_multi,global,100,4,compact,10000,True,187,"{'world_width': 500.0, 'world_height': 500.0, 'goal_center': [370.0, 250.0], 'goal_radius': 21.213203435596427, 'max_ticks': 10000, 'measurement_radius': 5.0, 'n_sheep': 100, 'r_a': 2.0, 'r_s': 65.0, 'rs_weight': 1.0, 'n_neighbors': -1, 'c': 1.05, 'noise_strength': 0.3, 'sheep_speed': 1.0, 'inertia': 0.5, 'graze_move_prob': 0.05, 'collect_threshold_scale': 1.0, 'shepherd_speed': 1.5, 'shepherd_stop_multiple': 3.0, 'n_shepherds': 4, 'initial_spread': 30.0, 'shepherd_start_offset': 50.0, 'success_fraction': 1.0, 'sheep_model': 'strombom', 'dog_controller': 'collect_drive_multi', 'scenario_id': 'drive_to_goal', 'obs_mode': 'global', 'observation_frequency': 1, 'noise_sigma': 0.0, 'communication': 'none', 'stubborn_fraction': 0.0, 'stubborn_rs_scale': 0.25, 'stubborn_response_scale': 0.25, 'cohesion_scale': 1.0, 'initial_layout': 'compact', 'speed_scale': 1.0, 'failure_mode': 'none', 'failure_tick': -1, 'sensing_scale': 1.0, 'goal_mode': 'static', 'goal_velocity': [0.0, 0.0], 'latency': 0}",11.977885226638271,1.0,100.0,187.0,588.8668871642725,0.210565375514576,6.057257696503659,5.496953437728195,11.974873727693602,6.057257696503659,64.90527465423843,11.977885226638271,118.706282345563,64.90527465423843,0.5696734178949049,0.0,0.6882302493276872,0.5696734178949049,0.9914893617021276,0.89,1.0,0.9914893617021276,0.0,0.0,0.0,0.0,11.352146002854283,7.802316690636757,33.83655619292399,11.352146002854283,6.9001893600156485,6.2242133933347255,13.3129319455607,6.9001893600156485,0.0721049752752679,0.0,0.2871537092856607,0.0721049752752679,0.9993617021276596,0.9,1.0,0.9993617021276596,0.1812436722887958,187.0,none,No failure (scenario success),[]
strombom_multi,drive_to_goal,paper,2027,strombom,collect_drive_multi,global,100,2,compact,10000,True,190,"{'world_width': 500.0, 'world_height': 500.0, 'goal_center': [370.0, 250.0], 'goal_radius': 21.213203435596427, 'max_ticks': 10000, 'measurement_radius': 5.0, 'n_sheep': 100, 'r_a': 2.0, 'r_s': 65.0, 'rs_weight': 1.0, 'n_neighbors': -1, 'c': 1.05, 'noise_strength': 0.3, 'sheep_speed': 1.0, 'inertia': 0.5, 'graze_move_prob': 0.05, 'collect_threshold_scale': 1.0, 'shepherd_speed': 1.5, 'shepherd_stop_multiple': 3.0, 'n_shepherds': 2, 'initial_spread': 30.0, 'shepherd_start_offset': 50.0, 'success_fraction': 1.0, 'sheep_model': 'strombom', 'dog_controller': 'collect_drive_multi', 'scenario_id': 'drive_to_goal', 'obs_mode': 'global', 'observation_frequency': 1, 'noise_sigma': 0.0, 'communication': 'none', 'stubborn_fraction': 0.0, 'stubborn_rs_scale': 0.25, 'stubborn_response_scale': 0.25, 'cohesion_scale': 1.0, 'initial_layout': 'compact', 'speed_scale': 1.0, 'failure_mode': 'none', 'failure_tick': -1, 'sensing_scale': 1.0, 'goal_mode': 'static', 'goal_velocity': [0.0, 0.0], 'latency': 0}",12.390274935223513,1.0,100.0,190.0,294.52339037446905,0.0778155189156351,6.082756395028552,5.252623703291822,11.974873727693602,6.082756395028552,64.78874421100323,12.390274935223513,118.706282345563,64.78874421100323,0.5585302938592166,0.0,0.6651093319945618,0.5585302938592166,0.9923560209424084,0.89,1.0,0.9923560209424084,0.0,0.0,0.0,0.0,11.383012071714166,7.470661690713899,33.83655619292399,11.383012071714166,6.926797870665514,5.942966984473564,13.3129319455607,6.926797870665514,0.0402101521640964,0.0,0.3307968955775991,0.0402101521640964,0.998952879581152,0.9,1.0,0.998952879581152,0.3609764483396887,190.0,none,No failure (scenario success),[]
strombom_multi,drive_to_goal,paper,2028,strombom,collect_drive_multi,global,100,4,compact,10000,True,193,"{'world_width': 500.0, 'world_height': 500.0, 'goal_center': [370.0, 250.0], 'goal_radius': 21.213203435596427, 'max_ticks': 10000, 'measurement_radius': 5.0, 'n_sheep': 100, 'r_a': 2.0, 'r_s': 65.0, 'rs_weight': 1.0, 'n_neighbors': -1, 'c': 1.05, 'noise_strength': 0.3, 'sheep_speed': 1.0, 'inertia': 0.5, 'graze_move_prob': 0.05, 'collect_threshold_scale': 1.0, 'shepherd_speed': 1.5, 'shepherd_stop_multiple': 3.0, 'n_shepherds': 4, 'initial_spread': 30.0, 'shepherd_start_offset': 50.0, 'success_fraction': 1.0, 'sheep_model': 'strombom', 'dog_controller': 'collect_drive_multi', 'scenario_id': 'drive_to_goal', 'obs_mode': 'global', 'observation_frequency': 1, 'noise_sigma': 0.0, 'communication': 'none', 'stubborn_fraction': 0.0, 'stubborn_rs_scale': 0.25, 'stubborn_response_scale': 0.25, 'cohesion_scale': 1.0, 'initial_layout': 'compact', 'speed_scale': 1.0, 'failure_mode': 'none', 'failure_tick': -1, 'sensing_scale': 1.0, 'goal_mode': 'static', 'goal_velocity': [0.0, 0.0], 'latency': 0}",11.73011099127726,1.0,100.0,193.0,603.7664414632012,0.0731472785191735,5.959491311688723,5.360538279321235,11.063974804786936,5.959491311688723,65.9262169650108,11.73011099127726,121.30250887459776,65.9262169650108,0.5666925949989804,0.0,0.6548517548768223,0.5666925949989804,0.9877319587628868,0.85,1.0,0.9877319587628868,0.0,0.0,0.0,0.0,11.124241585343531,8.094145571558027,41.85529306990159,11.124241585343531,6.797280544719537,6.190159963969868,12.81666226249493,6.797280544719537,0.0681786622700617,0.0,0.2598411671515853,0.0681786622700617,0.999381443298969,0.96,1.0,0.999381443298969,0.1814814311603285,193.0,none,No failure (scenario success),[]
strombom_multi,drive_to_goal,paper,2028,strombom,collect_drive_multi,global,100,2,compact,10000,True,194,"{'world_width': 500.0, 'world_height': 500.0, 'goal_center': [370.0, 250.0], 'goal_radius': 21.213203435596427, 'max_ticks': 10000, 'measurement_radius': 5.0, 'n_sheep': 100, 'r_a': 2.0, 'r_s': 65.0, 'rs_weight': 1.0, 'n_neighbors': -1, 'c': 1.05, 'noise_strength': 0.3, 'sheep_speed': 1.0, 'inertia': 0.5, 'graze_move_prob': 0.05, 'collect_threshold_scale': 1.0, 'shepherd_speed': 1.5, 'shepherd_stop_multiple': 3.0, 'n_shepherds': 2, 'initial_spread': 30.0, 'shepherd_start_offset': 50.0, 'success_fraction': 1.0, 'sheep_model': 'strombom', 'dog_controller': 'collect_drive_multi', 'scenario_id': 'drive_to_goal', 'obs_mode': 'global', 'observation_frequency': 1, 'noise_sigma': 0.0, 'communication': 'none', 'stubborn_fraction': 0.0, 'stubborn_rs_scale': 0.25, 'stubborn_response_scale': 0.25, 'cohesion_scale': 1.0, 'initial_layout': 'compact', 'speed_scale': 1.0, 'failure_mode': 'none', 'failure_tick': -1, 'sensing_scale': 1.0, 'goal_mode': 'static', 'goal_velocity': [0.0, 0.0], 'latency': 0}",12.052660384239733,1.0,100.0,194.0,297.5289366996917,0.285569100804024,6.091165569885952,5.535749840144765,11.063974804786936,6.091165569885952,66.23190874197203,12.052660384239733,121.30250887459776,66.23190874197203,0.5620814520532706,0.0,0.6682002348263619,0.5620814520532706,0.9861025641025642,0.86,1.0,0.9861025641025642,0.0,0.0,0.0,0.0,11.971520960034072,8.38941033344571,41.85529306990159,11.971520960034072,6.973482180306585,6.265554105754768,12.81666226249493,6.973482180306585,0.0341223370321922,0.0,0.3311766055156535,0.0341223370321922,0.9993846153846152,0.96,1.0,0.9993846153846152,0.3671906662330072,194.0,none,No failure (scenario success),[]
strombom_multi,drive_to_goal,paper,2030,strombom,collect_drive_multi,global,100,4,compact,10000,True,195,"{'world_width': 500.0, 'world_height': 500.0, 'goal_center': [370.0, 250.0], 'goal_radius': 21.213203435596427, 'max_ticks': 10000, 'measurement_radius': 5.0, 'n_sheep': 100, 'r_a': 2.0, 'r_s': 65.0, 'rs_weight': 1.0, 'n_neighbors': -1, 'c': 1.05, 'noise_strength': 0.3, 'sheep_speed': 1.0, 'inertia': 0.5, 'graze_move_prob': 0.05, 'collect_threshold_scale': 1.0, 'shepherd_speed': 1.5, 'shepherd_stop_multiple': 3.0, 'n_shepherds': 4, 'initial_spread': 30.0, 'shepherd_start_offset': 50.0, 'success_fraction': 1.0, 'sheep_model': 'strombom', 'dog_controller': 'collect_drive_multi', 'scenario_id': 'drive_to_goal', 'obs_mode': 'global', 'observation_frequency': 1, 'noise_sigma': 0.0, 'communication': 'none', 'stubborn_fraction': 0.0, 'stubborn_rs_scale': 0.25, 'stubborn_response_scale': 0.25, 'cohesion_scale': 1.0, 'initial_layout': 'compact', 'speed_scale': 1.0, 'failure_mode': 'none', 'failure_tick': -1, 'sensing_scale': 1.0, 'goal_mode': 'static', 'goal_velocity': [0.0, 0.0], 'latency': 0}",11.668054280072692,1.0,100.0,195.0,591.2214622261293,0.1089943600462463,6.00732502109502,5.430062234775607,11.115050666746765,6.00732502109502,65.76878658540286,11.668054280072692,120.71510099556129,65.76878658540286,0.558961204132383,0.0,0.6765586904372882,0.558961204132383,0.9870408163265304,0.86,1.0,0.9870408163265304,0.0,0.0,0.0,0.0,11.722023920086077,8.246385181388211,42.76117383416059,11.722023920086077,6.8769745748928885,6.24468903968099,12.895949951768126,6.8769745748928885,0.0736750659027964,0.0,0.3255060096752845,0.0736750659027964,0.998061224489796,0.92,1.0,0.998061224489796,0.1844436538296379,195.0,none,No failure (scenario success),[]
strombom_multi,drive_to_goal,paper,2027,strombom,collect_drive_multi,global,100,3,compact,10000,True,190,"{'world_width': 500.0, 'world_height': 500.0, 'goal_center': [370.0, 250.0], 'goal_radius': 21.213203435596427, 'max_ticks': 10000, 'measurement_radius': 5.0, 'n_sheep': 100, 'r_a': 2.0, 'r_s': 65.0, 'rs_weight': 1.0, 'n_neighbors': -1, 'c': 1.05, 'noise_strength': 0.3, 'sheep_speed': 1.0, 'inertia': 0.5, 'graze_move_prob': 0.05, 'collect_threshold_scale': 1.0, 'shepherd_speed': 1.5, 'shepherd_stop_multiple': 3.0, 'n_shepherds': 3, 'initial_spread': 30.0, 'shepherd_start_offset': 50.0, 'success_fraction': 1.0, 'sheep_model': 'strombom', 'dog_controller': 'collect_drive_multi', 'scenario_id': 'drive_to_goal', 'obs_mode': 'global', 'observation_frequency': 1, 'noise_sigma': 0.0, 'communication': 'none', 'stubborn_fraction': 0.0, 'stubborn_rs_scale': 0.25, 'stubborn_response_scale': 0.25, 'cohesion_scale': 1.0, 'initial_layout': 'compact', 'speed_scale': 1.0, 'failure_mode': 'none', 'failure_tick': -1, 'sensing_scale': 1.0, 'goal_mode': 'static', 'goal_velocity': [0.0, 0.0], 'latency': 0}",11.653207099646904,1.0,100.0,190.0,446.8157211055601,0.2552235860354239,6.038491222726081,5.477997462091921,11.974873727693602,6.038491222726081,64.98183655207156,11.653207099646904,118.706282345563,64.98183655207156,0.5622710367824941,0.0,0.6544198742847267,0.5622710367824941,0.9891099476439792,0.87,1.0,0.9891099476439792,0.0,0.0,0.0,0.0,11.381271958933368,8.142056209084954,33.83655619292399,11.381271958933368,6.891625010679788,6.217561918353815,13.3129319455607,6.891625010679788,0.0683916307654923,0.0,0.3606251748968669,0.0683916307654923,0.9990575916230366,0.9,1.0,0.9990575916230366,0.2395911114788748,190.0,none,No failure (scenario success),[]
strombom_multi,drive_to_goal,paper,2029,strombom,collect_drive_multi,global,100,2,compact,10000,True,194,"{'world_width': 500.0, 'world_height': 500.0, 'goal_center': [370.0, 250.0], 'goal_radius': 21.213203435596427, 'max_ticks': 10000, 'measurement_radius': 5.0, 'n_sheep': 100, 'r_a': 2.0, 'r_s': 65.0, 'rs_weight': 1.0, 'n_neighbors': -1, 'c': 1.05, 'noise_strength': 0.3, 'sheep_speed': 1.0, 'inertia': 0.5, 'graze_move_prob': 0.05, 'collect_threshold_scale': 1.0, 'shepherd_speed': 1.5, 'shepherd_stop_multiple': 3.0, 'n_shepherds': 2, 'initial_spread': 30.0, 'shepherd_start_offset': 50.0, 'success_fraction': 1.0, 'sheep_model': 'strombom', 'dog_controller': 'collect_drive_multi', 'scenario_id': 'drive_to_goal', 'obs_mode': 'global', 'observation_frequency': 1, 'noise_sigma': 0.0, 'communication': 'none', 'stubborn_fraction': 0.0, 'stubborn_rs_scale': 0.25, 'stubborn_response_scale': 0.25, 'cohesion_scale': 1.0, 'initial_layout': 'compact', 'speed_scale': 1.0, 'failure_mode': 'none', 'failure_tick': -1, 'sensing_scale': 1.0, 'goal_mode': 'static', 'goal_velocity': [0.0, 0.0], 'latency': 0}",11.909382845873402,1.0,100.0,194.0,297.6382563223014,0.0968723669991704,6.164252009742776,5.426543563143882,11.392425001976669,6.164252009742776,66.09074322784717,11.909382845873402,120.35620786445229,66.09074322784717,0.5580629332095378,0.0,0.6514661417872328,0.5580629332095378,0.9913846153846152,0.88,1.0,0.9913846153846152,0.0,0.0,0.0,0.0,12.063252135594851,7.715925450709018,35.735133035099594,12.063252135594851,7.053181758607573,6.133762287091436,12.865554028519826,7.053181758607573,0.0487808069235623,0.0,0.4243711365636092,0.0487808069235623,0.9991794871794872,0.94,1.0,0.9991794871794872,0.3643578159561109,194.0,none,No failure (scenario success),[]
strombom_multi,drive_to_goal,paper,2026,strombom,collect_drive_multi,global,100,6,compact,10000,True,189,"{'world_width': 500.0, 'world_height': 500.0, 'goal_center': [370.0, 250.0], 'goal_radius': 21.213203435596427, 'max_ticks': 10000, 'measurement_radius': 5.0, 'n_sheep': 100, 'r_a': 2.0, 'r_s': 65.0, 'rs_weight': 1.0, 'n_neighbors': -1, 'c': 1.05, 'noise_strength': 0.3, 'sheep_speed': 1.0, 'inertia': 0.5, 'graze_move_prob': 0.05, 'collect_threshold_scale': 1.0, 'shepherd_speed': 1.5, 'shepherd_stop_multiple': 3.0, 'n_shepherds': 6, 'initial_spread': 30.0, 'shepherd_start_offset': 50.0, 'success_fraction': 1.0, 'sheep_model': 'strombom', 'dog_controller': 'collect_drive_multi', 'scenario_id': 'drive_to_goal', 'obs_mode': 'global', 'observation_frequency': 1, 'noise_sigma': 0.0, 'communication': 'none', 'stubborn_fraction': 0.0, 'stubborn_rs_scale': 0.25, 'stubborn_response_scale': 0.25, 'cohesion_scale': 1.0, 'initial_layout': 'compact', 'speed_scale': 1.0, 'failure_mode': 'none', 'failure_tick': -1, 'sensing_scale': 1.0, 'goal_mode': 'static', 'goal_velocity': [0.0, 0.0], 'latency': 0}",13.278523486030853,1.0,100.0,189.0,899.8546869582661,0.1115342781192598,5.971573096008117,5.153499271452229,12.195365145314325,5.971573096008117,66.3408603273208,13.278523486030853,119.8411911389514,66.3408603273208,0.5631516139094006,0.0,0.6610149081066832,0.5631516139094006,0.988578947368421,0.81,1.0,0.988578947368421,0.0,0.0,0.0,0.0,11.937796557826754,6.840058228100098,43.76377952501448,11.937796557826754,6.846485372883311,5.862535468270277,13.874102153024603,6.846485372883311,0.0791090332449134,0.0,0.267629408197392,0.0791090332449134,0.9976842105263158,0.92,1.0,0.9976842105263158,0.118422084362453,189.0,none,No failure (scenario success),[]
strombom_multi,drive_to_goal,paper,2027,strombom,collect_drive_multi,global,100,6,compact,10000,True,186,"{'world_width': 500.0, 'world_height': 500.0, 'goal_center': [370.0, 250.0], 'goal_radius': 21.213203435596427, 'max_ticks': 10000, 'measurement_radius': 5.0, 'n_sheep': 100, 'r_a': 2.0, 'r_s': 65.0, 'rs_weight': 1.0, 'n_neighbors': -1, 'c': 1.05, 'noise_strength': 0.3, 'sheep_speed': 1.0, 'inertia': 0.5, 'graze_move_prob': 0.05, 'collect_threshold_scale': 1.0, 'shepherd_speed': 1.5, 'shepherd_stop_multiple': 3.0, 'n_shepherds': 6, 'initial_spread': 30.0, 'shepherd_start_offset': 50.0, 'success_fraction': 1.0, 'sheep_model': 'strombom', 'dog_controller': 'collect_drive_multi', 'scenario_id': 'drive_to_goal', 'obs_mode': 'global', 'observation_frequency': 1, 'noise_sigma': 0.0, 'communication': 'none', 'stubborn_fraction': 0.0, 'stubborn_rs_scale': 0.25, 'stubborn_response_scale': 0.25, 'cohesion_scale': 1.0, 'initial_layout': 'compact', 'speed_scale': 1.0, 'failure_mode': 'none', 'failure_tick': -1, 'sensing_scale': 1.0, 'goal_mode': 'static', 'goal_velocity': [0.0, 0.0], 'latency': 0}",13.039449500908203,1.0,100.0,186.0,887.6881334705696,0.225307131756673,5.966626990764041,5.350099854872185,11.974873727693602,5.966626990764041,65.8518353132889,13.039449500908203,118.706282345563,65.8518353132889,0.5666210885034414,0.0,0.6535307610790545,0.5666210885034414,0.9922994652406416,0.87,1.0,0.9922994652406416,0.0,0.0,0.0,0.0,10.675307412214329,7.734140774108677,33.83655619292399,10.675307412214329,6.775905541411506,6.043305326993415,13.3129319455607,6.775905541411506,0.0774562860855485,0.0,0.2573499139240606,0.0774562860855485,0.9993582887700536,0.9,1.0,0.9993582887700536,0.1190359866944848,186.0,none,No failure (scenario success),[]
strombom_multi,drive_to_goal,paper,2026,strombom,collect_drive_multi,global,100,4,compact,10000,True,191,"{'world_width': 500.0, 'world_height': 500.0, 'goal_center': [370.0, 250.0], 'goal_radius': 21.213203435596427, 'max_ticks': 10000, 'measurement_radius': 5.0, 'n_sheep': 100, 'r_a': 2.0, 'r_s': 65.0, 'rs_weight': 1.0, 'n_neighbors': -1, 'c': 1.05, 'noise_strength': 0.3, 'sheep_speed': 1.0, 'inertia': 0.5, 'graze_move_prob': 0.05, 'collect_threshold_scale': 1.0, 'shepherd_speed': 1.5, 'shepherd_stop_multiple': 3.0, 'n_shepherds': 4, 'initial_spread': 30.0, 'shepherd_start_offset': 50.0, 'success_fraction': 1.0, 'sheep_model': 'strombom', 'dog_controller': 'collect_drive_multi', 'scenario_id': 'drive_to_goal', 'obs_mode': 'global', 'observation_frequency': 1, 'noise_sigma': 0.0, 'communication': 'none', 'stubborn_fraction': 0.0, 'stubborn_rs_scale': 0.25, 'stubborn_response_scale': 0.25, 'cohesion_scale': 1.0, 'initial_layout': 'compact', 'speed_scale': 1.0, 'failure_mode': 'none', 'failure_tick': -1, 'sensing_scale': 1.0, 'goal_mode': 'static', 'goal_velocity': [0.0, 0.0], 'latency': 0}",11.20271447600556,1.0,100.0,191.0,615.0548764864608,0.1073680152398732,6.077776244715821,5.446215070923151,12.195365145314325,6.077776244715821,65.08621146936594,11.20271447600556,119.8411911389514,65.08621146936594,0.5684386520695629,0.0,0.6713670554974174,0.5684386520695629,0.9844791666666668,0.81,1.0,0.9844791666666668,0.0,0.0,0.0,0.0,12.749448857012425,7.931796328167556,43.76377952501448,12.749448857012425,7.00429214452533,6.182184767161209,13.874102153024603,7.00429214452533,0.0730215322829118,0.0,0.2522795975954051,0.0730215322829118,0.9978125,0.92,1.0,0.9978125,0.1766321686343662,191.0,none,No failure (scenario success),[]
strombom_multi,drive_to_goal,paper,2028,strombom,collect_drive_multi,global,100,6,compact,10000,True,191,"{'world_width': 500.0, 'world_height': 500.0, 'goal_center': [370.0, 250.0], 'goal_radius': 21.213203435596427, 'max_ticks': 10000, 'measurement_radius': 5.0, 'n_sheep': 100, 'r_a': 2.0, 'r_s': 65.0, 'rs_weight': 1.0, 'n_neighbors': -1, 'c': 1.05, 'noise_strength': 0.3, 'sheep_speed': 1.0, 'inertia': 0.5, 'graze_move_prob': 0.05, 'collect_threshold_scale': 1.0, 'shepherd_speed': 1.5, 'shepherd_stop_multiple': 3.0, 'n_shepherds': 6, 'initial_spread': 30.0, 'shepherd_start_offset': 50.0, 'success_fraction': 1.0, 'sheep_model': 'strombom', 'dog_controller': 'collect_drive_multi', 'scenario_id': 'drive_to_goal', 'obs_mode': 'global', 'observation_frequency': 1, 'noise_sigma': 0.0, 'communication': 'none', 'stubborn_fraction': 0.0, 'stubborn_rs_scale': 0.25, 'stubborn_response_scale': 0.25, 'cohesion_scale': 1.0, 'initial_layout': 'compact', 'speed_scale': 1.0, 'failure_mode': 'none', 'failure_tick': -1, 'sensing_scale': 1.0, 'goal_mode': 'static', 'goal_velocity': [0.0, 0.0], 'latency': 0}",12.680168069979098,1.0,100.0,191.0,897.9399433350882,0.1508051868661911,5.942438209843961,5.430154568606502,11.063974804786936,5.942438209843961,66.89329083287468,12.680168069979098,121.30250887459776,66.89329083287468,0.5674900131855072,0.0,0.6634727254738267,0.5674900131855072,0.9869791666666666,0.85,1.0,0.9869791666666666,0.0,0.0,0.0,0.0,11.144790355874116,7.766258804428776,41.85529306990159,11.144790355874116,6.781869715962816,6.136697539723721,12.81666226249493,6.781869715962816,0.0804566088361526,0.0,0.2312451367041629,0.0804566088361526,0.9995833333333334,0.98,1.0,0.9995833333333334,0.1209683805814211,191.0,none,No failure (scenario success),[]
strombom_multi,drive_to_goal,paper,2030,strombom,collect_drive_multi,global,100,6,compact,10000,True,189,"{'world_width': 500.0, 'world_height': 500.0, 'goal_center': [370.0, 250.0], 'goal_radius': 21.213203435596427, 'max_ticks': 10000, 'measurement_radius': 5.0, 'n_sheep': 100, 'r_a': 2.0, 'r_s': 65.0, 'rs_weight': 1.0, 'n_neighbors': -1, 'c': 1.05, 'noise_strength': 0.3, 'sheep_speed': 1.0, 'inertia': 0.5, 'graze_move_prob': 0.05, 'collect_threshold_scale': 1.0, 'shepherd_speed': 1.5, 'shepherd_stop_multiple': 3.0, 'n_shepherds': 6, 'initial_spread': 30.0, 'shepherd_start_offset': 50.0, 'success_fraction': 1.0, 'sheep_model': 'strombom', 'dog_controller': 'collect_drive_multi', 'scenario_id': 'drive_to_goal', 'obs_mode': 'global', 'observation_frequency': 1, 'noise_sigma': 0.0, 'communication': 'none', 'stubborn_fraction': 0.0, 'stubborn_rs_scale': 0.25, 'stubborn_response_scale': 0.25, 'cohesion_scale': 1.0, 'initial_layout': 'compact', 'speed_scale': 1.0, 'failure_mode': 'none', 'failure_tick': -1, 'sensing_scale': 1.0, 'goal_mode': 'static', 'goal_velocity': [0.0, 0.0], 'latency': 0}",12.822518359449024,1.0,100.0,189.0,881.7446326885699,0.0814150696371312,5.941227066612325,5.3609646040195456,11.115050666746765,5.941227066612325,66.66870357737896,12.822518359449024,120.71510099556129,66.66870357737896,0.5700956103098671,0.0,0.6734438860137633,0.5700956103098671,0.9892105263157894,0.86,1.0,0.9892105263157894,0.0,0.0,0.0,0.0,11.31246902573347,7.9113707646148335,42.76117383416059,11.31246902573347,6.788216464268977,6.090853009874223,12.895949951768126,6.788216464268977,0.0772222449337421,0.0,0.2882568458971359,0.0772222449337421,0.9981052631578948,0.92,1.0,0.9981052631578948,0.1223626191033698,189.0,none,No failure (scenario success),[]
strombom_multi,drive_to_goal,paper,2029,strombom,collect_drive_multi,global,100,6,compact,10000,True,190,"{'world_width': 500.0, 'world_height': 500.0, 'goal_center': [370.0, 250.0], 'goal_radius': 21.213203435596427, 'max_ticks': 10000, 'measurement_radius': 5.0, 'n_sheep': 100, 'r_a': 2.0, 'r_s': 65.0, 'rs_weight': 1.0, 'n_neighbors': -1, 'c': 1.05, 'noise_strength': 0.3, 'sheep_speed': 1.0, 'inertia': 0.5, 'graze_move_prob': 0.05, 'collect_threshold_scale': 1.0, 'shepherd_speed': 1.5, 'shepherd_stop_multiple': 3.0, 'n_shepherds': 6, 'initial_spread': 30.0, 'shepherd_start_offset': 50.0, 'success_fraction': 1.0, 'sheep_model': 'strombom', 'dog_controller': 'collect_drive_multi', 'scenario_id': 'drive_to_goal', 'obs_mode': 'global', 'observation_frequency': 1, 'noise_sigma': 0.0, 'communication': 'none', 'stubborn_fraction': 0.0, 'stubborn_rs_scale': 0.25, 'stubborn_response_scale': 0.25, 'cohesion_scale': 1.0, 'initial_layout': 'compact', 'speed_scale': 1.0, 'failure_mode': 'none', 'failure_tick': -1, 'sensing_scale': 1.0, 'goal_mode': 'static', 'goal_velocity': [0.0, 0.0], 'latency': 0}",11.992336641931477,1.0,100.0,190.0,901.7194543008484,0.1834580046157053,5.991691533862884,5.346347134903635,11.392425001976669,5.991691533862884,65.84500694772042,11.992336641931477,120.35620786445229,65.84500694772042,0.5694911591781681,0.0,0.648822647494138,0.5694911591781681,0.9906806282722516,0.88,1.0,0.9906806282722516,0.0,0.0,0.0,0.0,11.302853294732632,7.240266842125809,35.735133035099594,11.302853294732632,6.8416541380149205,6.055626343608545,12.865554028519826,6.8416541380149205,0.070869831543115,0.0,0.2465875566171901,0.070869831543115,0.9991623036649216,0.94,1.0,0.9991623036649216,0.1201747070063394,190.0,none,No failure (scenario success),[]
strombom_multi,drive_to_goal,paper,2027,strombom,collect_drive_multi,global,100,10,compact,10000,True,185,"{'world_width': 500.0, 'world_height': 500.0, 'goal_center': [370.0, 250.0], 'goal_radius': 21.213203435596427, 'max_ticks': 10000, 'measurement_radius': 5.0, 'n_sheep': 100, 'r_a': 2.0, 'r_s': 65.0, 'rs_weight': 1.0, 'n_neighbors': -1, 'c': 1.05, 'noise_strength': 0.3, 'sheep_speed': 1.0, 'inertia': 0.5, 'graze_move_prob': 0.05, 'collect_threshold_scale': 1.0, 'shepherd_speed': 1.5, 'shepherd_stop_multiple': 3.0, 'n_shepherds': 10, 'initial_spread': 30.0, 'shepherd_start_offset': 50.0, 'success_fraction': 1.0, 'sheep_model': 'strombom', 'dog_controller': 'collect_drive_multi', 'scenario_id': 'drive_to_goal', 'obs_mode': 'global', 'observation_frequency': 1, 'noise_sigma': 0.0, 'communication': 'none', 'stubborn_fraction': 0.0, 'stubborn_rs_scale': 0.25, 'stubborn_response_scale': 0.25, 'cohesion_scale': 1.0, 'initial_layout': 'compact', 'speed_scale': 1.0, 'failure_mode': 'none', 'failure_tick': -1, 'sensing_scale': 1.0, 'goal_mode': 'static', 'goal_velocity': [0.0, 0.0], 'latency': 0}",12.81899147022791,1.0,100.0,185.0,1477.7354484224445,0.2860650320041054,6.031560095251431,5.396944853998926,11.974873727693602,6.031560095251431,65.29990884257735,12.81899147022791,118.706282345563,65.29990884257735,0.5710049750872235,0.0,0.6482021141186988,0.5710049750872235,0.9896774193548388,0.89,1.0,0.9896774193548388,0.0,0.0,0.0,0.0,11.514849432331356,7.68603273109327,33.83655619292399,11.514849432331356,6.893499835774072,6.189243186037383,13.3129319455607,6.893499835774072,0.0813899277449641,0.0,0.2119611211163646,0.0813899277449641,0.9993548387096772,0.9,1.0,0.9993548387096772,0.0716551064592617,185.0,none,No failure (scenario success),[]
strombom_multi,drive_to_goal,paper,2028,strombom,collect_drive_multi,global,10,1,compact,10000,False,10000,"{'world_width': 500.0, 'world_height': 500.0, 'goal_center': [370.0, 250.0], 'goal_radius': 6.7082039324993685, 'max_ticks': 10000, 'measurement_radius': 5.0, 'n_sheep': 10, 'r_a': 2.0, 'r_s': 65.0, 'rs_weight': 1.0, 'n_neighbors': -1, 'c': 1.05, 'noise_strength': 0.3, 'sheep_speed': 1.0, 'inertia': 0.5, 'graze_move_prob': 0.05, 'collect_threshold_scale': 1.0, 'shepherd_speed': 1.5, 'shepherd_stop_multiple': 3.0, 'n_shepherds': 1, 'initial_spread': 30.0, 'shepherd_start_offset': 50.0, 'success_fraction': 1.0, 'sheep_model': 'strombom', 'dog_controller': 'collect_drive_multi', 'scenario_id': 'drive_to_goal', 'obs_mode': 'global', 'observation_frequency': 1, 'noise_sigma': 0.0, 'communication': 'none', 'stubborn_fraction': 0.0, 'stubborn_rs_scale': 0.25, 'stubborn_response_scale': 0.25, 'cohesion_scale': 1.0, 'initial_layout': 'compact', 'speed_scale': 1.0, 'failure_mode': 'none', 'failure_tick': -1, 'sensing_scale': 1.0, 'goal_mode': 'static', 'goal_velocity': [0.0, 0.0], 'latency': 0}",404.01681815384063,0.0,0.0,-1.0,6182.897148795819,1.3874303553628835,2.647128835541229,1.4924526136317278,10.92488360077546,2.647128835541229,378.1051350416538,4.034120655018588,444.5940933088064,378.1051350416538,0.6760465732781176,0.0,0.9626118174146088,0.6760465732781176,0.997140285971403,0.6,1.0,0.997140285971403,0.0074992500749925,0.0,5.0,0.0074992500749925,1.9665293391663188,0.186524310367193,39.8008547647904,1.9665293391663188,2.984222914690157,1.7718532206775963,12.61562271373407,2.984222914690157,1.566368050941002e-17,-2.220446049250313e-16,2.220446049250313e-16,1.566368050941002e-17,1.0,1.0,1.0,1.0,-0.0454156977701259,-1.0,stuck,Little GCM-to-goal progress near the end of the run,['stuck']
strombom_multi,drive_to_goal,paper,2027,strombom,collect_drive_multi,global,10,1,compact,10000,False,10000,"{'world_width': 500.0, 'world_height': 500.0, 'goal_center': [370.0, 250.0], 'goal_radius': 6.7082039324993685, 'max_ticks': 10000, 'measurement_radius': 5.0, 'n_sheep': 10, 'r_a': 2.0, 'r_s': 65.0, 'rs_weight': 1.0, 'n_neighbors': -1, 'c': 1.05, 'noise_strength': 0.3, 'sheep_speed': 1.0, 'inertia': 0.5, 'graze_move_prob': 0.05, 'collect_threshold_scale': 1.0, 'shepherd_speed': 1.5, 'shepherd_stop_multiple': 3.0, 'n_shepherds': 1, 'initial_spread': 30.0, 'shepherd_start_offset': 50.0, 'success_fraction': 1.0, 'sheep_model': 'strombom', 'dog_controller': 'collect_drive_multi', 'scenario_id': 'drive_to_goal', 'obs_mode': 'global', 'observation_frequency': 1, 'noise_sigma': 0.0, 'communication': 'none', 'stubborn_fraction': 0.0, 'stubborn_rs_scale': 0.25, 'stubborn_response_scale': 0.25, 'cohesion_scale': 1.0, 'initial_layout': 'compact', 'speed_scale': 1.0, 'failure_mode': 'none', 'failure_tick': -1, 'sensing_scale': 1.0, 'goal_mode': 'static', 'goal_velocity': [0.0, 0.0], 'latency': 0}",405.8617108560449,0.0,0.0,-1.0,6184.450523849066,1.039268283837195,2.6423232530683416,1.498558967683565,8.645480173784993,2.6423232530683416,377.6261126137072,3.2955749785580584,444.4136725766273,377.6261126137072,0.6746590952480217,0.0,0.952509590351955,0.6746590952480217,0.9968603139686032,0.3,1.0,0.9968603139686032,0.0056994300569943,0.0,3.0,0.0056994300569943,1.9333069678021568,0.2198002860718223,25.994632078223304,1.9333069678021568,2.976243018609164,1.6882161417997152,9.737530789000802,2.976243018609164,1.5397253626188302e-17,-2.220446049250313e-16,2.220446049250313e-16,1.5397253626188302e-17,1.0,1.0,1.0,1.0,-0.0456438700112302,-1.0,stuck,Little GCM-to-goal progress near the end of the run,['stuck']
strombom_multi,drive_to_goal,paper,2029,strombom,collect_drive_multi,global,100,10,compact,10000,True,189,"{'world_width': 500.0, 'world_height': 500.0, 'goal_center': [370.0, 250.0], 'goal_radius': 21.213203435596427, 'max_ticks': 10000, 'measurement_radius': 5.0, 'n_sheep': 100, 'r_a': 2.0, 'r_s': 65.0, 'rs_weight': 1.0, 'n_neighbors': -1, 'c': 1.05, 'noise_strength': 0.3, 'sheep_speed': 1.0, 'inertia': 0.5, 'graze_move_prob': 0.05, 'collect_threshold_scale': 1.0, 'shepherd_speed': 1.5, 'shepherd_stop_multiple': 3.0, 'n_shepherds': 10, 'initial_spread': 30.0, 'shepherd_start_offset': 50.0, 'success_fraction': 1.0, 'sheep_model': 'strombom', 'dog_controller': 'collect_drive_multi', 'scenario_id': 'drive_to_goal', 'obs_mode': 'global', 'observation_frequency': 1, 'noise_sigma': 0.0, 'communication': 'none', 'stubborn_fraction': 0.0, 'stubborn_rs_scale': 0.25, 'stubborn_response_scale': 0.25, 'cohesion_scale': 1.0, 'initial_layout': 'compact', 'speed_scale': 1.0, 'failure_mode': 'none', 'failure_tick': -1, 'sensing_scale': 1.0, 'goal_mode': 'static', 'goal_velocity': [0.0, 0.0], 'latency': 0}",12.64512152813828,1.0,100.0,189.0,1495.7832541092685,0.1119549395096546,5.975869182952803,5.373912444659561,11.392425001976669,5.975869182952803,66.54831038374286,12.64512152813828,120.35620786445229,66.54831038374286,0.5687368868325349,0.0,0.661780586171664,0.5687368868325349,0.9905789473684208,0.88,1.0,0.9905789473684208,0.0,0.0,0.0,0.0,11.418955751120963,8.192852870327169,35.735133035099594,11.418955751120963,6.8387632151614834,6.122130109394407,12.865554028519826,6.8387632151614834,0.0831072608924236,0.0,0.2039300601384714,0.0831072608924236,0.999157894736842,0.94,1.0,0.999157894736842,0.0720098223057427,189.0,none,No failure (scenario success),[]
strombom_multi,drive_to_goal,paper,2026,strombom,collect_drive_multi,global,100,3,compact,10000,True,190,"{'world_width': 500.0, 'world_height': 500.0, 'goal_center': [370.0, 250.0], 'goal_radius': 21.213203435596427, 'max_ticks': 10000, 'measurement_radius': 5.0, 'n_sheep': 100, 'r_a': 2.0, 'r_s': 65.0, 'rs_weight': 1.0, 'n_neighbors': -1, 'c': 1.05, 'noise_strength': 0.3, 'sheep_speed': 1.0, 'inertia': 0.5, 'graze_move_prob': 0.05, 'collect_threshold_scale': 1.0, 'shepherd_speed': 1.5, 'shepherd_stop_multiple': 3.0, 'n_shepherds': 3, 'initial_spread': 30.0, 'shepherd_start_offset': 50.0, 'success_fraction': 1.0, 'sheep_model': 'strombom', 'dog_controller': 'collect_drive_multi', 'scenario_id': 'drive_to_goal', 'obs_mode': 'global', 'observation_frequency': 1, 'noise_sigma': 0.0, 'communication': 'none', 'stubborn_fraction': 0.0, 'stubborn_rs_scale': 0.25, 'stubborn_response_scale': 0.25, 'cohesion_scale': 1.0, 'initial_layout': 'compact', 'speed_scale': 1.0, 'failure_mode': 'none', 'failure_tick': -1, 'sensing_scale': 1.0, 'goal_mode': 'static', 'goal_velocity': [0.0, 0.0], 'latency': 0}",12.127046726112264,1.0,100.0,190.0,455.7480619536702,0.0860818870655378,6.146326258430912,5.507110464247128,12.195365145314325,6.146326258430912,65.58574269416094,12.127046726112264,119.8411911389514,65.58574269416094,0.5664452216114626,0.0,0.677279880133235,0.5664452216114626,0.9839267015706804,0.81,1.0,0.9839267015706804,0.0,0.0,0.0,0.0,13.052980274936802,8.538254607249769,43.76377952501448,13.052980274936802,7.083996819920811,6.310365773815541,13.874102153024603,7.083996819920811,0.0501420022289616,0.0,0.3474534038862064,0.0501420022289616,0.995916230366492,0.82,1.0,0.995916230366492,0.2363458090224177,190.0,none,No failure (scenario success),[]
strombom_multi,drive_to_goal,paper,2029,strombom,collect_drive_multi,global,100,4,compact,10000,True,191,"{'world_width': 500.0, 'world_height': 500.0, 'goal_center': [370.0, 250.0], 'goal_radius': 21.213203435596427, 'max_ticks': 10000, 'measurement_radius': 5.0, 'n_sheep': 100, 'r_a': 2.0, 'r_s': 65.0, 'rs_weight': 1.0, 'n_neighbors': -1, 'c': 1.05, 'noise_strength': 0.3, 'sheep_speed': 1.0, 'inertia': 0.5, 'graze_move_prob': 0.05, 'collect_threshold_scale': 1.0, 'shepherd_speed': 1.5, 'shepherd_stop_multiple': 3.0, 'n_shepherds': 4, 'initial_spread': 30.0, 'shepherd_start_offset': 50.0, 'success_fraction': 1.0, 'sheep_model': 'strombom', 'dog_controller': 'collect_drive_multi', 'scenario_id': 'drive_to_goal', 'obs_mode': 'global', 'observation_frequency': 1, 'noise_sigma': 0.0, 'communication': 'none', 'stubborn_fraction': 0.0, 'stubborn_rs_scale': 0.25, 'stubborn_response_scale': 0.25, 'cohesion_scale': 1.0, 'initial_layout': 'compact', 'speed_scale': 1.0, 'failure_mode': 'none', 'failure_tick': -1, 'sensing_scale': 1.0, 'goal_mode': 'static', 'goal_velocity': [0.0, 0.0], 'latency': 0}",11.967789066529958,1.0,100.0,191.0,600.0592932423897,0.1234880212885441,5.948678120569002,5.266454593464444,11.392425001976669,5.948678120569002,65.92794741496186,11.967789066529958,120.35620786445229,65.92794741496186,0.56629018859789,0.0,0.6565449788963889,0.56629018859789,0.9938020833333332,0.88,1.0,0.9938020833333332,0.0,0.0,0.0,0.0,11.001664514064355,7.282966113286887,35.735133035099594,11.001664514064355,6.7824554752696224,5.962006535516368,12.865554028519826,6.7824554752696224,0.0698234811744308,0.0,0.2950474349067075,0.0698234811744308,0.9991666666666666,0.94,1.0,0.9991666666666666,0.1806295144805624,191.0,none,No failure (scenario success),[]
strombom_multi,drive_to_goal,paper,2026,strombom,collect_drive_multi,global,100,10,compact,10000,True,186,"{'world_width': 500.0, 'world_height': 500.0, 'goal_center': [370.0, 250.0], 'goal_radius': 21.213203435596427, 'max_ticks': 10000, 'measurement_radius': 5.0, 'n_sheep': 100, 'r_a': 2.0, 'r_s': 65.0, 'rs_weight': 1.0, 'n_neighbors': -1, 'c': 1.05, 'noise_strength': 0.3, 'sheep_speed': 1.0, 'inertia': 0.5, 'graze_move_prob': 0.05, 'collect_threshold_scale': 1.0, 'shepherd_speed': 1.5, 'shepherd_stop_multiple': 3.0, 'n_shepherds': 10, 'initial_spread': 30.0, 'shepherd_start_offset': 50.0, 'success_fraction': 1.0, 'sheep_model': 'strombom', 'dog_controller': 'collect_drive_multi', 'scenario_id': 'drive_to_goal', 'obs_mode': 'global', 'observation_frequency': 1, 'noise_sigma': 0.0, 'communication': 'none', 'stubborn_fraction': 0.0, 'stubborn_rs_scale': 0.25, 'stubborn_response_scale': 0.25, 'cohesion_scale': 1.0, 'initial_layout': 'compact', 'speed_scale': 1.0, 'failure_mode': 'none', 'failure_tick': -1, 'sensing_scale': 1.0, 'goal_mode': 'static', 'goal_velocity': [0.0, 0.0], 'latency': 0}",13.132822124152058,1.0,100.0,186.0,1497.8197919938837,0.1169203407169123,6.0897905416800775,5.4183026340616856,12.195365145314325,6.0897905416800775,66.54148010205436,13.132822124152058,119.8411911389514,66.54148010205436,0.5728720053823555,0.0,0.6678282143154055,0.5728720053823555,0.9843850267379678,0.81,1.0,0.9843850267379678,0.0,0.0,0.0,0.0,12.851175769183945,8.466741456130903,43.76377952501448,12.851175769183945,7.020138489751112,6.176727308076544,13.874102153024603,7.020138489751112,0.0789694673535841,0.0,0.2236467863047181,0.0789694673535841,0.9977540106951872,0.92,1.0,0.9977540106951872,0.07124246159997,186.0,none,No failure (scenario success),[]
strombom_multi,drive_to_goal,paper,2028,strombom,collect_drive_multi,global,100,10,compact,10000,True,193,"{'world_width': 500.0, 'world_height': 500.0, 'goal_center': [370.0, 250.0], 'goal_radius': 21.213203435596427, 'max_ticks': 10000, 'measurement_radius': 5.0, 'n_sheep': 100, 'r_a': 2.0, 'r_s': 65.0, 'rs_weight': 1.0, 'n_neighbors': -1, 'c': 1.05, 'noise_strength': 0.3, 'sheep_speed': 1.0, 'inertia': 0.5, 'graze_move_prob': 0.05, 'collect_threshold_scale': 1.0, 'shepherd_speed': 1.5, 'shepherd_stop_multiple': 3.0, 'n_shepherds': 10, 'initial_spread': 30.0, 'shepherd_start_offset': 50.0, 'success_fraction': 1.0, 'sheep_model': 'strombom', 'dog_controller': 'collect_drive_multi', 'scenario_id': 'drive_to_goal', 'obs_mode': 'global', 'observation_frequency': 1, 'noise_sigma': 0.0, 'communication': 'none', 'stubborn_fraction': 0.0, 'stubborn_rs_scale': 0.25, 'stubborn_response_scale': 0.25, 'cohesion_scale': 1.0, 'initial_layout': 'compact', 'speed_scale': 1.0, 'failure_mode': 'none', 'failure_tick': -1, 'sensing_scale': 1.0, 'goal_mode': 'static', 'goal_velocity': [0.0, 0.0], 'latency': 0}",13.12893183009604,1.0,100.0,193.0,1494.5559905269176,0.2214954092890445,5.973026133153426,5.413217811365272,11.063974804786936,5.973026133153426,67.02952059968477,13.12893183009604,121.30250887459776,67.02952059968477,0.5592051900969458,0.0,0.6533382207435844,0.5592051900969458,0.9892268041237114,0.85,1.0,0.9892268041237114,0.0,0.0,0.0,0.0,11.20733639689343,7.661208804520114,41.85529306990159,11.20733639689343,6.813650274475831,6.1213545574277,12.81666226249493,6.813650274475831,0.0863305089014604,0.0,0.2163493981136831,0.0863305089014604,0.9996907216494844,0.98,1.0,0.9996907216494844,0.0723784038404371,193.0,none,No failure (scenario success),[]
strombom_multi,drive_to_goal,paper,2030,strombom,collect_drive_multi,global,100,10,compact,10000,True,188,"{'world_width': 500.0, 'world_height': 500.0, 'goal_center': [370.0, 250.0], 'goal_radius': 21.213203435596427, 'max_ticks': 10000, 'measurement_radius': 5.0, 'n_sheep': 100, 'r_a': 2.0, 'r_s': 65.0, 'rs_weight': 1.0, 'n_neighbors': -1, 'c': 1.05, 'noise_strength': 0.3, 'sheep_speed': 1.0, 'inertia': 0.5, 'graze_move_prob': 0.05, 'collect_threshold_scale': 1.0, 'shepherd_speed': 1.5, 'shepherd_stop_multiple': 3.0, 'n_shepherds': 10, 'initial_spread': 30.0, 'shepherd_start_offset': 50.0, 'success_fraction': 1.0, 'sheep_model': 'strombom', 'dog_controller': 'collect_drive_multi', 'scenario_id': 'drive_to_goal', 'obs_mode': 'global', 'observation_frequency': 1, 'noise_sigma': 0.0, 'communication': 'none', 'stubborn_fraction': 0.0, 'stubborn_rs_scale': 0.25, 'stubborn_response_scale': 0.25, 'cohesion_scale': 1.0, 'initial_layout': 'compact', 'speed_scale': 1.0, 'failure_mode': 'none', 'failure_tick': -1, 'sensing_scale': 1.0, 'goal_mode': 'static', 'goal_velocity': [0.0, 0.0], 'latency': 0}",12.239736596037863,1.0,100.0,188.0,1490.4260654894624,0.0644803006156398,5.9838436322935245,5.313699366027855,11.115050666746765,5.9838436322935245,66.28658183792237,12.239736596037863,120.71510099556129,66.28658183792237,0.5762325558085426,0.0,0.6793229400624775,0.5762325558085426,0.9858201058201058,0.86,1.0,0.9858201058201058,0.0,0.0,0.0,0.0,12.25108381078157,7.766106379398013,42.76117383416059,12.25108381078157,6.89182325343781,6.023330845910369,12.895949951768126,6.89182325343781,0.0775139708442789,0.0,0.226706435737335,0.0775139708442789,0.9982010582010582,0.92,1.0,0.9982010582010582,0.0727814461322505,188.0,none,No failure (scenario success),[]
