method,scenario,preset,seed,sheep_model,dog_controller,obs_mode,n_sheep,n_shepherds,initial_layout,time_limit,success,total_ticks,resolved_config,final_gcm_goal,final_success_rate,final_sheep_in_goal,time_to_goal,shepherd_path,final_min_separation,mean_cohesion,min_cohesion,max_cohesion,auc_cohesion,mean_gcm_goal,min_gcm_goal,max_gcm_goal,auc_gcm_goal,mean_polarization,min_polarization,max_polarization,auc_polarization,mean_fragmentation,min_fragmentation,max_fragmentation,auc_fragmentation,mean_outlier_count,min_outlier_count,max_outlier_count,auc_outlier_count,mean_mean_spread,min_mean_spread,max_mean_spread,auc_mean_spread,mean_extent,min_extent,max_extent,auc_extent,mean_perimeter,min_perimeter,max_perimeter,auc_perimeter,mean_hull_area,min_hull_area,max_hull_area,auc_hull_area,mean_flock_density,min_flock_density,max_flock_density,auc_flock_density,mean_aspect_ratio,min_aspect_ratio,max_aspect_ratio,auc_aspect_ratio,mean_i_dir,min_i_dir,max_i_dir,auc_i_dir,mean_coverage,min_coverage,max_coverage,auc_coverage,control_efficiency,first_success_tick,failure_mode,failure_label,failure_hints
strombom_multi,drive_to_goal,paper,2028,strombom,collect_drive_multi,bearing_only,100,1,compact,10000,True,2490,"{'world_width': 500.0, 'world_height': 500.0, 'goal_center': [370.0, 250.0], 'goal_radius': 21.213203435596427, 'max_ticks': 10000, 'measurement_radius': 5.0, 'n_sheep': 100, 'r_a': 2.0, 'r_s': 65.0, 'rs_weight': 1.0, 'n_neighbors': -1, 'c': 1.05, 'noise_strength': 0.3, 'sheep_speed': 1.0, 'inertia': 0.5, 'graze_move_prob': 0.05, 'collect_threshold_scale': 1.0, 'shepherd_speed': 1.5, 'shepherd_stop_multiple': 3.0, 'n_shepherds': 1, 'initial_spread': 30.0, 'shepherd_start_offset': 50.0, 'success_fraction': 1.0, 'sheep_model': 'strombom', 'dog_controller': 'collect_drive_multi', 'scenario_id': 'drive_to_goal', 'obs_mode': 'bearing_only', 'observation_frequency': 1, 'noise_sigma': 0.0, 'communication': 'none', 'stubborn_fraction': 0.0, 'stubborn_rs_scale': 0.25, 'stubborn_response_scale': 0.25, 'cohesion_scale': 1.0, 'initial_layout': 'compact', 'speed_scale': 1.0, 'failure_mode': 'none', 'failure_tick': -1, 'sensing_scale': 1.0, 'goal_mode': 'static', 'goal_velocity': [0.0, 0.0], 'latency': 0}",11.489058342898614,1.0,100.0,2490.0,2631.0,0.23425392642339427,5.921532895006449,5.456861154398013,11.063974804786936,5.921532895006449,77.13929786142336,11.489058342898614,121.30250887459776,77.13929786142336,0.5510961261566453,0.0,0.6680064144852282,0.5510961261566453,0.9985106382978723,0.86,1.0,0.9985106382978723,0.0,0.0,0.0,0.0,9.76161883613534,7.832955794132987,41.855293069901585,9.76161883613534,6.692188116016549,6.254733921508781,12.81666226249493,6.692188116016549,70.13640095614646,62.515539655360755,148.83797308977194,70.13640095614646,346.8056304272142,286.853273793116,1581.7256784021338,346.8056304272142,0.2924146519826074,0.06322208797989576,0.34861027966556135,0.2924146519826074,1.2188551002644776,1.0424300550603494,1.42781723048886,1.2188551002644776,2.4557723266497844e-17,-2.220446049250313e-16,2.220446049250313e-16,2.4557723266497844e-17,0.9997591328783622,0.82,1.0,0.9997591328783622,0.04173829362664354,2490.0,none,No failure (scenario success),[]
strombom_multi,drive_to_goal,paper,2043,strombom,collect_drive_multi,bearing_only,100,1,compact,10000,False,10000,"{'world_width': 500.0, 'world_height': 500.0, 'goal_center': [370.0, 250.0], 'goal_radius': 21.213203435596427, 'max_ticks': 10000, 'measurement_radius': 5.0, 'n_sheep': 100, 'r_a': 2.0, 'r_s': 65.0, 'rs_weight': 1.0, 'n_neighbors': -1, 'c': 1.05, 'noise_strength': 0.3, 'sheep_speed': 1.0, 'inertia': 0.5, 'graze_move_prob': 0.05, 'collect_threshold_scale': 1.0, 'shepherd_speed': 1.5, 'shepherd_stop_multiple': 3.0, 'n_shepherds': 1, 'initial_spread': 30.0, 'shepherd_start_offset': 50.0, 'success_fraction': 1.0, 'sheep_model': 'strombom', 'dog_controller': 'collect_drive_multi', 'scenario_id': 'drive_to_goal', 'obs_mode': 'bearing_only', 'observation_frequency': 1, 'noise_sigma': 0.0, 'communication': 'none', 'stubborn_fraction': 0.0, 'stubborn_rs_scale': 0.25, 'stubborn_response_scale': 0.25, 'cohesion_scale': 1.0, 'initial_layout': 'compact', 'speed_scale': 1.0, 'failure_mode': 'none', 'failure_tick': -1, 'sensing_scale': 1.0, 'goal_mode': 'static', 'goal_velocity': [0.0, 0.0], 'latency': 0}",54.03409415210976,0.0,0.0,-1.0,10500.0,0.1713810299550017,5.896077004024625,5.389218963088528,11.16758343516255,5.896077004024625,94.07580883825254,42.81588825147727,131.2476971496192,94.07580883825254,0.5500948932161979,0.0,0.6795311918424063,0.5500948932161979,0.9990530946905308,0.94,1.0,0.9990530946905308,0.0,0.0,0.0,0.0,9.599611087405624,7.4296964732225215,35.023827547639364,9.599611087405624,6.659735075154704,6.1331978791469375,12.638779503138599,6.659735075154704,69.6719433893958,60.4815475558281,138.15040472898895,69.6719433893958,340.5226975908632,266.67578344372555,1220.295665650994,340.5226975908632,0.295108313124808,0.08194735326430318,0.37498717997055103,0.295108313124808,1.217426001429231,1.0007716249724286,1.5018583618889718,1.217426001429231,2.3534374684584862e-17,-2.220446049250313e-16,2.220446049250313e-16,2.3534374684584862e-17,0.9999800019998,0.92,1.0,0.9999800019998,0.006293473478711249,-1.0,stuck,Little GCM-to-goal progress near the end of the run,['stuck']
strombom_multi,drive_to_goal,paper,2031,strombom,collect_drive_multi,bearing_only,100,1,compact,10000,False,10000,"{'world_width': 500.0, 'world_height': 500.0, 'goal_center': [370.0, 250.0], 'goal_radius': 21.213203435596427, 'max_ticks': 10000, 'measurement_radius': 5.0, 'n_sheep': 100, 'r_a': 2.0, 'r_s': 65.0, 'rs_weight': 1.0, 'n_neighbors': -1, 'c': 1.05, 'noise_strength': 0.3, 'sheep_speed': 1.0, 'inertia': 0.5, 'graze_move_prob': 0.05, 'collect_threshold_scale': 1.0, 'shepherd_speed': 1.5, 'shepherd_stop_multiple': 3.0, 'n_shepherds': 1, 'initial_spread': 30.0, 'shepherd_start_offset': 50.0, 'success_fraction': 1.0, 'sheep_model': 'strombom', 'dog_controller': 'collect_drive_multi', 'scenario_id': 'drive_to_goal', 'obs_mode': 'bearing_only', 'observation_frequency': 1, 'noise_sigma': 0.0, 'communication': 'none', 'stubborn_fraction': 0.0, 'stubborn_rs_scale': 0.25, 'stubborn_response_scale': 0.25, 'cohesion_scale': 1.0, 'initial_layout': 'compact', 'speed_scale': 1.0, 'failure_mode': 'none', 'failure_tick': -1, 'sensing_scale': 1.0, 'goal_mode': 'static', 'goal_velocity': [0.0, 0.0], 'latency': 0}",91.95582135410413,0.0,0.0,-1.0,10540.5,0.13106303781151488,5.889247986712342,5.407959592089752,11.636854062900948,5.889247986712342,87.12496290767476,51.18554012601015,123.80350035040532,87.12496290767476,0.5511247414847054,0.0,0.6952839360046391,0.5511247414847054,0.9991350864913511,0.87,1.0,0.9991350864913511,0.0,0.0,0.0,0.0,9.590080871580705,7.5370397707200905,41.72174302963702,9.590080871580705,6.652665382647047,6.1091609879514674,13.309324382210065,6.652665382647047,69.5659281589351,61.843877206768084,156.1707519215855,69.5659281589351,339.665755965706,282.5425671071024,1614.3413949961605,339.665755965706,0.29623842667035416,0.06194476602654288,0.35392897085872854,0.29623842667035416,1.21666461716343,1.0298660052329278,1.448730853958503,1.21666461716343,2.3456666843645194e-17,-2.220446049250313e-16,2.220446049250313e-16,2.3456666843645194e-17,0.9999180081991801,0.76,1.0,0.9999180081991801,0.0026949668582122678,-1.0,stuck,Little GCM-to-goal progress near the end of the run,['stuck']
strombom_multi,drive_to_goal,paper,2041,strombom,collect_drive_multi,bearing_only,100,1,compact,10000,False,10000,"{'world_width': 500.0, 'world_height': 500.0, 'goal_center': [370.0, 250.0], 'goal_radius': 21.213203435596427, 'max_ticks': 10000, 'measurement_radius': 5.0, 'n_sheep': 100, 'r_a': 2.0, 'r_s': 65.0, 'rs_weight': 1.0, 'n_neighbors': -1, 'c': 1.05, 'noise_strength': 0.3, 'sheep_speed': 1.0, 'inertia': 0.5, 'graze_move_prob': 0.05, 'collect_threshold_scale': 1.0, 'shepherd_speed': 1.5, 'shepherd_stop_multiple': 3.0, 'n_shepherds': 1, 'initial_spread': 30.0, 'shepherd_start_offset': 50.0, 'success_fraction': 1.0, 'sheep_model': 'strombom', 'dog_controller': 'collect_drive_multi', 'scenario_id': 'drive_to_goal', 'obs_mode': 'bearing_only', 'observation_frequency': 1, 'noise_sigma': 0.0, 'communication': 'none', 'stubborn_fraction': 0.0, 'stubborn_rs_scale': 0.25, 'stubborn_response_scale': 0.25, 'cohesion_scale': 1.0, 'initial_layout': 'compact', 'speed_scale': 1.0, 'failure_mode': 'none', 'failure_tick': -1, 'sensing_scale': 1.0, 'goal_mode': 'static', 'goal_velocity': [0.0, 0.0], 'latency': 0}",154.09329453887963,0.0,0.0,-1.0,10549.5,0.11810349308544398,5.899708995036952,5.4294716839682495,13.012791645232644,5.899708995036952,152.98972466364995,87.04604067546086,199.50116066120728,152.98972466364995,0.5501232711923054,0.0,0.6737489039985124,0.5501232711923054,0.9989921007899212,0.76,1.0,0.9989921007899212,0.0,0.0,0.0,0.0,9.633047247561274,7.585691887040216,40.36119074468163,9.633047247561274,6.665002650626695,6.143878288971603,14.480812723977827,6.665002650626695,69.67691666595628,62.08654958881457,147.98819115543864,69.67691666595628,341.0586847718967,281.2641510704865,1587.9418502671692,341.0586847718967,0.2951938007622218,0.06297459820910642,0.3555376667072634,0.2951938007622218,1.218134660319517,1.0097334799019664,1.4825622137131136,1.218134660319517,2.408943069129677e-17,-2.220446049250313e-16,2.220446049250313e-16,2.408943069129677e-17,0.99992800719928,0.8,1.0,0.99992800719928,-0.0033876481280453587,-1.0,stuck,Little GCM-to-goal progress near the end of the run,['stuck']
strombom_multi,drive_to_goal,paper,2038,strombom,collect_drive_multi,bearing_only,100,1,compact,10000,False,10000,"{'world_width': 500.0, 'world_height': 500.0, 'goal_center': [370.0, 250.0], 'goal_radius': 21.213203435596427, 'max_ticks': 10000, 'measurement_radius': 5.0, 'n_sheep': 100, 'r_a': 2.0, 'r_s': 65.0, 'rs_weight': 1.0, 'n_neighbors': -1, 'c': 1.05, 'noise_strength': 0.3, 'sheep_speed': 1.0, 'inertia': 0.5, 'graze_move_prob': 0.05, 'collect_threshold_scale': 1.0, 'shepherd_speed': 1.5, 'shepherd_stop_multiple': 3.0, 'n_shepherds': 1, 'initial_spread': 30.0, 'shepherd_start_offset': 50.0, 'success_fraction': 1.0, 'sheep_model': 'strombom', 'dog_controller': 'collect_drive_multi', 'scenario_id': 'drive_to_goal', 'obs_mode': 'bearing_only', 'observation_frequency': 1, 'noise_sigma': 0.0, 'communication': 'none', 'stubborn_fraction': 0.0, 'stubborn_rs_scale': 0.25, 'stubborn_response_scale': 0.25, 'cohesion_scale': 1.0, 'initial_layout': 'compact', 'speed_scale': 1.0, 'failure_mode': 'none', 'failure_tick': -1, 'sensing_scale': 1.0, 'goal_mode': 'static', 'goal_velocity': [0.0, 0.0], 'latency': 0}",54.83601862484468,0.0,0.0,-1.0,10499.999999999998,0.09462829469611624,5.906527182124171,5.468358565213776,11.629844267931974,5.906527182124171,92.46653760995916,11.507136472044651,148.91457264621852,92.46653760995916,0.5514124078473067,0.0,0.6987550081846073,0.5514124078473067,0.9989941005899411,0.95,1.0,0.9989941005899411,0.0,0.0,0.0,0.0,9.6599783134757,7.646603358846311,44.10072867315319,9.6599783134757,6.673174454915771,6.2220907450576055,13.392311464773487,6.673174454915771,69.86760917795891,62.516241591473594,162.03062739394565,69.86760917795891,342.57558820618294,286.95331197270946,1688.200901862521,342.57558820618294,0.29394504652198966,0.05923465618912666,0.3484887465230248,0.29394504652198966,1.2185288448479639,1.002578745256748,1.4483052214874033,1.2185288448479639,2.4566778857069008e-17,-2.220446049250313e-16,2.220446049250313e-16,2.4566778857069008e-17,0.9998340165983401,0.7,1.0,0.9998340165983401,0.00606982521333569,-1.0,timeout,Timeout without a more specific failure pattern,['timeout']
strombom_multi,drive_to_goal,paper,2042,strombom,collect_drive_multi,bearing_only,100,1,compact,10000,False,10000,"{'world_width': 500.0, 'world_height': 500.0, 'goal_center': [370.0, 250.0], 'goal_radius': 21.213203435596427, 'max_ticks': 10000, 'measurement_radius': 5.0, 'n_sheep': 100, 'r_a': 2.0, 'r_s': 65.0, 'rs_weight': 1.0, 'n_neighbors': -1, 'c': 1.05, 'noise_strength': 0.3, 'sheep_speed': 1.0, 'inertia': 0.5, 'graze_move_prob': 0.05, 'collect_threshold_scale': 1.0, 'shepherd_speed': 1.5, 'shepherd_stop_multiple': 3.0, 'n_shepherds': 1, 'initial_spread': 30.0, 'shepherd_start_offset': 50.0, 'success_fraction': 1.0, 'sheep_model': 'strombom', 'dog_controller': 'collect_drive_multi', 'scenario_id': 'drive_to_goal', 'obs_mode': 'bearing_only', 'observation_frequency': 1, 'noise_sigma': 0.0, 'communication': 'none', 'stubborn_fraction': 0.0, 'stubborn_rs_scale': 0.25, 'stubborn_response_scale': 0.25, 'cohesion_scale': 1.0, 'initial_layout': 'compact', 'speed_scale': 1.0, 'failure_mode': 'none', 'failure_tick': -1, 'sensing_scale': 1.0, 'goal_mode': 'static', 'goal_velocity': [0.0, 0.0], 'latency': 0}",96.70116773130017,0.0,0.0,-1.0,10530.0,0.11458198543535188,5.894763740656709,5.474193012224679,10.655442457120753,5.894763740656709,111.97077111224176,66.91780751796053,147.5041414504523,111.97077111224176,0.5508730153648742,0.0,0.6852605870584157,0.5508730153648742,0.9989361063893611,0.86,1.0,0.9989361063893611,0.0,0.0,0.0,0.0,9.596627559663558,7.553560834996249,37.96711659495715,9.596627559663558,6.658275516270092,6.1774533618178395,12.30875991121643,6.658275516270092,69.67171722448974,62.219722302134265,139.02173833720894,69.67171722448974,340.6188679198888,284.9482514673039,1436.0635607509732,340.6188679198888,0.29512906498338903,0.06963480080763704,0.35094091465753174,0.29512906498338903,1.2170233491277593,1.017469169937004,1.488945681580922,1.2170233491277593,2.4755497899351057e-17,-2.220446049250313e-16,2.220446049250313e-16,2.4755497899351057e-17,0.9999900009999,0.96,1.0,0.9999900009999,0.002155712493326287,-1.0,timeout,Timeout without a more specific failure pattern,['timeout']
strombom_multi,drive_to_goal,paper,2040,strombom,collect_drive_multi,bearing_only,100,1,compact,10000,False,10000,"{'world_width': 500.0, 'world_height': 500.0, 'goal_center': [370.0, 250.0], 'goal_radius': 21.213203435596427, 'max_ticks': 10000, 'measurement_radius': 5.0, 'n_sheep': 100, 'r_a': 2.0, 'r_s': 65.0, 'rs_weight': 1.0, 'n_neighbors': -1, 'c': 1.05, 'noise_strength': 0.3, 'sheep_speed': 1.0, 'inertia': 0.5, 'graze_move_prob': 0.05, 'collect_threshold_scale': 1.0, 'shepherd_speed': 1.5, 'shepherd_stop_multiple': 3.0, 'n_shepherds': 1, 'initial_spread': 30.0, 'shepherd_start_offset': 50.0, 'success_fraction': 1.0, 'sheep_model': 'strombom', 'dog_controller': 'collect_drive_multi', 'scenario_id': 'drive_to_goal', 'obs_mode': 'bearing_only', 'observation_frequency': 1, 'noise_sigma': 0.0, 'communication': 'none', 'stubborn_fraction': 0.0, 'stubborn_rs_scale': 0.25, 'stubborn_response_scale': 0.25, 'cohesion_scale': 1.0, 'initial_layout': 'compact', 'speed_scale': 1.0, 'failure_mode': 'none', 'failure_tick': -1, 'sensing_scale': 1.0, 'goal_mode': 'static', 'goal_velocity': [0.0, 0.0], 'latency': 0}",165.97637355915055,0.0,0.0,-1.0,10473.0,0.29555309186941403,5.901765468225484,5.425289006931573,12.200156195870637,5.901765468225484,122.2158943228276,70.3345460117036,172.6090796525128,122.2158943228276,0.5504871775009964,0.0,0.6741617824324457,0.5504871775009964,0.9989381061893812,0.78,1.0,0.9989381061893812,0.0,0.0,0.0,0.0,9.60084450840385,7.427997930874284,39.19514248759853,9.60084450840385,6.664550650420822,6.1272384756013185,13.712729622188254,6.664550650420822,69.63150494550518,61.686283760438485,155.9586148256783,69.63150494550518,340.78074764309287,280.0496193389941,1684.2225793764444,340.78074764309287,0.29539395018909376,0.05937457508557055,0.35707957838340115,0.29539395018909376,1.2167447708681824,1.0174399767910507,1.429046538292589,1.2167447708681824,2.4400262055055436e-17,-2.220446049250313e-16,2.220446049250313e-16,2.4400262055055436e-17,0.99994800519948,0.9,1.0,0.99994800519948,-0.004404411089967294,-1.0,stuck,Little GCM-to-goal progress near the end of the run,['stuck']
strombom_multi,drive_to_goal,paper,2032,strombom,collect_drive_multi,bearing_only,100,1,compact,10000,False,10000,"{'world_width': 500.0, 'world_height': 500.0, 'goal_center': [370.0, 250.0], 'goal_radius': 21.213203435596427, 'max_ticks': 10000, 'measurement_radius': 5.0, 'n_sheep': 100, 'r_a': 2.0, 'r_s': 65.0, 'rs_weight': 1.0, 'n_neighbors': -1, 'c': 1.05, 'noise_strength': 0.3, 'sheep_speed': 1.0, 'inertia': 0.5, 'graze_move_prob': 0.05, 'collect_threshold_scale': 1.0, 'shepherd_speed': 1.5, 'shepherd_stop_multiple': 3.0, 'n_shepherds': 1, 'initial_spread': 30.0, 'shepherd_start_offset': 50.0, 'success_fraction': 1.0, 'sheep_model': 'strombom', 'dog_controller': 'collect_drive_multi', 'scenario_id': 'drive_to_goal', 'obs_mode': 'bearing_only', 'observation_frequency': 1, 'noise_sigma': 0.0, 'communication': 'none', 'stubborn_fraction': 0.0, 'stubborn_rs_scale': 0.25, 'stubborn_response_scale': 0.25, 'cohesion_scale': 1.0, 'initial_layout': 'compact', 'speed_scale': 1.0, 'failure_mode': 'none', 'failure_tick': -1, 'sensing_scale': 1.0, 'goal_mode': 'static', 'goal_velocity': [0.0, 0.0], 'latency': 0}",160.67057524520013,0.0,0.0,-1.0,10531.5,0.13052378818928848,5.890012385124737,5.390312752436591,11.39978104158245,5.890012385124737,145.12143506803844,81.81810719694508,201.62073746087844,145.12143506803844,0.5513398448102839,0.0,0.6884687926831623,0.5513398448102839,0.999156084391561,0.93,1.0,0.999156084391561,0.0,0.0,0.0,0.0,9.58655437062073,7.696901828639941,31.542547388134366,9.58655437062073,6.653435703510006,6.146634907980153,12.708168836781992,6.653435703510006,69.56960812838864,62.196682601374704,139.0032405204169,69.56960812838864,339.5643411390812,273.6647609152726,1322.7192219133344,339.5643411390812,0.29598994977742116,0.07560183472297953,0.36541058361167766,0.29598994977742116,1.21745864385481,1.0120764815587542,1.4313171440937578,1.21745864385481,2.3667588126195717e-17,-2.220446049250313e-16,2.220446049250313e-16,2.3667588126195717e-17,0.99989601039896,0.7,1.0,0.99989601039896,-0.003887814751500257,-1.0,stuck,Little GCM-to-goal progress near the end of the run,['stuck']
strombom_multi,drive_to_goal,paper,2037,strombom,collect_drive_multi,bearing_only,100,1,compact,10000,False,10000,"{'world_width': 500.0, 'world_height': 500.0, 'goal_center': [370.0, 250.0], 'goal_radius': 21.213203435596427, 'max_ticks': 10000, 'measurement_radius': 5.0, 'n_sheep': 100, 'r_a': 2.0, 'r_s': 65.0, 'rs_weight': 1.0, 'n_neighbors': -1, 'c': 1.05, 'noise_strength': 0.3, 'sheep_speed': 1.0, 'inertia': 0.5, 'graze_move_prob': 0.05, 'collect_threshold_scale': 1.0, 'shepherd_speed': 1.5, 'shepherd_stop_multiple': 3.0, 'n_shepherds': 1, 'initial_spread': 30.0, 'shepherd_start_offset': 50.0, 'success_fraction': 1.0, 'sheep_model': 'strombom', 'dog_controller': 'collect_drive_multi', 'scenario_id': 'drive_to_goal', 'obs_mode': 'bearing_only', 'observation_frequency': 1, 'noise_sigma': 0.0, 'communication': 'none', 'stubborn_fraction': 0.0, 'stubborn_rs_scale': 0.25, 'stubborn_response_scale': 0.25, 'cohesion_scale': 1.0, 'initial_layout': 'compact', 'speed_scale': 1.0, 'failure_mode': 'none', 'failure_tick': -1, 'sensing_scale': 1.0, 'goal_mode': 'static', 'goal_velocity': [0.0, 0.0], 'latency': 0}",108.69346576754113,0.0,0.0,-1.0,10491.0,0.2713286173205217,5.896271651314949,5.445256958059754,11.373483832599003,5.896271651314949,86.4801285135175,40.03851388956635,129.97468767736365,86.4801285135175,0.5504812449193964,0.0,0.6729954597573468,0.5504812449193964,0.9990310968903109,0.88,1.0,0.9990310968903109,0.0,0.0,0.0,0.0,9.60345794582968,7.8895567384551395,31.45492557641533,9.60345794582968,6.660307923852999,6.173266865505756,12.681130078459342,6.660307923852999,69.65106653652187,61.342839962686995,141.44693804691335,69.65106653652187,340.5853438921844,276.91847392304567,1390.9848040840357,340.5853438921844,0.29511930644022166,0.07189151147186691,0.36111711357975174,0.29511930644022166,1.2178179815631645,1.0233903930675605,1.4361323172297198,1.2178179815631645,2.408943069129677e-17,-2.220446049250313e-16,2.220446049250313e-16,2.408943069129677e-17,0.99991200879912,0.78,1.0,0.99991200879912,0.0010672981021949979,-1.0,stuck,Little GCM-to-goal progress near the end of the run,['stuck']
strombom_multi,drive_to_goal,paper,2039,strombom,collect_drive_multi,bearing_only,100,1,compact,10000,False,10000,"{'world_width': 500.0, 'world_height': 500.0, 'goal_center': [370.0, 250.0], 'goal_radius': 21.213203435596427, 'max_ticks': 10000, 'measurement_radius': 5.0, 'n_sheep': 100, 'r_a': 2.0, 'r_s': 65.0, 'rs_weight': 1.0, 'n_neighbors': -1, 'c': 1.05, 'noise_strength': 0.3, 'sheep_speed': 1.0, 'inertia': 0.5, 'graze_move_prob': 0.05, 'collect_threshold_scale': 1.0, 'shepherd_speed': 1.5, 'shepherd_stop_multiple': 3.0, 'n_shepherds': 1, 'initial_spread': 30.0, 'shepherd_start_offset': 50.0, 'success_fraction': 1.0, 'sheep_model': 'strombom', 'dog_controller': 'collect_drive_multi', 'scenario_id': 'drive_to_goal', 'obs_mode': 'bearing_only', 'observation_frequency': 1, 'noise_sigma': 0.0, 'communication': 'none', 'stubborn_fraction': 0.0, 'stubborn_rs_scale': 0.25, 'stubborn_response_scale': 0.25, 'cohesion_scale': 1.0, 'initial_layout': 'compact', 'speed_scale': 1.0, 'failure_mode': 'none', 'failure_tick': -1, 'sensing_scale': 1.0, 'goal_mode': 'static', 'goal_velocity': [0.0, 0.0], 'latency': 0}",176.6003942786358,0.0,0.0,-1.0,10557.0,0.26695520234867726,5.896573197201172,5.245765574808537,9.926274053601196,5.896573197201172,113.80169997562051,59.46116991771876,184.24593564784388,113.80169997562051,0.550740376465813,0.0,0.6917595083831746,0.550740376465813,0.9990290970902911,0.91,1.0,0.9990290970902911,0.0,0.0,0.0,0.0,9.594651072764146,7.1174695616470816,27.94060826575212,9.594651072764146,6.660019155137997,5.939651640952675,11.245955933265451,6.660019155137997,69.67780224030119,60.8516265925431,131.079118382625,69.67780224030119,340.4052560543277,264.19498822997,1122.3902377862128,340.4052560543277,0.295082664190557,0.08909557178369498,0.378508315657201,0.295082664190557,1.2183029159912786,1.0372101896796344,1.4460295891847068,1.2183029159912786,2.3534374684584862e-17,-2.220446049250313e-16,2.220446049250313e-16,2.3534374684584862e-17,0.9999260073992601,0.74,1.0,0.9999260073992601,-0.005456279996884639,-1.0,stuck,Little GCM-to-goal progress near the end of the run,['stuck']
strombom_multi,drive_to_goal,paper,2029,strombom,collect_drive_multi,bearing_only,100,1,compact,10000,False,10000,"{'world_width': 500.0, 'world_height': 500.0, 'goal_center': [370.0, 250.0], 'goal_radius': 21.213203435596427, 'max_ticks': 10000, 'measurement_radius': 5.0, 'n_sheep': 100, 'r_a': 2.0, 'r_s': 65.0, 'rs_weight': 1.0, 'n_neighbors': -1, 'c': 1.05, 'noise_strength': 0.3, 'sheep_speed': 1.0, 'inertia': 0.5, 'graze_move_prob': 0.05, 'collect_threshold_scale': 1.0, 'shepherd_speed': 1.5, 'shepherd_stop_multiple': 3.0, 'n_shepherds': 1, 'initial_spread': 30.0, 'shepherd_start_offset': 50.0, 'success_fraction': 1.0, 'sheep_model': 'strombom', 'dog_controller': 'collect_drive_multi', 'scenario_id': 'drive_to_goal', 'obs_mode': 'bearing_only', 'observation_frequency': 1, 'noise_sigma': 0.0, 'communication': 'none', 'stubborn_fraction': 0.0, 'stubborn_rs_scale': 0.25, 'stubborn_response_scale': 0.25, 'cohesion_scale': 1.0, 'initial_layout': 'compact', 'speed_scale': 1.0, 'failure_mode': 'none', 'failure_tick': -1, 'sensing_scale': 1.0, 'goal_mode': 'static', 'goal_velocity': [0.0, 0.0], 'latency': 0}",91.23777718740168,0.0,0.0,-1.0,10505.999999999998,0.03901019365773013,5.899895199023028,5.477086599375964,11.392425001976669,5.899895199023028,111.01133561497089,78.77246070170759,144.86881617408335,111.01133561497089,0.5505979005946734,0.0,0.6925882188342009,0.5505979005946734,0.9990310968903111,0.88,1.0,0.9990310968903111,0.0,0.0,0.0,0.0,9.62452216420267,7.583449115419385,35.735133035099594,9.62452216420267,6.66485250653214,6.224374750929446,12.865554028519826,6.66485250653214,69.75681268483926,62.091817134243406,140.40503822128485,69.75681268483926,341.5165214122409,280.7814921149453,1428.8272421586294,341.5165214122409,0.29443425141403606,0.06998746737843757,0.3561488303476298,0.29443425141403606,1.2140357005461595,1.012443094807948,1.4833615105863054,1.2140357005461595,2.4056127330894052e-17,-2.220446049250313e-16,2.220446049250313e-16,2.4056127330894052e-17,0.99996400359964,0.86,1.0,0.99996400359964,0.002771600102517666,-1.0,stuck,Little GCM-to-goal progress near the end of the run,['stuck']
strombom_multi,drive_to_goal,paper,2035,strombom,collect_drive_multi,bearing_only,100,1,compact,10000,True,5185,"{'world_width': 500.0, 'world_height': 500.0, 'goal_center': [370.0, 250.0], 'goal_radius': 21.213203435596427, 'max_ticks': 10000, 'measurement_radius': 5.0, 'n_sheep': 100, 'r_a': 2.0, 'r_s': 65.0, 'rs_weight': 1.0, 'n_neighbors': -1, 'c': 1.05, 'noise_strength': 0.3, 'sheep_speed': 1.0, 'inertia': 0.5, 'graze_move_prob': 0.05, 'collect_threshold_scale': 1.0, 'shepherd_speed': 1.5, 'shepherd_stop_multiple': 3.0, 'n_shepherds': 1, 'initial_spread': 30.0, 'shepherd_start_offset': 50.0, 'success_fraction': 1.0, 'sheep_model': 'strombom', 'dog_controller': 'collect_drive_multi', 'scenario_id': 'drive_to_goal', 'obs_mode': 'bearing_only', 'observation_frequency': 1, 'noise_sigma': 0.0, 'communication': 'none', 'stubborn_fraction': 0.0, 'stubborn_rs_scale': 0.25, 'stubborn_response_scale': 0.25, 'cohesion_scale': 1.0, 'initial_layout': 'compact', 'speed_scale': 1.0, 'failure_mode': 'none', 'failure_tick': -1, 'sensing_scale': 1.0, 'goal_mode': 'static', 'goal_velocity': [0.0, 0.0], 'latency': 0}",12.652732105165677,1.0,100.0,5185.0,5448.000000000001,0.1845742791479901,5.906611815668412,5.488247661332899,11.62515944811372,5.906611815668412,73.62373304433147,12.652732105165677,127.43318133271266,73.62373304433147,0.5509355631665872,0.0,0.708479535537712,0.5509355631665872,0.9990300809872735,0.85,1.0,0.9990300809872735,0.0,0.0,0.0,0.0,9.609275173994616,7.792943675459756,40.14084210398844,9.609275173994616,6.668948347008858,6.210667088066013,13.23953074312138,6.668948347008858,69.65711884360616,62.65463876513452,151.87152936514704,69.65711884360616,341.2155730986416,280.38935111481743,1643.5351621232944,341.2155730986416,0.2957301817261926,0.06084445426212197,0.3566469254356622,0.2957301817261926,1.2222222026926626,1.0013377560488619,1.4771848265856635,1.2222222026926626,2.468351614718098e-17,-2.220446049250313e-16,2.220446049250313e-16,2.468351614718098e-17,0.999953721558041,0.94,1.0,0.999953721558041,0.019708489834192697,5185.0,none,No failure (scenario success),[]
strombom_multi,drive_to_goal,paper,2030,strombom,collect_drive_multi,bearing_only,100,1,compact,10000,False,10000,"{'world_width': 500.0, 'world_height': 500.0, 'goal_center': [370.0, 250.0], 'goal_radius': 21.213203435596427, 'max_ticks': 10000, 'measurement_radius': 5.0, 'n_sheep': 100, 'r_a': 2.0, 'r_s': 65.0, 'rs_weight': 1.0, 'n_neighbors': -1, 'c': 1.05, 'noise_strength': 0.3, 'sheep_speed': 1.0, 'inertia': 0.5, 'graze_move_prob': 0.05, 'collect_threshold_scale': 1.0, 'shepherd_speed': 1.5, 'shepherd_stop_multiple': 3.0, 'n_shepherds': 1, 'initial_spread': 30.0, 'shepherd_start_offset': 50.0, 'success_fraction': 1.0, 'sheep_model': 'strombom', 'dog_controller': 'collect_drive_multi', 'scenario_id': 'drive_to_goal', 'obs_mode': 'bearing_only', 'observation_frequency': 1, 'noise_sigma': 0.0, 'communication': 'none', 'stubborn_fraction': 0.0, 'stubborn_rs_scale': 0.25, 'stubborn_response_scale': 0.25, 'cohesion_scale': 1.0, 'initial_layout': 'compact', 'speed_scale': 1.0, 'failure_mode': 'none', 'failure_tick': -1, 'sensing_scale': 1.0, 'goal_mode': 'static', 'goal_velocity': [0.0, 0.0], 'latency': 0}",99.47314970778092,0.0,0.0,-1.0,10537.5,0.09642868654653367,5.89866140629229,5.506514867469852,11.115050666746765,5.89866140629229,105.5136513880066,64.49922384019462,140.10908944178283,105.5136513880066,0.5507252499134054,0.0,0.7087269345747421,0.5507252499134054,0.9990330966903309,0.86,1.0,0.9990330966903309,0.0,0.0,0.0,0.0,9.636631532287797,7.738800854512667,42.76117383416059,9.636631532287797,6.664448457890657,6.244424362380815,12.895949951768126,6.664448457890657,69.7181786485232,62.032276536940806,152.85612315842462,69.7181786485232,341.18627043171915,277.6583173942247,1614.6068528749327,341.18627043171915,0.2948476478387307,0.06193458167351529,0.3601548872674974,0.2948476478387307,1.2157868391561935,1.0354452271673007,1.4706732417446968,1.2157868391561935,2.4355857574518482e-17,-2.220446049250313e-16,2.220446049250313e-16,2.4355857574518482e-17,0.99995600439956,0.9,1.0,0.99995600439956,0.0020158435385793927,-1.0,stuck,Little GCM-to-goal progress near the end of the run,['stuck']
strombom_multi,drive_to_goal,paper,2044,strombom,collect_drive_multi,bearing_only,100,1,compact,10000,False,10000,"{'world_width': 500.0, 'world_height': 500.0, 'goal_center': [370.0, 250.0], 'goal_radius': 21.213203435596427, 'max_ticks': 10000, 'measurement_radius': 5.0, 'n_sheep': 100, 'r_a': 2.0, 'r_s': 65.0, 'rs_weight': 1.0, 'n_neighbors': -1, 'c': 1.05, 'noise_strength': 0.3, 'sheep_speed': 1.0, 'inertia': 0.5, 'graze_move_prob': 0.05, 'collect_threshold_scale': 1.0, 'shepherd_speed': 1.5, 'shepherd_stop_multiple': 3.0, 'n_shepherds': 1, 'initial_spread': 30.0, 'shepherd_start_offset': 50.0, 'success_fraction': 1.0, 'sheep_model': 'strombom', 'dog_controller': 'collect_drive_multi', 'scenario_id': 'drive_to_goal', 'obs_mode': 'bearing_only', 'observation_frequency': 1, 'noise_sigma': 0.0, 'communication': 'none', 'stubborn_fraction': 0.0, 'stubborn_rs_scale': 0.25, 'stubborn_response_scale': 0.25, 'cohesion_scale': 1.0, 'initial_layout': 'compact', 'speed_scale': 1.0, 'failure_mode': 'none', 'failure_tick': -1, 'sensing_scale': 1.0, 'goal_mode': 'static', 'goal_velocity': [0.0, 0.0], 'latency': 0}",155.1172008764778,0.0,0.0,-1.0,10486.499999999998,0.2552864409212329,5.890635595254158,5.43803559638141,10.822605174199428,5.890635595254158,127.8069671112422,89.48570616444519,172.38970784187737,127.8069671112422,0.550980755056482,0.0,0.67803069173934,0.550980755056482,0.999120087991201,0.88,1.0,0.999120087991201,0.0,0.0,0.0,0.0,9.573933287520672,7.560031509784004,28.943029153354182,9.573933287520672,6.653113940127348,6.171698883593392,12.074151504501794,6.653113940127348,69.530547559538,61.65323950421522,139.87096602322538,69.530547559538,339.58328043630405,273.487367502453,1279.684347864241,339.58328043630405,0.29591721864602627,0.07814427062962623,0.36564760161766174,0.29591721864602627,1.2164568453040687,1.019737040815722,1.409866523636043,1.2164568453040687,2.4322554214115768e-17,-2.220446049250313e-16,2.220446049250313e-16,2.4322554214115768e-17,0.99990600939906,0.78,1.0,0.99990600939906,-0.0031686183201112893,-1.0,timeout,Timeout without a more specific failure pattern,['timeout']
strombom_multi,drive_to_goal,paper,2027,strombom,collect_drive_multi,bearing_only,100,1,compact,10000,False,10000,"{'world_width': 500.0, 'world_height': 500.0, 'goal_center': [370.0, 250.0], 'goal_radius': 21.213203435596427, 'max_ticks': 10000, 'measurement_radius': 5.0, 'n_sheep': 100, 'r_a': 2.0, 'r_s': 65.0, 'rs_weight': 1.0, 'n_neighbors': -1, 'c': 1.05, 'noise_strength': 0.3, 'sheep_speed': 1.0, 'inertia': 0.5, 'graze_move_prob': 0.05, 'collect_threshold_scale': 1.0, 'shepherd_speed': 1.5, 'shepherd_stop_multiple': 3.0, 'n_shepherds': 1, 'initial_spread': 30.0, 'shepherd_start_offset': 50.0, 'success_fraction': 1.0, 'sheep_model': 'strombom', 'dog_controller': 'collect_drive_multi', 'scenario_id': 'drive_to_goal', 'obs_mode': 'bearing_only', 'observation_frequency': 1, 'noise_sigma': 0.0, 'communication': 'none', 'stubborn_fraction': 0.0, 'stubborn_rs_scale': 0.25, 'stubborn_response_scale': 0.25, 'cohesion_scale': 1.0, 'initial_layout': 'compact', 'speed_scale': 1.0, 'failure_mode': 'none', 'failure_tick': -1, 'sensing_scale': 1.0, 'goal_mode': 'static', 'goal_velocity': [0.0, 0.0], 'latency': 0}",162.1144487689725,0.0,0.0,-1.0,10510.5,0.2961498956354865,5.9040151793356355,5.481435853266244,11.974873727693602,5.9040151793356355,128.54930350747694,83.66434956410346,178.31912898501346,128.54930350747694,0.5513678223787172,0.0,0.702691154862359,0.5513678223787172,0.9991830816918308,0.89,1.0,0.9991830816918308,0.0,0.0,0.0,0.0,9.613285639257077,7.7863773559294325,33.83655619292399,9.613285639257077,6.667694064192897,6.2180238276350535,13.3129319455607,6.667694064192897,69.62594745681335,62.47852765108453,142.28448549385237,69.62594745681335,340.5850623846022,279.43287650655304,1373.0116771679652,340.5850623846022,0.29525259181727614,0.0728325925138994,0.35786769706625726,0.29525259181727614,1.2177538922427629,1.0004020611458255,1.4744441847095913,1.2177538922427629,2.3756397087269624e-17,-2.220446049250313e-16,2.220446049250313e-16,2.3756397087269624e-17,0.99998200179982,0.9,1.0,0.99998200179982,-0.0041299811068369234,-1.0,stuck,Little GCM-to-goal progress near the end of the run,['stuck']
strombom_multi,drive_to_goal,paper,2034,strombom,collect_drive_multi,bearing_only,100,1,compact,10000,False,10000,"{'world_width': 500.0, 'world_height': 500.0, 'goal_center': [370.0, 250.0], 'goal_radius': 21.213203435596427, 'max_ticks': 10000, 'measurement_radius': 5.0, 'n_sheep': 100, 'r_a': 2.0, 'r_s': 65.0, 'rs_weight': 1.0, 'n_neighbors': -1, 'c': 1.05, 'noise_strength': 0.3, 'sheep_speed': 1.0, 'inertia': 0.5, 'graze_move_prob': 0.05, 'collect_threshold_scale': 1.0, 'shepherd_speed': 1.5, 'shepherd_stop_multiple': 3.0, 'n_shepherds': 1, 'initial_spread': 30.0, 'shepherd_start_offset': 50.0, 'success_fraction': 1.0, 'sheep_model': 'strombom', 'dog_controller': 'collect_drive_multi', 'scenario_id': 'drive_to_goal', 'obs_mode': 'bearing_only', 'observation_frequency': 1, 'noise_sigma': 0.0, 'communication': 'none', 'stubborn_fraction': 0.0, 'stubborn_rs_scale': 0.25, 'stubborn_response_scale': 0.25, 'cohesion_scale': 1.0, 'initial_layout': 'compact', 'speed_scale': 1.0, 'failure_mode': 'none', 'failure_tick': -1, 'sensing_scale': 1.0, 'goal_mode': 'static', 'goal_velocity': [0.0, 0.0], 'latency': 0}",93.43533562945147,0.0,0.0,-1.0,10552.5,0.14924217008050808,5.892195877888115,5.326985831668129,11.057205575201,5.892195877888115,127.28622931620643,84.77550612637805,152.30842074446898,127.28622931620643,0.5515018417043485,0.0,0.6866966572402674,0.5515018417043485,0.9992450754924508,0.85,1.0,0.9992450754924508,0.0,0.0,0.0,0.0,9.592452445639925,7.336271787150696,32.38735352857762,9.592452445639925,6.65581727043747,6.013610734574601,12.435801086413118,6.65581727043747,69.60123614485727,60.938051632598956,135.6133214403201,69.60123614485727,340.2169157588797,273.9567260330259,1333.0527759391073,340.2169157588797,0.2953610893905095,0.07501578467480564,0.3650211529683153,0.2953610893905095,1.2166218851340405,1.035938985729353,1.4671059891463347,1.2166218851340405,2.388961052888048e-17,-2.220446049250313e-16,2.220446049250313e-16,2.388961052888048e-17,0.99997800219978,0.94,1.0,0.99997800219978,0.002627652868905854,-1.0,stuck,Little GCM-to-goal progress near the end of the run,['stuck']
strombom_multi,drive_to_goal,paper,2033,strombom,collect_drive_multi,bearing_only,100,1,compact,10000,False,10000,"{'world_width': 500.0, 'world_height': 500.0, 'goal_center': [370.0, 250.0], 'goal_radius': 21.213203435596427, 'max_ticks': 10000, 'measurement_radius': 5.0, 'n_sheep': 100, 'r_a': 2.0, 'r_s': 65.0, 'rs_weight': 1.0, 'n_neighbors': -1, 'c': 1.05, 'noise_strength': 0.3, 'sheep_speed': 1.0, 'inertia': 0.5, 'graze_move_prob': 0.05, 'collect_threshold_scale': 1.0, 'shepherd_speed': 1.5, 'shepherd_stop_multiple': 3.0, 'n_shepherds': 1, 'initial_spread': 30.0, 'shepherd_start_offset': 50.0, 'success_fraction': 1.0, 'sheep_model': 'strombom', 'dog_controller': 'collect_drive_multi', 'scenario_id': 'drive_to_goal', 'obs_mode': 'bearing_only', 'observation_frequency': 1, 'noise_sigma': 0.0, 'communication': 'none', 'stubborn_fraction': 0.0, 'stubborn_rs_scale': 0.25, 'stubborn_response_scale': 0.25, 'cohesion_scale': 1.0, 'initial_layout': 'compact', 'speed_scale': 1.0, 'failure_mode': 'none', 'failure_tick': -1, 'sensing_scale': 1.0, 'goal_mode': 'static', 'goal_velocity': [0.0, 0.0], 'latency': 0}",149.9799808183334,0.0,0.0,-1.0,10584.0,0.06571247375398385,5.903187349101695,5.492141557780599,11.639393164639706,5.903187349101695,134.03221102742302,64.32268345580657,192.93138882063224,134.03221102742302,0.5508972063163532,0.0,0.6831561642859971,0.5508972063163532,0.9990560943905611,0.87,1.0,0.9990560943905611,0.0,0.0,0.0,0.0,9.635233639183653,7.286860062451476,36.615258514360946,9.635233639183653,6.668583215658377,6.159557038782691,13.11833570829099,6.668583215658377,69.7439907535549,61.81823647740748,141.82308952855192,69.7439907535549,341.29660802561665,276.6716092750586,1425.4297079025723,341.29660802561665,0.29463151658293385,0.0701542836139872,0.3614393260733269,0.29463151658293385,1.2168945546181633,1.0218739517559552,1.4679564660451967,1.2168945546181633,2.4655587818142912e-17,-2.220446049250313e-16,2.220446049250313e-16,2.4655587818142912e-17,0.99999800019998,0.98,1.0,0.99999800019998,-0.002783447136152716,-1.0,stuck,Little GCM-to-goal progress near the end of the run,['stuck']
strombom_multi,drive_to_goal,paper,2026,strombom,collect_drive_multi,bearing_only,100,1,compact,10000,False,10000,"{'world_width': 500.0, 'world_height': 500.0, 'goal_center': [370.0, 250.0], 'goal_radius': 21.213203435596427, 'max_ticks': 10000, 'measurement_radius': 5.0, 'n_sheep': 100, 'r_a': 2.0, 'r_s': 65.0, 'rs_weight': 1.0, 'n_neighbors': -1, 'c': 1.05, 'noise_strength': 0.3, 'sheep_speed': 1.0, 'inertia': 0.5, 'graze_move_prob': 0.05, 'collect_threshold_scale': 1.0, 'shepherd_speed': 1.5, 'shepherd_stop_multiple': 3.0, 'n_shepherds': 1, 'initial_spread': 30.0, 'shepherd_start_offset': 50.0, 'success_fraction': 1.0, 'sheep_model': 'strombom', 'dog_controller': 'collect_drive_multi', 'scenario_id': 'drive_to_goal', 'obs_mode': 'bearing_only', 'observation_frequency': 1, 'noise_sigma': 0.0, 'communication': 'none', 'stubborn_fraction': 0.0, 'stubborn_rs_scale': 0.25, 'stubborn_response_scale': 0.25, 'cohesion_scale': 1.0, 'initial_layout': 'compact', 'speed_scale': 1.0, 'failure_mode': 'none', 'failure_tick': -1, 'sensing_scale': 1.0, 'goal_mode': 'static', 'goal_velocity': [0.0, 0.0], 'latency': 0}",132.99645582185528,0.0,0.0,-1.0,10534.5,0.4008307928048066,5.893313618034704,5.425732918316564,12.195365145314325,5.893313618034704,115.76065837630223,71.56272351071893,185.52506675456863,115.76065837630223,0.550645282016129,0.0,0.6841576492414831,0.550645282016129,0.9988771122887712,0.81,1.0,0.9988771122887712,0.0,0.0,0.0,0.0,9.622469954105235,7.473342232642571,43.76377952501448,9.622469954105235,6.6583975828255335,6.16187354543964,13.874102153024603,6.6583975828255335,69.78434505586728,62.13761115083161,171.49131651823194,69.78434505586728,341.7923231228564,273.93029010156243,1837.5065535664844,341.7923231228564,0.29502414397629184,0.0544215746093021,0.365056379719541,0.29502414397629184,1.215626870968176,1.0182514875421038,1.4787208478832592,1.215626870968176,2.42448463731761e-17,-2.220446049250313e-16,2.220446049250313e-16,2.42448463731761e-17,0.9999200079992001,0.82,1.0,0.9999200079992001,-0.0012487792190330714,-1.0,stuck,Little GCM-to-goal progress near the end of the run,['stuck']
strombom_multi,drive_to_goal,paper,2046,strombom,collect_drive_multi,bearing_only,100,1,compact,10000,False,10000,"{'world_width': 500.0, 'world_height': 500.0, 'goal_center': [370.0, 250.0], 'goal_radius': 21.213203435596427, 'max_ticks': 10000, 'measurement_radius': 5.0, 'n_sheep': 100, 'r_a': 2.0, 'r_s': 65.0, 'rs_weight': 1.0, 'n_neighbors': -1, 'c': 1.05, 'noise_strength': 0.3, 'sheep_speed': 1.0, 'inertia': 0.5, 'graze_move_prob': 0.05, 'collect_threshold_scale': 1.0, 'shepherd_speed': 1.5, 'shepherd_stop_multiple': 3.0, 'n_shepherds': 1, 'initial_spread': 30.0, 'shepherd_start_offset': 50.0, 'success_fraction': 1.0, 'sheep_model': 'strombom', 'dog_controller': 'collect_drive_multi', 'scenario_id': 'drive_to_goal', 'obs_mode': 'bearing_only', 'observation_frequency': 1, 'noise_sigma': 0.0, 'communication': 'none', 'stubborn_fraction': 0.0, 'stubborn_rs_scale': 0.25, 'stubborn_response_scale': 0.25, 'cohesion_scale': 1.0, 'initial_layout': 'compact', 'speed_scale': 1.0, 'failure_mode': 'none', 'failure_tick': -1, 'sensing_scale': 1.0, 'goal_mode': 'static', 'goal_velocity': [0.0, 0.0], 'latency': 0}",75.39814903966641,0.0,0.0,-1.0,10537.5,0.09683705513129905,5.900871153712793,5.460401387378381,11.322266079408069,5.900871153712793,68.83428608535806,26.150255322262534,118.00644462334297,68.83428608535806,0.5501878253867123,0.0,0.6853510959811201,0.5501878253867123,0.9990210978902111,0.83,1.0,0.9990210978902111,0.0,0.0,0.0,0.0,9.626658796457063,7.64797291034644,36.65158963844045,9.626658796457063,6.665914026957119,6.150246986819868,12.83920943093285,6.665914026957119,69.70113745804494,63.05167516732557,139.81489643279158,69.70113745804494,341.2906527702233,285.091686586174,1426.4106877727747,341.2906527702233,0.2946654520947076,0.07010603668158287,0.3507643495236514,0.2946654520947076,1.2174229480538956,1.015413954095987,1.4771009240584367,1.2174229480538956,2.4533475496666294e-17,-2.220446049250313e-16,2.220446049250313e-16,2.4533475496666294e-17,0.9998700129987002,0.64,1.0,0.9998700129987002,0.004043491870337041,-1.0,stuck,Little GCM-to-goal progress near the end of the run,['stuck']
strombom_multi,drive_to_goal,paper,2036,strombom,collect_drive_multi,bearing_only,100,1,compact,10000,False,10000,"{'world_width': 500.0, 'world_height': 500.0, 'goal_center': [370.0, 250.0], 'goal_radius': 21.213203435596427, 'max_ticks': 10000, 'measurement_radius': 5.0, 'n_sheep': 100, 'r_a': 2.0, 'r_s': 65.0, 'rs_weight': 1.0, 'n_neighbors': -1, 'c': 1.05, 'noise_strength': 0.3, 'sheep_speed': 1.0, 'inertia': 0.5, 'graze_move_prob': 0.05, 'collect_threshold_scale': 1.0, 'shepherd_speed': 1.5, 'shepherd_stop_multiple': 3.0, 'n_shepherds': 1, 'initial_spread': 30.0, 'shepherd_start_offset': 50.0, 'success_fraction': 1.0, 'sheep_model': 'strombom', 'dog_controller': 'collect_drive_multi', 'scenario_id': 'drive_to_goal', 'obs_mode': 'bearing_only', 'observation_frequency': 1, 'noise_sigma': 0.0, 'communication': 'none', 'stubborn_fraction': 0.0, 'stubborn_rs_scale': 0.25, 'stubborn_response_scale': 0.25, 'cohesion_scale': 1.0, 'initial_layout': 'compact', 'speed_scale': 1.0, 'failure_mode': 'none', 'failure_tick': -1, 'sensing_scale': 1.0, 'goal_mode': 'static', 'goal_velocity': [0.0, 0.0], 'latency': 0}",105.53544296152059,0.0,0.0,-1.0,10549.5,0.3814688161249779,5.89919902038559,5.4129647458652155,10.547401355002354,5.89919902038559,107.74832144147022,69.62952265478096,148.38207966842774,107.74832144147022,0.5508608134913254,0.0,0.7086329192326483,0.5508608134913254,0.999061093890611,0.9,1.0,0.999061093890611,0.0,0.0,0.0,0.0,9.608520488047636,7.436608562493648,34.14481317268208,9.608520488047636,6.6632156429620775,6.12896899196714,12.057880763889964,6.6632156429620775,69.68027107245733,62.822748456771315,134.39577726109775,69.68027107245733,340.68374506959066,285.6893600279093,1257.2006354885189,340.68374506959066,0.29494577610514416,0.07954179880058869,0.35003053662982375,0.29494577610514416,1.215608662689792,1.019382525491001,1.4492060071764452,1.215608662689792,2.4344756454384245e-17,-2.220446049250313e-16,2.220446049250313e-16,2.4344756454384245e-17,0.99998600139986,0.92,1.0,0.99998600139986,0.00126234847266745,-1.0,stuck,Little GCM-to-goal progress near the end of the run,['stuck']
strombom_multi,drive_to_goal,paper,2048,strombom,collect_drive_multi,bearing_only,100,1,compact,10000,True,9558,"{'world_width': 500.0, 'world_height': 500.0, 'goal_center': [370.0, 250.0], 'goal_radius': 21.213203435596427, 'max_ticks': 10000, 'measurement_radius': 5.0, 'n_sheep': 100, 'r_a': 2.0, 'r_s': 65.0, 'rs_weight': 1.0, 'n_neighbors': -1, 'c': 1.05, 'noise_strength': 0.3, 'sheep_speed': 1.0, 'inertia': 0.5, 'graze_move_prob': 0.05, 'collect_threshold_scale': 1.0, 'shepherd_speed': 1.5, 'shepherd_stop_multiple': 3.0, 'n_shepherds': 1, 'initial_spread': 30.0, 'shepherd_start_offset': 50.0, 'success_fraction': 1.0, 'sheep_model': 'strombom', 'dog_controller': 'collect_drive_multi', 'scenario_id': 'drive_to_goal', 'obs_mode': 'bearing_only', 'observation_frequency': 1, 'noise_sigma': 0.0, 'communication': 'none', 'stubborn_fraction': 0.0, 'stubborn_rs_scale': 0.25, 'stubborn_response_scale': 0.25, 'cohesion_scale': 1.0, 'initial_layout': 'compact', 'speed_scale': 1.0, 'failure_mode': 'none', 'failure_tick': -1, 'sensing_scale': 1.0, 'goal_mode': 'static', 'goal_velocity': [0.0, 0.0], 'latency': 0}",9.82834990750188,1.0,100.0,9558.0,10120.499999999998,0.1945977450226442,5.89517482854558,5.429930876661879,11.439128519937665,5.89517482854558,90.47920463361702,9.82834990750188,179.24930176538513,90.47920463361702,0.5509015912071014,0.0,0.6960504993433478,0.5509015912071014,0.998914112354849,0.83,1.0,0.998914112354849,0.0,0.0,0.0,0.0,9.598320298449476,7.74171222278215,41.81297272099559,9.598320298449476,6.658514772059038,6.181145463164819,13.140267653919642,6.658514772059038,69.79061092792276,62.177048018231346,165.06468317061936,69.79061092792276,341.2565876568874,286.328802626237,1785.9135343477822,341.2565876568874,0.29510862802819826,0.0559937522599716,0.3492488324010361,0.29510862802819826,1.2129936232468248,1.0293042313075051,1.4602206981714718,1.2129936232468248,2.4494825388999427e-17,-2.220446049250313e-16,2.220446049250313e-16,2.4494825388999427e-17,0.9999539700805523,0.9,1.0,0.9999539700805523,0.011002804939181819,9558.0,none,No failure (scenario success),[]
strombom_multi,drive_to_goal,paper,2047,strombom,collect_drive_multi,bearing_only,100,1,compact,10000,False,10000,"{'world_width': 500.0, 'world_height': 500.0, 'goal_center': [370.0, 250.0], 'goal_radius': 21.213203435596427, 'max_ticks': 10000, 'measurement_radius': 5.0, 'n_sheep': 100, 'r_a': 2.0, 'r_s': 65.0, 'rs_weight': 1.0, 'n_neighbors': -1, 'c': 1.05, 'noise_strength': 0.3, 'sheep_speed': 1.0, 'inertia': 0.5, 'graze_move_prob': 0.05, 'collect_threshold_scale': 1.0, 'shepherd_speed': 1.5, 'shepherd_stop_multiple': 3.0, 'n_shepherds': 1, 'initial_spread': 30.0, 'shepherd_start_offset': 50.0, 'success_fraction': 1.0, 'sheep_model': 'strombom', 'dog_controller': 'collect_drive_multi', 'scenario_id': 'drive_to_goal', 'obs_mode': 'bearing_only', 'observation_frequency': 1, 'noise_sigma': 0.0, 'communication': 'none', 'stubborn_fraction': 0.0, 'stubborn_rs_scale': 0.25, 'stubborn_response_scale': 0.25, 'cohesion_scale': 1.0, 'initial_layout': 'compact', 'speed_scale': 1.0, 'failure_mode': 'none', 'failure_tick': -1, 'sensing_scale': 1.0, 'goal_mode': 'static', 'goal_velocity': [0.0, 0.0], 'latency': 0}",167.93849454100575,0.0,0.0,-1.0,10497.0,0.10323571030199381,5.892198186354881,5.488021469459983,10.881502025944025,5.892198186354881,136.77836418230368,80.97904593139242,187.52113711248379,136.77836418230368,0.5502683128794538,0.0,0.6763370221107241,0.5502683128794538,0.9992510748925107,0.95,1.0,0.9992510748925107,0.0,0.0,0.0,0.0,9.586694039581008,7.411143182989138,28.20368156766724,9.586694039581008,6.655496318165962,6.257978324691242,12.108293352421358,6.655496318165962,69.57306062753867,62.52612376575361,129.9592434805558,69.57306062753867,339.6571611795937,280.829815587205,1207.1049182058237,339.6571611795937,0.29576357168172246,0.08284284032960007,0.35608754644126234,0.29576357168172246,1.2176477071788805,1.0070813117002217,1.4472415409647976,1.2176477071788805,2.4655587818142912e-17,-2.220446049250313e-16,2.220446049250313e-16,2.4655587818142912e-17,0.9999800019998,0.9,1.0,0.9999800019998,-0.004562658671022114,-1.0,stuck,Little GCM-to-goal progress near the end of the run,['stuck']
strombom_multi,drive_to_goal,paper,2051,strombom,collect_drive_multi,bearing_only,100,1,compact,10000,False,10000,"{'world_width': 500.0, 'world_height': 500.0, 'goal_center': [370.0, 250.0], 'goal_radius': 21.213203435596427, 'max_ticks': 10000, 'measurement_radius': 5.0, 'n_sheep': 100, 'r_a': 2.0, 'r_s': 65.0, 'rs_weight': 1.0, 'n_neighbors': -1, 'c': 1.05, 'noise_strength': 0.3, 'sheep_speed': 1.0, 'inertia': 0.5, 'graze_move_prob': 0.05, 'collect_threshold_scale': 1.0, 'shepherd_speed': 1.5, 'shepherd_stop_multiple': 3.0, 'n_shepherds': 1, 'initial_spread': 30.0, 'shepherd_start_offset': 50.0, 'success_fraction': 1.0, 'sheep_model': 'strombom', 'dog_controller': 'collect_drive_multi', 'scenario_id': 'drive_to_goal', 'obs_mode': 'bearing_only', 'observation_frequency': 1, 'noise_sigma': 0.0, 'communication': 'none', 'stubborn_fraction': 0.0, 'stubborn_rs_scale': 0.25, 'stubborn_response_scale': 0.25, 'cohesion_scale': 1.0, 'initial_layout': 'compact', 'speed_scale': 1.0, 'failure_mode': 'none', 'failure_tick': -1, 'sensing_scale': 1.0, 'goal_mode': 'static', 'goal_velocity': [0.0, 0.0], 'latency': 0}",63.25240829084711,0.0,0.0,-1.0,10477.5,0.10963394263332937,5.8958629780069085,5.493083499673951,12.005572641466365,5.8958629780069085,109.53728637663805,61.26940318499347,144.20361488410234,109.53728637663805,0.5507041282279018,0.0,0.6766411586719401,0.5507041282279018,0.9989961003899609,0.93,1.0,0.9989961003899609,0.0,0.0,0.0,0.0,9.603847278832097,7.523156577918908,33.63865459567065,9.603847278832097,6.659900196978039,6.217316213380183,13.33313275435283,6.659900196978039,69.75052890910834,62.16835512803245,135.62930302757692,69.75052890910834,341.35871223310306,283.2292798674216,1376.502699056911,341.35871223310306,0.2944747301269562,0.07264787789265753,0.35307084086366197,0.2944747301269562,1.2147336782968565,1.0167129523196823,1.439277035481218,1.2147336782968565,2.420044189263915e-17,-2.220446049250313e-16,2.220446049250313e-16,2.420044189263915e-17,0.99996200379962,0.9,1.0,0.99996200379962,0.005415260143102769,-1.0,timeout,Timeout without a more specific failure pattern,['timeout']
strombom_multi,drive_to_goal,paper,2028,strombom,collect_drive_multi,bearing_only,100,2,compact,10000,True,3992,"{'world_width': 500.0, 'world_height': 500.0, 'goal_center': [370.0, 250.0], 'goal_radius': 21.213203435596427, 'max_ticks': 10000, 'measurement_radius': 5.0, 'n_sheep': 100, 'r_a': 2.0, 'r_s': 65.0, 'rs_weight': 1.0, 'n_neighbors': -1, 'c': 1.05, 'noise_strength': 0.3, 'sheep_speed': 1.0, 'inertia': 0.5, 'graze_move_prob': 0.05, 'collect_threshold_scale': 1.0, 'shepherd_speed': 1.5, 'shepherd_stop_multiple': 3.0, 'n_shepherds': 2, 'initial_spread': 30.0, 'shepherd_start_offset': 50.0, 'success_fraction': 1.0, 'sheep_model': 'strombom', 'dog_controller': 'collect_drive_multi', 'scenario_id': 'drive_to_goal', 'obs_mode': 'bearing_only', 'observation_frequency': 1, 'noise_sigma': 0.0, 'communication': 'none', 'stubborn_fraction': 0.0, 'stubborn_rs_scale': 0.25, 'stubborn_response_scale': 0.25, 'cohesion_scale': 1.0, 'initial_layout': 'compact', 'speed_scale': 1.0, 'failure_mode': 'none', 'failure_tick': -1, 'sensing_scale': 1.0, 'goal_mode': 'static', 'goal_velocity': [0.0, 0.0], 'latency': 0}",10.45716199656456,1.0,100.0,3992.0,6281.903080222213,0.09048743858351513,5.6066749987805125,4.300472385159875,11.063974804786936,5.6066749987805125,138.7403635249589,10.45716199656456,276.0358158062699,138.7403635249589,0.5591305706015981,0.0,0.7020431937151259,0.5591305706015981,0.9951965940395693,0.86,1.0,0.9951965940395693,0.06937139994991234,0.0,1.0,0.06937139994991234,11.533280968736642,4.561811170545356,41.855293069901585,11.533280968736642,6.541564354134085,4.855407079937997,12.81666226249493,6.541564354134085,77.78038376183785,48.28897742691127,154.02501032988715,77.78038376183785,360.0666077414888,119.12305335061828,1581.7256784021338,360.0666077414888,0.310716608031486,0.06322208797989576,0.8394680726128397,0.310716608031486,1.4034466286769902,1.0084995087129394,5.002959919149348,1.4034466286769902,0.02681752020625438,-2.220446049250313e-16,0.7764237426207901,0.02681752020625438,0.9999499123466066,0.96,1.0,0.9999499123466066,0.01764518577610914,3992.0,none,No failure (scenario success),[]
strombom_multi,drive_to_goal,paper,2049,strombom,collect_drive_multi,bearing_only,100,1,compact,10000,False,10000,"{'world_width': 500.0, 'world_height': 500.0, 'goal_center': [370.0, 250.0], 'goal_radius': 21.213203435596427, 'max_ticks': 10000, 'measurement_radius': 5.0, 'n_sheep': 100, 'r_a': 2.0, 'r_s': 65.0, 'rs_weight': 1.0, 'n_neighbors': -1, 'c': 1.05, 'noise_strength': 0.3, 'sheep_speed': 1.0, 'inertia': 0.5, 'graze_move_prob': 0.05, 'collect_threshold_scale': 1.0, 'shepherd_speed': 1.5, 'shepherd_stop_multiple': 3.0, 'n_shepherds': 1, 'initial_spread': 30.0, 'shepherd_start_offset': 50.0, 'success_fraction': 1.0, 'sheep_model': 'strombom', 'dog_controller': 'collect_drive_multi', 'scenario_id': 'drive_to_goal', 'obs_mode': 'bearing_only', 'observation_frequency': 1, 'noise_sigma': 0.0, 'communication': 'none', 'stubborn_fraction': 0.0, 'stubborn_rs_scale': 0.25, 'stubborn_response_scale': 0.25, 'cohesion_scale': 1.0, 'initial_layout': 'compact', 'speed_scale': 1.0, 'failure_mode': 'none', 'failure_tick': -1, 'sensing_scale': 1.0, 'goal_mode': 'static', 'goal_velocity': [0.0, 0.0], 'latency': 0}",149.99685998723612,0.0,0.0,-1.0,10543.5,0.03711684705999962,5.8981481417972565,5.4545638668443965,10.566037679394258,5.8981481417972565,120.99159560480999,91.6842816722204,151.46085983333091,120.99159560480999,0.5503861629501988,0.0,0.6879831044402017,0.5503861629501988,0.9990740925907409,0.92,1.0,0.9990740925907409,0.0,0.0,0.0,0.0,9.600877604668666,7.518045790404776,35.82948891662957,9.600877604668666,6.661601969996444,6.173000927957879,12.143749056984369,6.661601969996444,69.6522599559406,62.29269033714244,150.32863191972268,69.6522599559406,340.74966898042015,281.9290755009599,1509.9657896092385,340.74966898042015,0.295165792215581,0.06622666598683592,0.3546991377966602,0.295165792215581,1.2157743194477897,1.0518745151611586,1.4419416109864538,1.2157743194477897,2.4644486698008675e-17,-2.220446049250313e-16,2.220446049250313e-16,2.4644486698008675e-17,0.9999880011998801,0.98,1.0,0.9999880011998801,-0.00281102222007218,-1.0,stuck,Little GCM-to-goal progress near the end of the run,['stuck']
strombom_multi,drive_to_goal,paper,2052,strombom,collect_drive_multi,bearing_only,100,1,compact,10000,False,10000,"{'world_width': 500.0, 'world_height': 500.0, 'goal_center': [370.0, 250.0], 'goal_radius': 21.213203435596427, 'max_ticks': 10000, 'measurement_radius': 5.0, 'n_sheep': 100, 'r_a': 2.0, 'r_s': 65.0, 'rs_weight': 1.0, 'n_neighbors': -1, 'c': 1.05, 'noise_strength': 0.3, 'sheep_speed': 1.0, 'inertia': 0.5, 'graze_move_prob': 0.05, 'collect_threshold_scale': 1.0, 'shepherd_speed': 1.5, 'shepherd_stop_multiple': 3.0, 'n_shepherds': 1, 'initial_spread': 30.0, 'shepherd_start_offset': 50.0, 'success_fraction': 1.0, 'sheep_model': 'strombom', 'dog_controller': 'collect_drive_multi', 'scenario_id': 'drive_to_goal', 'obs_mode': 'bearing_only', 'observation_frequency': 1, 'noise_sigma': 0.0, 'communication': 'none', 'stubborn_fraction': 0.0, 'stubborn_rs_scale': 0.25, 'stubborn_response_scale': 0.25, 'cohesion_scale': 1.0, 'initial_layout': 'compact', 'speed_scale': 1.0, 'failure_mode': 'none', 'failure_tick': -1, 'sensing_scale': 1.0, 'goal_mode': 'static', 'goal_velocity': [0.0, 0.0], 'latency': 0}",42.169167666704354,0.0,0.0,-1.0,10549.5,0.1410042004816301,5.895303752967445,5.44478402017784,11.164119660634844,5.895303752967445,58.117756340222904,17.976952104061194,121.4654262847013,58.117756340222904,0.5505840631477753,0.0,0.7010525730071195,0.5505840631477753,0.999115088491151,0.93,1.0,0.999115088491151,0.0,0.0,0.0,0.0,9.63103663459549,7.743820447490585,31.469513604037783,9.63103663459549,6.66148995443362,6.150549742551139,12.494281948195793,6.66148995443362,69.68048073410309,62.13822242812476,147.18387326577587,69.68048073410309,341.17986897449344,275.12195342868864,1460.3800083439146,341.17986897449344,0.2947507444295082,0.06847532794796403,0.36347517438632865,0.2947507444295082,1.219432213289132,1.0163928329200214,1.522770459253892,1.219432213289132,2.3678689246329957e-17,-2.220446049250313e-16,2.220446049250313e-16,2.3678689246329957e-17,0.99996200379962,0.9,1.0,0.99996200379962,0.0075165892808187066,-1.0,timeout,Timeout without a more specific failure pattern,['timeout']
strombom_multi,drive_to_goal,paper,2026,strombom,collect_drive_multi,bearing_only,100,2,compact,10000,False,10000,"{'world_width': 500.0, 'world_height': 500.0, 'goal_center': [370.0, 250.0], 'goal_radius': 21.213203435596427, 'max_ticks': 10000, 'measurement_radius': 5.0, 'n_sheep': 100, 'r_a': 2.0, 'r_s': 65.0, 'rs_weight': 1.0, 'n_neighbors': -1, 'c': 1.05, 'noise_strength': 0.3, 'sheep_speed': 1.0, 'inertia': 0.5, 'graze_move_prob': 0.05, 'collect_threshold_scale': 1.0, 'shepherd_speed': 1.5, 'shepherd_stop_multiple': 3.0, 'n_shepherds': 2, 'initial_spread': 30.0, 'shepherd_start_offset': 50.0, 'success_fraction': 1.0, 'sheep_model': 'strombom', 'dog_controller': 'collect_drive_multi', 'scenario_id': 'drive_to_goal', 'obs_mode': 'bearing_only', 'observation_frequency': 1, 'noise_sigma': 0.0, 'communication': 'none', 'stubborn_fraction': 0.0, 'stubborn_rs_scale': 0.25, 'stubborn_response_scale': 0.25, 'cohesion_scale': 1.0, 'initial_layout': 'compact', 'speed_scale': 1.0, 'failure_mode': 'none', 'failure_tick': -1, 'sensing_scale': 1.0, 'goal_mode': 'static', 'goal_velocity': [0.0, 0.0], 'latency': 0}",131.5684014225502,0.0,0.0,-1.0,15404.394729474687,0.36932206679336027,5.565301513294248,4.143499063237666,12.195365145314325,5.565301513294248,215.66691346261257,12.150670448276017,372.68701344099225,215.66691346261257,0.5570859002792272,0.0,0.7145803061232375,0.5570859002792272,0.9946175382461754,0.81,1.0,0.9946175382461754,0.1543845615438456,0.0,1.0,0.1543845615438456,13.387552760030115,4.623437629496518,43.76377952501448,13.387552760030115,6.63323151108503,4.693173579286348,13.874102153024603,6.63323151108503,84.0088304166778,46.2196247631999,171.49131651823194,84.0088304166778,389.32850606884364,115.74157405963079,1837.5065535664844,389.32850606884364,0.2986519193033368,0.0544215746093021,0.8639937793526064,0.2986519193033368,1.4241034482882704,1.003819583415447,5.403884481511456,1.4241034482882704,0.03364257477717843,-2.220446049250313e-16,0.9836985442937463,0.03364257477717843,0.9991500849915008,0.62,1.0,0.9991500849915008,-0.000761289910414983,-1.0,stuck,Little GCM-to-goal progress near the end of the run,['stuck']
strombom_multi,drive_to_goal,paper,2050,strombom,collect_drive_multi,bearing_only,100,1,compact,10000,False,10000,"{'world_width': 500.0, 'world_height': 500.0, 'goal_center': [370.0, 250.0], 'goal_radius': 21.213203435596427, 'max_ticks': 10000, 'measurement_radius': 5.0, 'n_sheep': 100, 'r_a': 2.0, 'r_s': 65.0, 'rs_weight': 1.0, 'n_neighbors': -1, 'c': 1.05, 'noise_strength': 0.3, 'sheep_speed': 1.0, 'inertia': 0.5, 'graze_move_prob': 0.05, 'collect_threshold_scale': 1.0, 'shepherd_speed': 1.5, 'shepherd_stop_multiple': 3.0, 'n_shepherds': 1, 'initial_spread': 30.0, 'shepherd_start_offset': 50.0, 'success_fraction': 1.0, 'sheep_model': 'strombom', 'dog_controller': 'collect_drive_multi', 'scenario_id': 'drive_to_goal', 'obs_mode': 'bearing_only', 'observation_frequency': 1, 'noise_sigma': 0.0, 'communication': 'none', 'stubborn_fraction': 0.0, 'stubborn_rs_scale': 0.25, 'stubborn_response_scale': 0.25, 'cohesion_scale': 1.0, 'initial_layout': 'compact', 'speed_scale': 1.0, 'failure_mode': 'none', 'failure_tick': -1, 'sensing_scale': 1.0, 'goal_mode': 'static', 'goal_velocity': [0.0, 0.0], 'latency': 0}",136.91658892984262,0.0,0.0,-1.0,10543.5,0.21345275306031136,5.892605857986789,5.4656688898288595,10.869329507510793,5.892605857986789,118.40722030181068,78.73534159822601,161.2453604597287,118.40722030181068,0.550879263067581,0.0,0.6997622422518356,0.550879263067581,0.9989671032896711,0.8,1.0,0.9989671032896711,0.0,0.0,0.0,0.0,9.594964405288158,7.474416985900076,37.3015943139107,9.594964405288158,6.656205609182125,6.164752045226981,12.467715037518122,6.656205609182125,69.627279213922,62.712522804257375,146.86868893840787,69.627279213922,340.59459676832336,282.5602368449577,1520.304642471362,340.59459676832336,0.2953130977895191,0.06577629062386008,0.3539068381191601,0.2953130977895191,1.2162488644349794,1.0285238212052177,1.6181638031887897,1.2162488644349794,2.407832957116253e-17,-2.220446049250313e-16,2.220446049250313e-16,2.407832957116253e-17,0.9999700029997001,0.94,1.0,0.9999700029997001,-0.001591629290024729,-1.0,stuck,Little GCM-to-goal progress near the end of the run,['stuck']
strombom_multi,drive_to_goal,paper,2045,strombom,collect_drive_multi,bearing_only,100,1,compact,10000,False,10000,"{'world_width': 500.0, 'world_height': 500.0, 'goal_center': [370.0, 250.0], 'goal_radius': 21.213203435596427, 'max_ticks': 10000, 'measurement_radius': 5.0, 'n_sheep': 100, 'r_a': 2.0, 'r_s': 65.0, 'rs_weight': 1.0, 'n_neighbors': -1, 'c': 1.05, 'noise_strength': 0.3, 'sheep_speed': 1.0, 'inertia': 0.5, 'graze_move_prob': 0.05, 'collect_threshold_scale': 1.0, 'shepherd_speed': 1.5, 'shepherd_stop_multiple': 3.0, 'n_shepherds': 1, 'initial_spread': 30.0, 'shepherd_start_offset': 50.0, 'success_fraction': 1.0, 'sheep_model': 'strombom', 'dog_controller': 'collect_drive_multi', 'scenario_id': 'drive_to_goal', 'obs_mode': 'bearing_only', 'observation_frequency': 1, 'noise_sigma': 0.0, 'communication': 'none', 'stubborn_fraction': 0.0, 'stubborn_rs_scale': 0.25, 'stubborn_response_scale': 0.25, 'cohesion_scale': 1.0, 'initial_layout': 'compact', 'speed_scale': 1.0, 'failure_mode': 'none', 'failure_tick': -1, 'sensing_scale': 1.0, 'goal_mode': 'static', 'goal_velocity': [0.0, 0.0], 'latency': 0}",79.17470939170832,0.0,0.0,-1.0,10510.5,0.35646834203693284,5.886390224262653,5.396993104094263,10.327070232267417,5.886390224262653,113.85859909896635,50.61177218269276,185.08067341405257,113.85859909896635,0.5504766947090345,0.0,0.6944855179378108,0.5504766947090345,0.999060093990601,0.86,1.0,0.999060093990601,0.0,0.0,0.0,0.0,9.56502413419374,7.6420016360784055,29.995984762493748,9.56502413419374,6.648753190935886,6.1288884390513045,11.68949803647178,6.648753190935886,69.46823521926288,62.155496320764165,122.32621994826243,69.46823521926288,339.10181500731545,276.0298452588959,1104.5480022525269,339.10181500731545,0.29625638711715696,0.09053477059943796,0.3622796654695339,0.29625638711715696,1.2189431840037361,1.004237170343252,1.4475516350390651,1.2189431840037361,2.35454758047191e-17,-2.220446049250313e-16,2.220446049250313e-16,2.35454758047191e-17,0.99999600039996,0.98,1.0,0.99999600039996,0.003838985703742359,-1.0,timeout,Timeout without a more specific failure pattern,['timeout']
strombom_multi,drive_to_goal,paper,2033,strombom,collect_drive_multi,bearing_only,100,2,compact,10000,False,10000,"{'world_width': 500.0, 'world_height': 500.0, 'goal_center': [370.0, 250.0], 'goal_radius': 21.213203435596427, 'max_ticks': 10000, 'measurement_radius': 5.0, 'n_sheep': 100, 'r_a': 2.0, 'r_s': 65.0, 'rs_weight': 1.0, 'n_neighbors': -1, 'c': 1.05, 'noise_strength': 0.3, 'sheep_speed': 1.0, 'inertia': 0.5, 'graze_move_prob': 0.05, 'collect_threshold_scale': 1.0, 'shepherd_speed': 1.5, 'shepherd_stop_multiple': 3.0, 'n_shepherds': 2, 'initial_spread': 30.0, 'shepherd_start_offset': 50.0, 'success_fraction': 1.0, 'sheep_model': 'strombom', 'dog_controller': 'collect_drive_multi', 'scenario_id': 'drive_to_goal', 'obs_mode': 'bearing_only', 'observation_frequency': 1, 'noise_sigma': 0.0, 'communication': 'none', 'stubborn_fraction': 0.0, 'stubborn_rs_scale': 0.25, 'stubborn_response_scale': 0.25, 'cohesion_scale': 1.0, 'initial_layout': 'compact', 'speed_scale': 1.0, 'failure_mode': 'none', 'failure_tick': -1, 'sensing_scale': 1.0, 'goal_mode': 'static', 'goal_velocity': [0.0, 0.0], 'latency': 0}",442.2462476889407,0.0,0.0,-1.0,12425.61143791788,0.03453174438846122,5.184938661240372,2.8533401556277385,11.639393164639706,5.184938661240372,280.1923119365361,27.740209319903137,442.66704614813995,280.1923119365361,0.5195665086721503,0.0,0.7153374203316052,0.5195665086721503,0.9961443855614439,0.88,1.0,0.9961443855614439,0.0370962903709629,0.0,1.0,0.0370962903709629,10.04357175812901,2.8911967577720725,36.615258514360946,10.04357175812901,6.047062082916733,3.3600606139172444,13.11833570829099,6.047062082916733,71.3981471958052,36.922591644369454,145.44686649456332,71.3981471958052,307.7883352193958,69.41882821719867,1425.4297079025723,307.7883352193958,0.44715468248269863,0.0701542836139872,1.4405313740980834,0.44715468248269863,1.4377236313912833,1.003091059146871,5.246060425294891,1.4377236313912833,0.02165447569368381,-2.220446049250313e-16,0.956056770357194,0.02165447569368381,0.99996600339966,0.96,1.0,0.99996600339966,-0.02589218832144314,-1.0,stuck,Little GCM-to-goal progress near the end of the run,['stuck']
strombom_multi,drive_to_goal,paper,2032,strombom,collect_drive_multi,bearing_only,100,2,compact,10000,False,10000,"{'world_width': 500.0, 'world_height': 500.0, 'goal_center': [370.0, 250.0], 'goal_radius': 21.213203435596427, 'max_ticks': 10000, 'measurement_radius': 5.0, 'n_sheep': 100, 'r_a': 2.0, 'r_s': 65.0, 'rs_weight': 1.0, 'n_neighbors': -1, 'c': 1.05, 'noise_strength': 0.3, 'sheep_speed': 1.0, 'inertia': 0.5, 'graze_move_prob': 0.05, 'collect_threshold_scale': 1.0, 'shepherd_speed': 1.5, 'shepherd_stop_multiple': 3.0, 'n_shepherds': 2, 'initial_spread': 30.0, 'shepherd_start_offset': 50.0, 'success_fraction': 1.0, 'sheep_model': 'strombom', 'dog_controller': 'collect_drive_multi', 'scenario_id': 'drive_to_goal', 'obs_mode': 'bearing_only', 'observation_frequency': 1, 'noise_sigma': 0.0, 'communication': 'none', 'stubborn_fraction': 0.0, 'stubborn_rs_scale': 0.25, 'stubborn_response_scale': 0.25, 'cohesion_scale': 1.0, 'initial_layout': 'compact', 'speed_scale': 1.0, 'failure_mode': 'none', 'failure_tick': -1, 'sensing_scale': 1.0, 'goal_mode': 'static', 'goal_velocity': [0.0, 0.0], 'latency': 0}",46.73172120489714,0.0,0.0,-1.0,15808.014503698125,0.03822442418810767,5.546853038239837,3.849441944297549,11.39978104158245,5.546853038239837,206.4525491809994,30.474027972408845,293.58244654962493,206.4525491809994,0.5462228934632397,0.0,0.6973101567017614,0.5462228934632397,0.9948865113488652,0.93,1.0,0.9948865113488652,0.21127887211278873,0.0,1.0,0.21127887211278873,14.836268959263876,4.588760179336007,40.941667813545926,14.836268959263876,6.716497173016675,4.458933701211317,12.708168836781992,6.716497173016675,87.75875363275571,45.63640114745625,163.5486553196808,87.75875363275571,405.1902405528326,104.26029996114589,1322.7192219133344,405.1902405528326,0.3018927972439486,0.07560183472297953,0.9591378505266764,0.3018927972439486,1.4655768343671096,1.0006525919410978,5.047742278677172,1.4655768343671096,0.03919028389122802,-2.220446049250313e-16,0.8443579348830207,0.03919028389122802,0.9990280971902811,0.62,1.0,0.9990280971902811,0.004617552252865263,-1.0,stuck,Little GCM-to-goal progress near the end of the run,['stuck']
strombom_multi,drive_to_goal,paper,2029,strombom,collect_drive_multi,bearing_only,100,2,compact,10000,False,10000,"{'world_width': 500.0, 'world_height': 500.0, 'goal_center': [370.0, 250.0], 'goal_radius': 21.213203435596427, 'max_ticks': 10000, 'measurement_radius': 5.0, 'n_sheep': 100, 'r_a': 2.0, 'r_s': 65.0, 'rs_weight': 1.0, 'n_neighbors': -1, 'c': 1.05, 'noise_strength': 0.3, 'sheep_speed': 1.0, 'inertia': 0.5, 'graze_move_prob': 0.05, 'collect_threshold_scale': 1.0, 'shepherd_speed': 1.5, 'shepherd_stop_multiple': 3.0, 'n_shepherds': 2, 'initial_spread': 30.0, 'shepherd_start_offset': 50.0, 'success_fraction': 1.0, 'sheep_model': 'strombom', 'dog_controller': 'collect_drive_multi', 'scenario_id': 'drive_to_goal', 'obs_mode': 'bearing_only', 'observation_frequency': 1, 'noise_sigma': 0.0, 'communication': 'none', 'stubborn_fraction': 0.0, 'stubborn_rs_scale': 0.25, 'stubborn_response_scale': 0.25, 'cohesion_scale': 1.0, 'initial_layout': 'compact', 'speed_scale': 1.0, 'failure_mode': 'none', 'failure_tick': -1, 'sensing_scale': 1.0, 'goal_mode': 'static', 'goal_velocity': [0.0, 0.0], 'latency': 0}",442.6377802445669,0.0,0.0,-1.0,13671.873975672608,0.04950441201388484,5.331212578087248,2.658157567166344,11.392425001976669,5.331212578087248,229.0194087837698,13.011564156735647,443.00129485306445,229.0194087837698,0.5401029736484005,0.0,0.7031697560802191,0.5401029736484005,0.9967843215678432,0.88,1.0,0.9967843215678432,0.031296870312968704,0.0,1.0,0.031296870312968704,9.911678238977679,2.0803192726828565,35.735133035099594,9.911678238977679,6.1734824597815265,3.0556064665281117,12.865554028519826,6.1734824597815265,70.3324616163384,33.55288149550631,148.90093712895413,70.3324616163384,301.343774120524,54.124388071080965,1428.8272421586294,301.343774120524,0.4070831629077734,0.06998746737843757,1.8475959463721068,0.4070831629077734,1.44842094219557,1.0024163718009809,4.476168263135167,1.44842094219557,0.02272846562356553,-2.220446049250313e-16,0.8021402079337834,0.02272846562356553,0.9999440055994401,0.92,1.0,0.9999440055994401,-0.023572596774485668,-1.0,stuck,Little GCM-to-goal progress near the end of the run,['stuck']
strombom_multi,drive_to_goal,paper,2045,strombom,collect_drive_multi,bearing_only,100,2,compact,10000,True,191,"{'world_width': 500.0, 'world_height': 500.0, 'goal_center': [370.0, 250.0], 'goal_radius': 21.213203435596427, 'max_ticks': 10000, 'measurement_radius': 5.0, 'n_sheep': 100, 'r_a': 2.0, 'r_s': 65.0, 'rs_weight': 1.0, 'n_neighbors': -1, 'c': 1.05, 'noise_strength': 0.3, 'sheep_speed': 1.0, 'inertia': 0.5, 'graze_move_prob': 0.05, 'collect_threshold_scale': 1.0, 'shepherd_speed': 1.5, 'shepherd_stop_multiple': 3.0, 'n_shepherds': 2, 'initial_spread': 30.0, 'shepherd_start_offset': 50.0, 'success_fraction': 1.0, 'sheep_model': 'strombom', 'dog_controller': 'collect_drive_multi', 'scenario_id': 'drive_to_goal', 'obs_mode': 'bearing_only', 'observation_frequency': 1, 'noise_sigma': 0.0, 'communication': 'none', 'stubborn_fraction': 0.0, 'stubborn_rs_scale': 0.25, 'stubborn_response_scale': 0.25, 'cohesion_scale': 1.0, 'initial_layout': 'compact', 'speed_scale': 1.0, 'failure_mode': 'none', 'failure_tick': -1, 'sensing_scale': 1.0, 'goal_mode': 'static', 'goal_velocity': [0.0, 0.0], 'latency': 0}",10.978123182039193,1.0,100.0,191.0,306.0,0.10474012300954738,5.7624832385777145,5.252088066061188,10.327070232267417,5.7624832385777145,65.18326914273733,10.978123182039193,119.52436863089238,65.18326914273733,0.5737541098712905,0.0,0.6823577625890805,0.5737541098712905,0.9940104166666668,0.86,1.0,0.9940104166666668,0.0,0.0,0.0,0.0,9.826462567509195,7.080610102562727,29.995984762493748,9.826462567509195,6.542114115823122,5.964392792275046,11.68949803647178,6.542114115823122,69.30724445633223,59.683532012446804,122.32621994826243,69.30724445633223,341.01074579198115,247.46772984819697,1104.5480022525269,341.01074579198115,0.31852254419246445,0.09053477059943796,0.40409309149658645,0.31852254419246445,1.3235428453947884,1.0720285099568394,1.4847462279253671,1.3235428453947884,0.011955325374363132,0.0,0.24306441920912703,0.011955325374363132,0.9997916666666667,0.98,1.0,0.9997916666666667,0.3547262923165137,191.0,none,No failure (scenario success),[]
strombom_multi,drive_to_goal,paper,2054,strombom,collect_drive_multi,bearing_only,100,1,compact,10000,False,10000,"{'world_width': 500.0, 'world_height': 500.0, 'goal_center': [370.0, 250.0], 'goal_radius': 21.213203435596427, 'max_ticks': 10000, 'measurement_radius': 5.0, 'n_sheep': 100, 'r_a': 2.0, 'r_s': 65.0, 'rs_weight': 1.0, 'n_neighbors': -1, 'c': 1.05, 'noise_strength': 0.3, 'sheep_speed': 1.0, 'inertia': 0.5, 'graze_move_prob': 0.05, 'collect_threshold_scale': 1.0, 'shepherd_speed': 1.5, 'shepherd_stop_multiple': 3.0, 'n_shepherds': 1, 'initial_spread': 30.0, 'shepherd_start_offset': 50.0, 'success_fraction': 1.0, 'sheep_model': 'strombom', 'dog_controller': 'collect_drive_multi', 'scenario_id': 'drive_to_goal', 'obs_mode': 'bearing_only', 'observation_frequency': 1, 'noise_sigma': 0.0, 'communication': 'none', 'stubborn_fraction': 0.0, 'stubborn_rs_scale': 0.25, 'stubborn_response_scale': 0.25, 'cohesion_scale': 1.0, 'initial_layout': 'compact', 'speed_scale': 1.0, 'failure_mode': 'none', 'failure_tick': -1, 'sensing_scale': 1.0, 'goal_mode': 'static', 'goal_velocity': [0.0, 0.0], 'latency': 0}",59.22177600664861,0.0,0.0,-1.0,10550.999999999998,0.23385683533254167,5.886802520769579,5.4343207392445265,11.042026068493128,5.886802520769579,57.40423933287568,14.704716159952957,120.36454743871457,57.40423933287568,0.5511883806927175,0.0,0.6874655110023669,0.5511883806927175,0.9990760923907609,0.8,1.0,0.9990760923907609,0.0,0.0,0.0,0.0,9.573844608319307,7.525299673083772,36.28756498933194,9.573844608319307,6.649613286612512,6.227166159605229,12.578310883684416,6.649613286612512,69.57868634344736,62.749824658687594,142.51613764851032,69.57868634344736,339.8222006491844,283.5993945552678,1432.7065954886323,339.8222006491844,0.29583581179725954,0.06979796164468306,0.3526100616569265,0.29583581179725954,1.2169328014654484,1.004728445777322,1.431099367905602,1.2169328014654484,2.4233745253041864e-17,-2.220446049250313e-16,2.220446049250313e-16,2.4233745253041864e-17,0.9999360063993601,0.78,1.0,0.9999360063993601,0.005794974071847783,-1.0,timeout,Timeout without a more specific failure pattern,['timeout']
strombom_multi,drive_to_goal,paper,2055,strombom,collect_drive_multi,bearing_only,100,1,compact,10000,False,10000,"{'world_width': 500.0, 'world_height': 500.0, 'goal_center': [370.0, 250.0], 'goal_radius': 21.213203435596427, 'max_ticks': 10000, 'measurement_radius': 5.0, 'n_sheep': 100, 'r_a': 2.0, 'r_s': 65.0, 'rs_weight': 1.0, 'n_neighbors': -1, 'c': 1.05, 'noise_strength': 0.3, 'sheep_speed': 1.0, 'inertia': 0.5, 'graze_move_prob': 0.05, 'collect_threshold_scale': 1.0, 'shepherd_speed': 1.5, 'shepherd_stop_multiple': 3.0, 'n_shepherds': 1, 'initial_spread': 30.0, 'shepherd_start_offset': 50.0, 'success_fraction': 1.0, 'sheep_model': 'strombom', 'dog_controller': 'collect_drive_multi', 'scenario_id': 'drive_to_goal', 'obs_mode': 'bearing_only', 'observation_frequency': 1, 'noise_sigma': 0.0, 'communication': 'none', 'stubborn_fraction': 0.0, 'stubborn_rs_scale': 0.25, 'stubborn_response_scale': 0.25, 'cohesion_scale': 1.0, 'initial_layout': 'compact', 'speed_scale': 1.0, 'failure_mode': 'none', 'failure_tick': -1, 'sensing_scale': 1.0, 'goal_mode': 'static', 'goal_velocity': [0.0, 0.0], 'latency': 0}",93.1970192966663,0.0,0.0,-1.0,10534.5,0.21462710570523733,5.893895203569357,5.508254999280399,11.677187043409104,5.893895203569357,108.59444338512121,76.98604039767743,137.99887992702503,108.59444338512121,0.5505077441171209,0.0,0.6797040704694655,0.5505077441171209,0.9989511048895111,0.83,1.0,0.9989511048895111,0.0,0.0,0.0,0.0,9.583811475114333,7.279365642180425,44.73666362141141,9.583811475114333,6.65621075285783,6.226549866739526,13.457093329102422,6.65621075285783,69.61531300454054,61.745375314383914,150.35584447232162,69.61531300454054,340.34053647670993,271.80715618587107,1565.638393336355,340.34053647670993,0.29567200718570114,0.06387170909043774,0.3679078998627121,0.29567200718570114,1.214874734986437,1.0264898030097964,1.5073063285763393,1.214874734986437,2.3323453402034336e-17,-2.220446049250313e-16,2.220446049250313e-16,2.3323453402034336e-17,0.9999080091990801,0.82,1.0,0.9999080091990801,0.0025156853203175756,-1.0,stuck,Little GCM-to-goal progress near the end of the run,['stuck']
strombom_multi,drive_to_goal,paper,2037,strombom,collect_drive_multi,bearing_only,100,2,compact,10000,True,5010,"{'world_width': 500.0, 'world_height': 500.0, 'goal_center': [370.0, 250.0], 'goal_radius': 21.213203435596427, 'max_ticks': 10000, 'measurement_radius': 5.0, 'n_sheep': 100, 'r_a': 2.0, 'r_s': 65.0, 'rs_weight': 1.0, 'n_neighbors': -1, 'c': 1.05, 'noise_strength': 0.3, 'sheep_speed': 1.0, 'inertia': 0.5, 'graze_move_prob': 0.05, 'collect_threshold_scale': 1.0, 'shepherd_speed': 1.5, 'shepherd_stop_multiple': 3.0, 'n_shepherds': 2, 'initial_spread': 30.0, 'shepherd_start_offset': 50.0, 'success_fraction': 1.0, 'sheep_model': 'strombom', 'dog_controller': 'collect_drive_multi', 'scenario_id': 'drive_to_goal', 'obs_mode': 'bearing_only', 'observation_frequency': 1, 'noise_sigma': 0.0, 'communication': 'none', 'stubborn_fraction': 0.0, 'stubborn_rs_scale': 0.25, 'stubborn_response_scale': 0.25, 'cohesion_scale': 1.0, 'initial_layout': 'compact', 'speed_scale': 1.0, 'failure_mode': 'none', 'failure_tick': -1, 'sensing_scale': 1.0, 'goal_mode': 'static', 'goal_velocity': [0.0, 0.0], 'latency': 0}",10.6043741959632,1.0,100.0,5010.0,7480.826337041058,0.023257005779550432,5.542641597070604,2.8898639754269526,11.373483832599003,5.542641597070604,238.94169402032526,10.6043741959632,442.48860754630687,238.94169402032526,0.5500617911769209,0.0,0.6969476475364492,0.5500617911769209,0.9949251646377968,0.88,1.0,0.9949251646377968,0.13570145679505088,0.0,1.0,0.13570145679505088,12.921697137927227,2.701075779981277,40.5499140142677,12.921697137927227,6.574746183962873,3.3877783710522076,12.681130078459342,6.574746183962873,82.02573465390714,36.28283309560015,159.97804020081304,82.02573465390714,379.0219805063595,64.07845280504284,1390.9848040840357,379.0219805063595,0.31593292826829455,0.07189151147186691,1.5605869933259406,0.31593292826829455,1.4005633157080768,1.0022849385504662,3.758241845390849,1.4005633157080768,0.03381593949040006,-2.220446049250313e-16,0.9911308916301373,0.03381593949040006,0.998982239074037,0.58,1.0,0.998982239074037,0.014608829431125696,5010.0,none,No failure (scenario success),[]
strombom_multi,drive_to_goal,paper,2030,strombom,collect_drive_multi,bearing_only,100,2,compact,10000,False,10000,"{'world_width': 500.0, 'world_height': 500.0, 'goal_center': [370.0, 250.0], 'goal_radius': 21.213203435596427, 'max_ticks': 10000, 'measurement_radius': 5.0, 'n_sheep': 100, 'r_a': 2.0, 'r_s': 65.0, 'rs_weight': 1.0, 'n_neighbors': -1, 'c': 1.05, 'noise_strength': 0.3, 'sheep_speed': 1.0, 'inertia': 0.5, 'graze_move_prob': 0.05, 'collect_threshold_scale': 1.0, 'shepherd_speed': 1.5, 'shepherd_stop_multiple': 3.0, 'n_shepherds': 2, 'initial_spread': 30.0, 'shepherd_start_offset': 50.0, 'success_fraction': 1.0, 'sheep_model': 'strombom', 'dog_controller': 'collect_drive_multi', 'scenario_id': 'drive_to_goal', 'obs_mode': 'bearing_only', 'observation_frequency': 1, 'noise_sigma': 0.0, 'communication': 'none', 'stubborn_fraction': 0.0, 'stubborn_rs_scale': 0.25, 'stubborn_response_scale': 0.25, 'cohesion_scale': 1.0, 'initial_layout': 'compact', 'speed_scale': 1.0, 'failure_mode': 'none', 'failure_tick': -1, 'sensing_scale': 1.0, 'goal_mode': 'static', 'goal_velocity': [0.0, 0.0], 'latency': 0}",349.4964867008648,0.0,0.0,-1.0,9845.287822333998,0.23323823453134873,4.727460284560654,2.6682122485612236,11.115050666746765,4.727460284560654,371.50950006658366,68.44986244645337,443.0143593089702,371.50950006658366,0.47894307075544146,0.0,0.6869534643467873,0.47894307075544146,0.9972842715728427,0.86,1.0,0.9972842715728427,0.0044995500449955,0.0,1.0,0.0044995500449955,8.201335596815545,2.0580239116235095,46.228586812941906,8.201335596815545,5.479862985688531,3.083365529519808,12.895949951768126,5.479862985688531,62.07257021083704,31.434773491145936,152.85612315842462,62.07257021083704,237.05801205094974,53.29236697001417,1614.6068528749327,237.05801205094974,0.641951889531509,0.06193458167351529,1.876441330824481,0.641951889531509,1.4388168401937196,1.0007265732339001,4.833299365509593,1.4388168401937196,0.017619497641239462,-2.220446049250313e-16,0.8200527923344507,0.017619497641239462,0.99996600339966,0.92,1.0,0.99996600339966,-0.023237653366142717,-1.0,stuck,Little GCM-to-goal progress near the end of the run,['stuck']
strombom_multi,drive_to_goal,paper,2053,strombom,collect_drive_multi,bearing_only,100,1,compact,10000,False,10000,"{'world_width': 500.0, 'world_height': 500.0, 'goal_center': [370.0, 250.0], 'goal_radius': 21.213203435596427, 'max_ticks': 10000, 'measurement_radius': 5.0, 'n_sheep': 100, 'r_a': 2.0, 'r_s': 65.0, 'rs_weight': 1.0, 'n_neighbors': -1, 'c': 1.05, 'noise_strength': 0.3, 'sheep_speed': 1.0, 'inertia': 0.5, 'graze_move_prob': 0.05, 'collect_threshold_scale': 1.0, 'shepherd_speed': 1.5, 'shepherd_stop_multiple': 3.0, 'n_shepherds': 1, 'initial_spread': 30.0, 'shepherd_start_offset': 50.0, 'success_fraction': 1.0, 'sheep_model': 'strombom', 'dog_controller': 'collect_drive_multi', 'scenario_id': 'drive_to_goal', 'obs_mode': 'bearing_only', 'observation_frequency': 1, 'noise_sigma': 0.0, 'communication': 'none', 'stubborn_fraction': 0.0, 'stubborn_rs_scale': 0.25, 'stubborn_response_scale': 0.25, 'cohesion_scale': 1.0, 'initial_layout': 'compact', 'speed_scale': 1.0, 'failure_mode': 'none', 'failure_tick': -1, 'sensing_scale': 1.0, 'goal_mode': 'static', 'goal_velocity': [0.0, 0.0], 'latency': 0}",99.14316778998321,0.0,0.0,-1.0,10531.5,0.1224353299418383,5.887961415138401,5.364335999498775,11.575628076846721,5.887961415138401,100.35110773245052,64.86299153168422,138.7522079671523,100.35110773245052,0.551253989087039,0.0,0.6758239504359941,0.551253989087039,0.9991430856914308,0.88,1.0,0.9991430856914308,0.0,0.0,0.0,0.0,9.576304268331132,7.463758232151161,34.987816505175104,9.576304268331132,6.650684437835524,6.062551014975007,12.999345440392652,6.650684437835524,69.57528318392025,61.96124805851025,150.68759928306147,69.57528318392025,340.24733058983963,275.5835025406324,1649.543104831216,340.24733058983963,0.29571593324970974,0.06062284744613095,0.36286642370856675,0.29571593324970974,1.2168365404803034,1.0241330364122916,1.457237060725099,1.2168365404803034,2.443356541545815e-17,-2.220446049250313e-16,2.220446049250313e-16,2.443356541545815e-17,0.99992400759924,0.82,1.0,0.99992400759924,0.001928956946198155,-1.0,timeout,Timeout without a more specific failure pattern,['timeout']
strombom_multi,drive_to_goal,paper,2047,strombom,collect_drive_multi,bearing_only,100,2,compact,10000,True,1941,"{'world_width': 500.0, 'world_height': 500.0, 'goal_center': [370.0, 250.0], 'goal_radius': 21.213203435596427, 'max_ticks': 10000, 'measurement_radius': 5.0, 'n_sheep': 100, 'r_a': 2.0, 'r_s': 65.0, 'rs_weight': 1.0, 'n_neighbors': -1, 'c': 1.05, 'noise_strength': 0.3, 'sheep_speed': 1.0, 'inertia': 0.5, 'graze_move_prob': 0.05, 'collect_threshold_scale': 1.0, 'shepherd_speed': 1.5, 'shepherd_stop_multiple': 3.0, 'n_shepherds': 2, 'initial_spread': 30.0, 'shepherd_start_offset': 50.0, 'success_fraction': 1.0, 'sheep_model': 'strombom', 'dog_controller': 'collect_drive_multi', 'scenario_id': 'drive_to_goal', 'obs_mode': 'bearing_only', 'observation_frequency': 1, 'noise_sigma': 0.0, 'communication': 'none', 'stubborn_fraction': 0.0, 'stubborn_rs_scale': 0.25, 'stubborn_response_scale': 0.25, 'cohesion_scale': 1.0, 'initial_layout': 'compact', 'speed_scale': 1.0, 'failure_mode': 'none', 'failure_tick': -1, 'sensing_scale': 1.0, 'goal_mode': 'static', 'goal_velocity': [0.0, 0.0], 'latency': 0}",9.324006839909043,1.0,100.0,1941.0,2920.390634820626,0.09480971016584361,5.542606332655334,4.389291716357389,10.881502025944025,5.542606332655334,256.6900204301417,9.324006839909043,437.4488117926633,256.6900204301417,0.5660882596171969,0.0,0.720896991020745,0.5660882596171969,0.9942070030895983,0.95,1.0,0.9942070030895983,0.025231719876416064,0.0,1.0,0.025231719876416064,10.667698686086812,6.552393097136063,28.20368156766724,10.667698686086812,6.424114653500163,5.180262567738295,12.108293352421358,6.424114653500163,75.8756792459168,53.47679385720981,133.58170866102657,75.8756792459168,351.68060666097114,134.6622184951468,1207.1049182058237,351.68060666097114,0.3076217604932577,0.08284284032960007,0.7425987861888967,0.3076217604932577,1.3474915761582453,1.024965172780389,2.8163938039732512,1.3474915761582453,0.026751476443297756,-2.220446049250313e-16,0.9356416891561661,0.026751476443297756,0.9999279093717818,0.92,1.0,0.9999279093717818,0.03791282519236614,1941.0,none,No failure (scenario success),[]
strombom_multi,drive_to_goal,paper,2035,strombom,collect_drive_multi,bearing_only,100,2,compact,10000,False,10000,"{'world_width': 500.0, 'world_height': 500.0, 'goal_center': [370.0, 250.0], 'goal_radius': 21.213203435596427, 'max_ticks': 10000, 'measurement_radius': 5.0, 'n_sheep': 100, 'r_a': 2.0, 'r_s': 65.0, 'rs_weight': 1.0, 'n_neighbors': -1, 'c': 1.05, 'noise_strength': 0.3, 'sheep_speed': 1.0, 'inertia': 0.5, 'graze_move_prob': 0.05, 'collect_threshold_scale': 1.0, 'shepherd_speed': 1.5, 'shepherd_stop_multiple': 3.0, 'n_shepherds': 2, 'initial_spread': 30.0, 'shepherd_start_offset': 50.0, 'success_fraction': 1.0, 'sheep_model': 'strombom', 'dog_controller': 'collect_drive_multi', 'scenario_id': 'drive_to_goal', 'obs_mode': 'bearing_only', 'observation_frequency': 1, 'noise_sigma': 0.0, 'communication': 'none', 'stubborn_fraction': 0.0, 'stubborn_rs_scale': 0.25, 'stubborn_response_scale': 0.25, 'cohesion_scale': 1.0, 'initial_layout': 'compact', 'speed_scale': 1.0, 'failure_mode': 'none', 'failure_tick': -1, 'sensing_scale': 1.0, 'goal_mode': 'static', 'goal_velocity': [0.0, 0.0], 'latency': 0}",46.65438622821369,0.0,0.0,-1.0,15036.496594491704,0.17896239600887215,5.543744708684562,4.313930179130526,11.62515944811372,5.543744708684562,251.6233694596598,27.268775488047712,411.1443512135776,251.6233694596598,0.556965049193011,0.0,0.7148109486259798,0.556965049193011,0.9952584741525847,0.85,1.0,0.9952584741525847,0.0872912708729127,0.0,1.0,0.0872912708729127,11.951036910448869,5.792786180639986,40.14084210398844,11.951036910448869,6.51538391663236,5.095423925653876,13.23953074312138,6.51538391663236,78.7904747001833,52.573331448086606,151.87152936514704,78.7904747001833,357.94798436283156,113.03895641196817,1643.5351621232944,357.94798436283156,0.31618917610591124,0.06084445426212197,0.8846507715052857,0.31618917610591124,1.441028992368637,1.0008626144353754,5.4164813410188835,1.441028992368637,0.029448127903946783,-2.220446049250313e-16,0.9733970057543985,0.029448127903946783,0.9998060193980604,0.88,1.0,0.9998060193980604,0.004879474286617495,-1.0,stuck,Little GCM-to-goal progress near the end of the run,['stuck']
strombom_multi,drive_to_goal,paper,2031,strombom,collect_drive_multi,bearing_only,100,2,compact,10000,False,10000,"{'world_width': 500.0, 'world_height': 500.0, 'goal_center': [370.0, 250.0], 'goal_radius': 21.213203435596427, 'max_ticks': 10000, 'measurement_radius': 5.0, 'n_sheep': 100, 'r_a': 2.0, 'r_s': 65.0, 'rs_weight': 1.0, 'n_neighbors': -1, 'c': 1.05, 'noise_strength': 0.3, 'sheep_speed': 1.0, 'inertia': 0.5, 'graze_move_prob': 0.05, 'collect_threshold_scale': 1.0, 'shepherd_speed': 1.5, 'shepherd_stop_multiple': 3.0, 'n_shepherds': 2, 'initial_spread': 30.0, 'shepherd_start_offset': 50.0, 'success_fraction': 1.0, 'sheep_model': 'strombom', 'dog_controller': 'collect_drive_multi', 'scenario_id': 'drive_to_goal', 'obs_mode': 'bearing_only', 'observation_frequency': 1, 'noise_sigma': 0.0, 'communication': 'none', 'stubborn_fraction': 0.0, 'stubborn_rs_scale': 0.25, 'stubborn_response_scale': 0.25, 'cohesion_scale': 1.0, 'initial_layout': 'compact', 'speed_scale': 1.0, 'failure_mode': 'none', 'failure_tick': -1, 'sensing_scale': 1.0, 'goal_mode': 'static', 'goal_velocity': [0.0, 0.0], 'latency': 0}",141.1131101431348,0.0,0.0,-1.0,15880.703782207218,0.0909661678026311,5.5381526363537645,4.44866274090702,11.636854062900948,5.5381526363537645,208.33125001022927,19.48978060676147,400.68595211720503,208.33125001022927,0.5580975152063943,0.0,0.7028162387281324,0.5580975152063943,0.9942115788421159,0.87,1.0,0.9942115788421159,0.1817818218178182,0.0,1.0,0.1817818218178182,13.815178949769665,6.048239132274819,41.72174302963702,13.815178949769665,6.641425904228968,5.180459871032915,13.309324382210065,6.641425904228968,86.3098156620613,54.661933111669555,160.0398955653044,86.3098156620613,402.279618224996,119.70714519462486,1614.3413949961605,402.279618224996,0.29138575353155166,0.06194476602654288,0.8353720225924346,0.29138575353155166,1.385881611344276,1.0010294747138204,4.580797084300151,1.385881611344276,0.04030404691200244,-2.220446049250313e-16,0.9491986494471624,0.04030404691200244,0.9995660433956605,0.7,1.0,0.9995660433956605,-0.0013066795341459443,-1.0,timeout,Timeout without a more specific failure pattern,['timeout']
strombom_multi,drive_to_goal,paper,2040,strombom,collect_drive_multi,bearing_only,100,2,compact,10000,False,10000,"{'world_width': 500.0, 'world_height': 500.0, 'goal_center': [370.0, 250.0], 'goal_radius': 21.213203435596427, 'max_ticks': 10000, 'measurement_radius': 5.0, 'n_sheep': 100, 'r_a': 2.0, 'r_s': 65.0, 'rs_weight': 1.0, 'n_neighbors': -1, 'c': 1.05, 'noise_strength': 0.3, 'sheep_speed': 1.0, 'inertia': 0.5, 'graze_move_prob': 0.05, 'collect_threshold_scale': 1.0, 'shepherd_speed': 1.5, 'shepherd_stop_multiple': 3.0, 'n_shepherds': 2, 'initial_spread': 30.0, 'shepherd_start_offset': 50.0, 'success_fraction': 1.0, 'sheep_model': 'strombom', 'dog_controller': 'collect_drive_multi', 'scenario_id': 'drive_to_goal', 'obs_mode': 'bearing_only', 'observation_frequency': 1, 'noise_sigma': 0.0, 'communication': 'none', 'stubborn_fraction': 0.0, 'stubborn_rs_scale': 0.25, 'stubborn_response_scale': 0.25, 'cohesion_scale': 1.0, 'initial_layout': 'compact', 'speed_scale': 1.0, 'failure_mode': 'none', 'failure_tick': -1, 'sensing_scale': 1.0, 'goal_mode': 'static', 'goal_velocity': [0.0, 0.0], 'latency': 0}",442.0275642532719,0.0,0.0,-1.0,1518.5987557692138,0.04191537121373294,3.377167833985561,2.662719121107921,12.200156195870637,3.377167833985561,426.1681030306451,89.88815667417138,442.85340580163563,426.1681030306451,0.36701025803796367,0.0,0.6933475481498782,0.36701025803796367,0.9984291570842917,0.78,1.0,0.9984291570842917,0.0052994700529947,0.0,1.0,0.0052994700529947,4.479753232674026,1.8308567933171997,39.56954685077152,4.479753232674026,3.9539461167838734,3.054147837431477,13.712729622188254,3.9539461167838734,45.38679767039122,30.720664912159172,155.9586148256783,45.38679767039122,112.56211066766264,53.11853519428355,1684.2225793764444,112.56211066766264,1.1560271393430506,0.05937457508557055,1.8825820334511347,1.1560271393430506,1.5232954355652102,1.022967166820674,4.216891535342435,1.5232954355652102,0.0016705795465857185,-2.220446049250313e-16,0.501632863074291,0.0016705795465857185,0.99996400359964,0.9,1.0,0.99996400359964,-0.21215517714299464,-1.0,oscillation,GCM-to-goal distance oscillated without settling,"['stuck', 'oscillation']"
strombom_multi,drive_to_goal,paper,2044,strombom,collect_drive_multi,bearing_only,100,2,compact,10000,True,6803,"{'world_width': 500.0, 'world_height': 500.0, 'goal_center': [370.0, 250.0], 'goal_radius': 21.213203435596427, 'max_ticks': 10000, 'measurement_radius': 5.0, 'n_sheep': 100, 'r_a': 2.0, 'r_s': 65.0, 'rs_weight': 1.0, 'n_neighbors': -1, 'c': 1.05, 'noise_strength': 0.3, 'sheep_speed': 1.0, 'inertia': 0.5, 'graze_move_prob': 0.05, 'collect_threshold_scale': 1.0, 'shepherd_speed': 1.5, 'shepherd_stop_multiple': 3.0, 'n_shepherds': 2, 'initial_spread': 30.0, 'shepherd_start_offset': 50.0, 'success_fraction': 1.0, 'sheep_model': 'strombom', 'dog_controller': 'collect_drive_multi', 'scenario_id': 'drive_to_goal', 'obs_mode': 'bearing_only', 'observation_frequency': 1, 'noise_sigma': 0.0, 'communication': 'none', 'stubborn_fraction': 0.0, 'stubborn_rs_scale': 0.25, 'stubborn_response_scale': 0.25, 'cohesion_scale': 1.0, 'initial_layout': 'compact', 'speed_scale': 1.0, 'failure_mode': 'none', 'failure_tick': -1, 'sensing_scale': 1.0, 'goal_mode': 'static', 'goal_velocity': [0.0, 0.0], 'latency': 0}",9.979595836897971,1.0,100.0,6803.0,10013.044291215647,0.151242800327332,5.549504533525666,3.2868007702888082,10.822605174199428,5.549504533525666,227.24694223677784,9.979595836897971,442.0940617688522,227.24694223677784,0.5420719510740667,0.0,0.7094432647283068,0.5420719510740667,0.9956128747795414,0.88,1.0,0.9956128747795414,0.05864197530864197,0.0,1.0,0.05864197530864197,11.806499777828463,3.3369889192652455,35.88216963003632,11.806499777828463,6.50824924212529,3.7688415156964545,12.074151504501794,6.50824924212529,76.9025773013158,40.64950727355435,151.47816569604026,76.9025773013158,336.96180239442793,83.80737237278184,1279.684347864241,336.96180239442793,0.34042743133158637,0.07814427062962623,1.1932124486040687,0.34042743133158637,1.530005418779215,1.0072932300573152,5.58201488063714,1.530005418779215,0.027554169354356967,-2.220446049250313e-16,0.8962306476133768,0.027554169354356967,0.9996854791299237,0.78,1.0,0.9996854791299237,0.011176410067806284,6803.0,none,No failure (scenario success),[]
strombom_multi,drive_to_goal,paper,2034,strombom,collect_drive_multi,bearing_only,100,2,compact,10000,False,10000,"{'world_width': 500.0, 'world_height': 500.0, 'goal_center': [370.0, 250.0], 'goal_radius': 21.213203435596427, 'max_ticks': 10000, 'measurement_radius': 5.0, 'n_sheep': 100, 'r_a': 2.0, 'r_s': 65.0, 'rs_weight': 1.0, 'n_neighbors': -1, 'c': 1.05, 'noise_strength': 0.3, 'sheep_speed': 1.0, 'inertia': 0.5, 'graze_move_prob': 0.05, 'collect_threshold_scale': 1.0, 'shepherd_speed': 1.5, 'shepherd_stop_multiple': 3.0, 'n_shepherds': 2, 'initial_spread': 30.0, 'shepherd_start_offset': 50.0, 'success_fraction': 1.0, 'sheep_model': 'strombom', 'dog_controller': 'collect_drive_multi', 'scenario_id': 'drive_to_goal', 'obs_mode': 'bearing_only', 'observation_frequency': 1, 'noise_sigma': 0.0, 'communication': 'none', 'stubborn_fraction': 0.0, 'stubborn_rs_scale': 0.25, 'stubborn_response_scale': 0.25, 'cohesion_scale': 1.0, 'initial_layout': 'compact', 'speed_scale': 1.0, 'failure_mode': 'none', 'failure_tick': -1, 'sensing_scale': 1.0, 'goal_mode': 'static', 'goal_velocity': [0.0, 0.0], 'latency': 0}",39.35611212193084,0.0,0.0,-1.0,14977.28510053788,0.20274195434686856,5.5653117109872206,3.66600012165909,11.057205575201,5.5653117109872206,215.43550434228752,22.469076399352307,441.2350485290956,215.43550434228752,0.5454765005162779,0.0,0.6960300368233249,0.5454765005162779,0.9937046295370464,0.85,1.0,0.9937046295370464,0.25577442255774424,0.0,1.0,0.25577442255774424,15.617070226388723,5.486434959765931,41.412581598697145,15.617070226388723,6.7863686965565835,4.362364515123886,12.435801086413118,6.7863686965565835,90.63250336195193,49.52994311311098,164.70418943683902,90.63250336195193,422.59424673177045,94.34569508382432,1333.0527759391073,422.59424673177045,0.2900698455382331,0.07501578467480564,1.059931774429686,0.2900698455382331,1.4757780272784828,1.0082728806289436,4.706345582123203,1.4757780272784828,0.04038735788660338,-2.220446049250313e-16,0.9894938231535676,0.04038735788660338,0.9994840515948406,0.6,1.0,0.9994840515948406,0.005462106774191785,-1.0,timeout,Timeout without a more specific failure pattern,['timeout']
strombom_multi,drive_to_goal,paper,2043,strombom,collect_drive_multi,bearing_only,100,2,compact,10000,False,10000,"{'world_width': 500.0, 'world_height': 500.0, 'goal_center': [370.0, 250.0], 'goal_radius': 21.213203435596427, 'max_ticks': 10000, 'measurement_radius': 5.0, 'n_sheep': 100, 'r_a': 2.0, 'r_s': 65.0, 'rs_weight': 1.0, 'n_neighbors': -1, 'c': 1.05, 'noise_strength': 0.3, 'sheep_speed': 1.0, 'inertia': 0.5, 'graze_move_prob': 0.05, 'collect_threshold_scale': 1.0, 'shepherd_speed': 1.5, 'shepherd_stop_multiple': 3.0, 'n_shepherds': 2, 'initial_spread': 30.0, 'shepherd_start_offset': 50.0, 'success_fraction': 1.0, 'sheep_model': 'strombom', 'dog_controller': 'collect_drive_multi', 'scenario_id': 'drive_to_goal', 'obs_mode': 'bearing_only', 'observation_frequency': 1, 'noise_sigma': 0.0, 'communication': 'none', 'stubborn_fraction': 0.0, 'stubborn_rs_scale': 0.25, 'stubborn_response_scale': 0.25, 'cohesion_scale': 1.0, 'initial_layout': 'compact', 'speed_scale': 1.0, 'failure_mode': 'none', 'failure_tick': -1, 'sensing_scale': 1.0, 'goal_mode': 'static', 'goal_velocity': [0.0, 0.0], 'latency': 0}",277.75449643990686,0.0,0.0,-1.0,1582.4999999999998,0.03370750894166122,3.4654999471298282,2.8207454884961174,11.16758343516255,3.4654999471298282,267.8090870412143,67.42625049676366,278.1706295624728,267.8090870412143,0.35395501691082865,0.0,0.6810220430073377,0.35395501691082865,0.9994200579942006,0.94,1.0,0.9994200579942006,0.0,0.0,0.0,0.0,4.421221967003672,2.4326306801473234,35.023827547639364,4.421221967003672,4.036124174216743,3.274741685174481,12.638779503138599,4.036124174216743,46.40636879722743,34.13974174216096,138.15040472898895,46.40636879722743,113.99353667157135,62.04057377418736,1220.295665650994,113.99353667157135,1.0533727677853826,0.08194735326430318,1.6118484068824983,1.0533727677853826,1.3911848061763263,1.0197133333919155,2.8980575065554013,1.3911848061763263,0.001758224012170691,-2.220446049250313e-16,0.4548503025043483,0.001758224012170691,0.99998600139986,0.94,1.0,0.99998600139986,-0.0996138583009978,-1.0,oscillation,GCM-to-goal distance oscillated without settling,"['stuck', 'oscillation']"
strombom_multi,drive_to_goal,paper,2036,strombom,collect_drive_multi,bearing_only,100,2,compact,10000,False,10000,"{'world_width': 500.0, 'world_height': 500.0, 'goal_center': [370.0, 250.0], 'goal_radius': 21.213203435596427, 'max_ticks': 10000, 'measurement_radius': 5.0, 'n_sheep': 100, 'r_a': 2.0, 'r_s': 65.0, 'rs_weight': 1.0, 'n_neighbors': -1, 'c': 1.05, 'noise_strength': 0.3, 'sheep_speed': 1.0, 'inertia': 0.5, 'graze_move_prob': 0.05, 'collect_threshold_scale': 1.0, 'shepherd_speed': 1.5, 'shepherd_stop_multiple': 3.0, 'n_shepherds': 2, 'initial_spread': 30.0, 'shepherd_start_offset': 50.0, 'success_fraction': 1.0, 'sheep_model': 'strombom', 'dog_controller': 'collect_drive_multi', 'scenario_id': 'drive_to_goal', 'obs_mode': 'bearing_only', 'observation_frequency': 1, 'noise_sigma': 0.0, 'communication': 'none', 'stubborn_fraction': 0.0, 'stubborn_rs_scale': 0.25, 'stubborn_response_scale': 0.25, 'cohesion_scale': 1.0, 'initial_layout': 'compact', 'speed_scale': 1.0, 'failure_mode': 'none', 'failure_tick': -1, 'sensing_scale': 1.0, 'goal_mode': 'static', 'goal_velocity': [0.0, 0.0], 'latency': 0}",381.9930844691652,0.0,0.0,-1.0,14927.36754378659,0.12704604437449554,5.579300160984621,4.39162519422654,10.547401355002354,5.579300160984621,219.5779595319599,7.2476523001449555,431.48758058980803,219.5779595319599,0.5555691528217092,0.0,0.7171382462809074,0.5555691528217092,0.9955764423557643,0.85,1.0,0.9955764423557643,0.0734926507349265,0.0,1.0,0.0734926507349265,11.51517311022595,5.971150876634513,36.707806332488445,11.51517311022595,6.513095352678924,5.1625122181024485,12.057880763889964,6.513095352678924,77.02722888931929,54.456468701566386,150.6970810085362,77.02722888931929,351.3531580727809,104.93657572700124,1257.2006354885189,351.3531580727809,0.32009074766905343,0.07954179880058869,0.9529565769342042,0.32009074766905343,1.4331277292478157,1.005515506825031,6.549581996567254,1.4331277292478157,0.027143976698611155,-2.220446049250313e-16,0.9855156940069771,0.027143976698611155,0.9998920107989201,0.86,1.0,0.9998920107989201,-0.017628057694926237,-1.0,stuck,Little GCM-to-goal progress near the end of the run,['stuck']
strombom_multi,drive_to_goal,paper,2038,strombom,collect_drive_multi,bearing_only,100,2,compact,10000,False,10000,"{'world_width': 500.0, 'world_height': 500.0, 'goal_center': [370.0, 250.0], 'goal_radius': 21.213203435596427, 'max_ticks': 10000, 'measurement_radius': 5.0, 'n_sheep': 100, 'r_a': 2.0, 'r_s': 65.0, 'rs_weight': 1.0, 'n_neighbors': -1, 'c': 1.05, 'noise_strength': 0.3, 'sheep_speed': 1.0, 'inertia': 0.5, 'graze_move_prob': 0.05, 'collect_threshold_scale': 1.0, 'shepherd_speed': 1.5, 'shepherd_stop_multiple': 3.0, 'n_shepherds': 2, 'initial_spread': 30.0, 'shepherd_start_offset': 50.0, 'success_fraction': 1.0, 'sheep_model': 'strombom', 'dog_controller': 'collect_drive_multi', 'scenario_id': 'drive_to_goal', 'obs_mode': 'bearing_only', 'observation_frequency': 1, 'noise_sigma': 0.0, 'communication': 'none', 'stubborn_fraction': 0.0, 'stubborn_rs_scale': 0.25, 'stubborn_response_scale': 0.25, 'cohesion_scale': 1.0, 'initial_layout': 'compact', 'speed_scale': 1.0, 'failure_mode': 'none', 'failure_tick': -1, 'sensing_scale': 1.0, 'goal_mode': 'static', 'goal_velocity': [0.0, 0.0], 'latency': 0}",360.4913980238057,0.0,0.0,-1.0,14663.02379295516,0.06743463443595897,5.522491529038179,4.28069528603722,11.629844267931974,5.522491529038179,217.6146092459259,11.68596143488782,440.45800791679375,217.6146092459259,0.5588826293605421,0.0,0.7033548774241613,0.5588826293605421,0.9961143885611439,0.93,1.0,0.9961143885611439,0.0466953304669533,0.0,1.0,0.0466953304669533,10.89953684869798,5.348991284679011,44.10072867315319,10.89953684869798,6.42025700401936,4.9971609164835975,13.392311464773487,6.42025700401936,74.90499539965779,51.114153060175894,162.03062739394565,74.90499539965779,338.34664168847337,110.34578534236842,1688.200901862521,338.34664168847337,0.3303237944069464,0.05923465618912666,0.9062421341216732,0.3303237944069464,1.412580693448838,1.002991352763705,4.7602693343423645,1.412580693448838,0.025541808118395536,-2.220446049250313e-16,0.835722293570375,0.025541808118395536,0.9998860113988601,0.86,1.0,0.9998860113988601,-0.0164987943874965,-1.0,stuck,Little GCM-to-goal progress near the end of the run,['stuck']
strombom_multi,drive_to_goal,paper,2049,strombom,collect_drive_multi,bearing_only,100,2,compact,10000,False,10000,"{'world_width': 500.0, 'world_height': 500.0, 'goal_center': [370.0, 250.0], 'goal_radius': 21.213203435596427, 'max_ticks': 10000, 'measurement_radius': 5.0, 'n_sheep': 100, 'r_a': 2.0, 'r_s': 65.0, 'rs_weight': 1.0, 'n_neighbors': -1, 'c': 1.05, 'noise_strength': 0.3, 'sheep_speed': 1.0, 'inertia': 0.5, 'graze_move_prob': 0.05, 'collect_threshold_scale': 1.0, 'shepherd_speed': 1.5, 'shepherd_stop_multiple': 3.0, 'n_shepherds': 2, 'initial_spread': 30.0, 'shepherd_start_offset': 50.0, 'success_fraction': 1.0, 'sheep_model': 'strombom', 'dog_controller': 'collect_drive_multi', 'scenario_id': 'drive_to_goal', 'obs_mode': 'bearing_only', 'observation_frequency': 1, 'noise_sigma': 0.0, 'communication': 'none', 'stubborn_fraction': 0.0, 'stubborn_rs_scale': 0.25, 'stubborn_response_scale': 0.25, 'cohesion_scale': 1.0, 'initial_layout': 'compact', 'speed_scale': 1.0, 'failure_mode': 'none', 'failure_tick': -1, 'sensing_scale': 1.0, 'goal_mode': 'static', 'goal_velocity': [0.0, 0.0], 'latency': 0}",216.25939837293518,0.0,0.0,-1.0,14857.559597659823,0.041244227046522704,5.570395401283492,3.5049460474010425,10.566037679394258,5.570395401283492,253.8192957384879,5.844802036891646,442.04629197953255,253.8192957384879,0.5492646484746071,0.0,0.7024694866254533,0.5492646484746071,0.9947005299470053,0.92,1.0,0.9947005299470053,0.2096790320967903,0.0,1.0,0.2096790320967903,14.13450713100168,4.144113388575073,45.33239399656004,14.13450713100168,6.686086553719512,4.1461221265414006,12.143749056984369,6.686086553719512,85.63690299531208,45.316197900289644,162.63988796392502,85.63690299531208,395.8716316881076,96.90537275488984,1509.9657896092385,395.8716316881076,0.3042085189786507,0.06622666598683592,1.0319345270250149,0.3042085189786507,1.4789900775725657,1.005398654439356,6.3526179835314815,1.4789900775725657,0.03182396357690822,-2.220446049250313e-16,0.9351513841050298,0.03182396357690822,0.9998760123987601,0.9,1.0,0.9998760123987601,-0.006454663737518181,-1.0,stuck,Little GCM-to-goal progress near the end of the run,['stuck']
strombom_multi,drive_to_goal,paper,2041,strombom,collect_drive_multi,bearing_only,100,2,compact,10000,False,10000,"{'world_width': 500.0, 'world_height': 500.0, 'goal_center': [370.0, 250.0], 'goal_radius': 21.213203435596427, 'max_ticks': 10000, 'measurement_radius': 5.0, 'n_sheep': 100, 'r_a': 2.0, 'r_s': 65.0, 'rs_weight': 1.0, 'n_neighbors': -1, 'c': 1.05, 'noise_strength': 0.3, 'sheep_speed': 1.0, 'inertia': 0.5, 'graze_move_prob': 0.05, 'collect_threshold_scale': 1.0, 'shepherd_speed': 1.5, 'shepherd_stop_multiple': 3.0, 'n_shepherds': 2, 'initial_spread': 30.0, 'shepherd_start_offset': 50.0, 'success_fraction': 1.0, 'sheep_model': 'strombom', 'dog_controller': 'collect_drive_multi', 'scenario_id': 'drive_to_goal', 'obs_mode': 'bearing_only', 'observation_frequency': 1, 'noise_sigma': 0.0, 'communication': 'none', 'stubborn_fraction': 0.0, 'stubborn_rs_scale': 0.25, 'stubborn_response_scale': 0.25, 'cohesion_scale': 1.0, 'initial_layout': 'compact', 'speed_scale': 1.0, 'failure_mode': 'none', 'failure_tick': -1, 'sensing_scale': 1.0, 'goal_mode': 'static', 'goal_velocity': [0.0, 0.0], 'latency': 0}",388.91343134347466,0.0,0.0,-1.0,15530.790613238623,0.11897621119114042,5.548434774533911,4.327983367626138,13.012791645232644,5.548434774533911,248.9734964866911,45.95639351352729,433.5170421210839,248.9734964866911,0.5581624071656903,0.0,0.7018118257125631,0.5581624071656903,0.9945685431456854,0.76,1.0,0.9945685431456854,0.09499050094990501,0.0,1.0,0.09499050094990501,12.363320697705413,5.7423667825712785,40.36119074468163,12.363320697705413,6.550956824208885,4.968295694061308,14.480812723977827,6.550956824208885,81.2884590006859,50.827004494466806,158.29091350073938,81.2884590006859,375.12569194516306,115.14488173194303,1587.9418502671692,375.12569194516306,0.30511902917667116,0.06297459820910642,0.868471081787202,0.30511902917667116,1.4025446526241712,1.0014281616176564,4.688904335413155,1.4025446526241712,0.03225705087074368,-2.220446049250313e-16,0.9933597093774936,0.03225705087074368,0.9997460253974602,0.8,1.0,0.9997460253974602,-0.017420757092738257,-1.0,stuck,Little GCM-to-goal progress near the end of the run,['stuck']
strombom_multi,drive_to_goal,paper,2042,strombom,collect_drive_multi,bearing_only,100,2,compact,10000,True,8624,"{'world_width': 500.0, 'world_height': 500.0, 'goal_center': [370.0, 250.0], 'goal_radius': 21.213203435596427, 'max_ticks': 10000, 'measurement_radius': 5.0, 'n_sheep': 100, 'r_a': 2.0, 'r_s': 65.0, 'rs_weight': 1.0, 'n_neighbors': -1, 'c': 1.05, 'noise_strength': 0.3, 'sheep_speed': 1.0, 'inertia': 0.5, 'graze_move_prob': 0.05, 'collect_threshold_scale': 1.0, 'shepherd_speed': 1.5, 'shepherd_stop_multiple': 3.0, 'n_shepherds': 2, 'initial_spread': 30.0, 'shepherd_start_offset': 50.0, 'success_fraction': 1.0, 'sheep_model': 'strombom', 'dog_controller': 'collect_drive_multi', 'scenario_id': 'drive_to_goal', 'obs_mode': 'bearing_only', 'observation_frequency': 1, 'noise_sigma': 0.0, 'communication': 'none', 'stubborn_fraction': 0.0, 'stubborn_rs_scale': 0.25, 'stubborn_response_scale': 0.25, 'cohesion_scale': 1.0, 'initial_layout': 'compact', 'speed_scale': 1.0, 'failure_mode': 'none', 'failure_tick': -1, 'sensing_scale': 1.0, 'goal_mode': 'static', 'goal_velocity': [0.0, 0.0], 'latency': 0}",9.941077160410739,1.0,100.0,8624.0,13164.560021559246,0.19232153035367527,5.568161360350407,3.5448288773825243,10.655442457120753,5.568161360350407,224.0004032470136,9.941077160410739,426.001740294781,224.0004032470136,0.5488284044585608,0.0,0.698801638932573,0.5488284044585608,0.9946701449275361,0.85,1.0,0.9946701449275361,0.11536231884057971,0.0,1.0,0.11536231884057971,13.015680351184573,3.7288386100423474,48.38096491344094,13.015680351184573,6.608128816673399,4.052656885827734,12.30875991121643,6.608128816673399,82.03013199069815,40.51265099186797,148.77242678917787,82.03013199069815,370.29094885566315,88.97986311267965,1436.0635607509732,370.29094885566315,0.3111168971110797,0.06963480080763704,1.1238497846795403,0.3111168971110797,1.5100721630423863,1.0068858507959961,6.633022151070975,1.5100721630423863,0.03225909160364896,-2.220446049250313e-16,0.9879346657311345,0.03225909160364896,0.9999165217391305,0.92,1.0,0.9999165217391305,0.008314728555026218,8624.0,none,No failure (scenario success),[]
strombom_multi,drive_to_goal,paper,2027,strombom,collect_drive_multi,bearing_only,100,2,compact,10000,False,10000,"{'world_width': 500.0, 'world_height': 500.0, 'goal_center': [370.0, 250.0], 'goal_radius': 21.213203435596427, 'max_ticks': 10000, 'measurement_radius': 5.0, 'n_sheep': 100, 'r_a': 2.0, 'r_s': 65.0, 'rs_weight': 1.0, 'n_neighbors': -1, 'c': 1.05, 'noise_strength': 0.3, 'sheep_speed': 1.0, 'inertia': 0.5, 'graze_move_prob': 0.05, 'collect_threshold_scale': 1.0, 'shepherd_speed': 1.5, 'shepherd_stop_multiple': 3.0, 'n_shepherds': 2, 'initial_spread': 30.0, 'shepherd_start_offset': 50.0, 'success_fraction': 1.0, 'sheep_model': 'strombom', 'dog_controller': 'collect_drive_multi', 'scenario_id': 'drive_to_goal', 'obs_mode': 'bearing_only', 'observation_frequency': 1, 'noise_sigma': 0.0, 'communication': 'none', 'stubborn_fraction': 0.0, 'stubborn_rs_scale': 0.25, 'stubborn_response_scale': 0.25, 'cohesion_scale': 1.0, 'initial_layout': 'compact', 'speed_scale': 1.0, 'failure_mode': 'none', 'failure_tick': -1, 'sensing_scale': 1.0, 'goal_mode': 'static', 'goal_velocity': [0.0, 0.0], 'latency': 0}",367.93880772663215,0.0,0.0,-1.0,14416.60832855561,0.1555664411251068,5.503466880078644,4.005187285999659,11.974873727693602,5.503466880078644,219.62910356778164,24.565462084922636,435.5324636123735,219.62910356778164,0.5659071594613206,0.0,0.7265316552279512,0.5659071594613206,0.9953084691530849,0.89,1.0,0.9953084691530849,0.044495550444955505,0.0,1.0,0.044495550444955505,10.830764500097796,5.777438438019529,33.83655619292399,10.830764500097796,6.401662647659636,5.059727031566425,13.3129319455607,6.401662647659636,76.02203633924252,52.6124165969438,151.43903826214762,76.02203633924252,347.15480339935357,115.64986495389083,1373.0116771679652,347.15480339935357,0.3168880846658985,0.0728325925138994,0.8646789171770294,0.3168880846658985,1.3693983787206128,1.0033372607139102,4.582125349113912,1.3693983787206128,0.02582434794210635,-2.220446049250313e-16,0.9559282938502065,0.02582434794210635,0.9999360063993601,0.9,1.0,0.9999360063993601,-0.017287875185413987,-1.0,stuck,Little GCM-to-goal progress near the end of the run,['stuck']
strombom_multi,drive_to_goal,paper,2033,strombom,collect_drive_multi,bearing_only,100,3,compact,10000,True,744,"{'world_width': 500.0, 'world_height': 500.0, 'goal_center': [370.0, 250.0], 'goal_radius': 21.213203435596427, 'max_ticks': 10000, 'measurement_radius': 5.0, 'n_sheep': 100, 'r_a': 2.0, 'r_s': 65.0, 'rs_weight': 1.0, 'n_neighbors': -1, 'c': 1.05, 'noise_strength': 0.3, 'sheep_speed': 1.0, 'inertia': 0.5, 'graze_move_prob': 0.05, 'collect_threshold_scale': 1.0, 'shepherd_speed': 1.5, 'shepherd_stop_multiple': 3.0, 'n_shepherds': 3, 'initial_spread': 30.0, 'shepherd_start_offset': 50.0, 'success_fraction': 1.0, 'sheep_model': 'strombom', 'dog_controller': 'collect_drive_multi', 'scenario_id': 'drive_to_goal', 'obs_mode': 'bearing_only', 'observation_frequency': 1, 'noise_sigma': 0.0, 'communication': 'none', 'stubborn_fraction': 0.0, 'stubborn_rs_scale': 0.25, 'stubborn_response_scale': 0.25, 'cohesion_scale': 1.0, 'initial_layout': 'compact', 'speed_scale': 1.0, 'failure_mode': 'none', 'failure_tick': -1, 'sensing_scale': 1.0, 'goal_mode': 'static', 'goal_velocity': [0.0, 0.0], 'latency': 0}",11.230706325427983,1.0,100.0,744.0,1638.0,0.20870440355160283,5.939584769121111,5.429638487100119,11.639393164639706,5.939584769121111,72.50839780571137,11.230706325427983,120.51997632929304,72.50839780571137,0.5627813795153161,0.0,0.6771223781976043,0.5627813795153161,0.9941610738255034,0.87,1.0,0.9941610738255034,0.0,0.0,0.0,0.0,10.692504489576365,8.312579559005826,36.615258514360946,10.692504489576365,6.772523792694324,6.2060846170952875,13.11833570829099,6.772523792694324,73.64347211408779,65.21854151374234,141.82308952855192,73.64347211408779,362.2372829728008,295.39923162209857,1425.4297079025723,362.2372829728008,0.28556048788926924,0.0701542836139872,0.3385249157585117,0.28556048788926924,1.3187100297603809,1.0117497902888817,1.5575475170974211,1.3187100297603809,0.0306387399870046,-2.220446049250313e-16,0.5415235963553945,0.0306387399870046,1.0,1.0,1.0,1.0,0.06672116605852567,744.0,none,No failure (scenario success),[]
strombom_multi,drive_to_goal,paper,2034,strombom,collect_drive_multi,bearing_only,100,3,compact,10000,True,2385,"{'world_width': 500.0, 'world_height': 500.0, 'goal_center': [370.0, 250.0], 'goal_radius': 21.213203435596427, 'max_ticks': 10000, 'measurement_radius': 5.0, 'n_sheep': 100, 'r_a': 2.0, 'r_s': 65.0, 'rs_weight': 1.0, 'n_neighbors': -1, 'c': 1.05, 'noise_strength': 0.3, 'sheep_speed': 1.0, 'inertia': 0.5, 'graze_move_prob': 0.05, 'collect_threshold_scale': 1.0, 'shepherd_speed': 1.5, 'shepherd_stop_multiple': 3.0, 'n_shepherds': 3, 'initial_spread': 30.0, 'shepherd_start_offset': 50.0, 'success_fraction': 1.0, 'sheep_model': 'strombom', 'dog_controller': 'collect_drive_multi', 'scenario_id': 'drive_to_goal', 'obs_mode': 'bearing_only', 'observation_frequency': 1, 'noise_sigma': 0.0, 'communication': 'none', 'stubborn_fraction': 0.0, 'stubborn_rs_scale': 0.25, 'stubborn_response_scale': 0.25, 'cohesion_scale': 1.0, 'initial_layout': 'compact', 'speed_scale': 1.0, 'failure_mode': 'none', 'failure_tick': -1, 'sensing_scale': 1.0, 'goal_mode': 'static', 'goal_velocity': [0.0, 0.0], 'latency': 0}",11.22456456506663,1.0,100.0,2385.0,4941.0,0.08838328851762897,5.8995529561621645,5.49298886262302,11.057205575201,5.8995529561621645,74.47385103275761,11.22456456506663,121.1636425285805,74.47385103275761,0.5576556604132292,0.0,0.670690747678583,0.5576556604132292,0.9974979044425818,0.84,1.0,0.9974979044425818,0.0,0.0,0.0,0.0,10.314089085356835,8.377687013815427,32.38735352857762,10.314089085356835,6.714892032787077,6.274151427712481,12.435801086413118,6.714892032787077,71.88049323697479,64.2188984417666,135.6133214403201,71.88049323697479,345.34295219521675,282.79101831438714,1333.0527759391073,345.34295219521675,0.29360603793455586,0.07501578467480564,0.35361802010567056,0.29360603793455586,1.3317016204615544,1.019061251629393,1.5701450632494944,1.3317016204615544,0.027689898698401917,-2.220446049250313e-16,0.7086010681661989,0.027689898698401917,0.9999497066219615,0.98,1.0,0.9999497066219615,0.022250369958209646,2385.0,none,No failure (scenario success),[]
strombom_multi,drive_to_goal,paper,2055,strombom,collect_drive_multi,bearing_only,100,2,compact,10000,False,10000,"{'world_width': 500.0, 'world_height': 500.0, 'goal_center': [370.0, 250.0], 'goal_radius': 21.213203435596427, 'max_ticks': 10000, 'measurement_radius': 5.0, 'n_sheep': 100, 'r_a': 2.0, 'r_s': 65.0, 'rs_weight': 1.0, 'n_neighbors': -1, 'c': 1.05, 'noise_strength': 0.3, 'sheep_speed': 1.0, 'inertia': 0.5, 'graze_move_prob': 0.05, 'collect_threshold_scale': 1.0, 'shepherd_speed': 1.5, 'shepherd_stop_multiple': 3.0, 'n_shepherds': 2, 'initial_spread': 30.0, 'shepherd_start_offset': 50.0, 'success_fraction': 1.0, 'sheep_model': 'strombom', 'dog_controller': 'collect_drive_multi', 'scenario_id': 'drive_to_goal', 'obs_mode': 'bearing_only', 'observation_frequency': 1, 'noise_sigma': 0.0, 'communication': 'none', 'stubborn_fraction': 0.0, 'stubborn_rs_scale': 0.25, 'stubborn_response_scale': 0.25, 'cohesion_scale': 1.0, 'initial_layout': 'compact', 'speed_scale': 1.0, 'failure_mode': 'none', 'failure_tick': -1, 'sensing_scale': 1.0, 'goal_mode': 'static', 'goal_velocity': [0.0, 0.0], 'latency': 0}",277.6687010727765,0.0,0.0,-1.0,11665.494213498077,0.04249927649323539,5.022618592977564,2.6550058824069382,11.677187043409104,5.022618592977564,228.1976200252738,22.016162383632736,387.1505626812935,228.1976200252738,0.5165089719046919,0.0,0.7030953890068651,0.5165089719046919,0.9965953404659534,0.83,1.0,0.9965953404659534,0.038896110388961104,0.0,1.0,0.038896110388961104,9.35162937113417,2.2233108381920847,44.77162023655809,9.35162937113417,5.840395207398338,3.1410606176592366,13.457093329102422,5.840395207398338,68.00355498018575,32.77099061720673,151.37337531120932,68.00355498018575,285.25293902842884,53.9950497573883,1565.638393336355,285.25293902842884,0.5156703717305584,0.06387170909043774,1.8520216288219404,0.5156703717305584,1.4111311418076316,1.004227317906687,4.46572178404887,1.4111311418076316,0.020408927602474293,-2.220446049250313e-16,0.958501002679215,0.020408927602474293,0.9998320167983201,0.82,1.0,0.9998320167983201,-0.013541663291593621,-1.0,stuck,Little GCM-to-goal progress near the end of the run,['stuck']
strombom_multi,drive_to_goal,paper,2039,strombom,collect_drive_multi,bearing_only,100,2,compact,10000,False,10000,"{'world_width': 500.0, 'world_height': 500.0, 'goal_center': [370.0, 250.0], 'goal_radius': 21.213203435596427, 'max_ticks': 10000, 'measurement_radius': 5.0, 'n_sheep': 100, 'r_a': 2.0, 'r_s': 65.0, 'rs_weight': 1.0, 'n_neighbors': -1, 'c': 1.05, 'noise_strength': 0.3, 'sheep_speed': 1.0, 'inertia': 0.5, 'graze_move_prob': 0.05, 'collect_threshold_scale': 1.0, 'shepherd_speed': 1.5, 'shepherd_stop_multiple': 3.0, 'n_shepherds': 2, 'initial_spread': 30.0, 'shepherd_start_offset': 50.0, 'success_fraction': 1.0, 'sheep_model': 'strombom', 'dog_controller': 'collect_drive_multi', 'scenario_id': 'drive_to_goal', 'obs_mode': 'bearing_only', 'observation_frequency': 1, 'noise_sigma': 0.0, 'communication': 'none', 'stubborn_fraction': 0.0, 'stubborn_rs_scale': 0.25, 'stubborn_response_scale': 0.25, 'cohesion_scale': 1.0, 'initial_layout': 'compact', 'speed_scale': 1.0, 'failure_mode': 'none', 'failure_tick': -1, 'sensing_scale': 1.0, 'goal_mode': 'static', 'goal_velocity': [0.0, 0.0], 'latency': 0}",277.7304125994091,0.0,0.0,-1.0,2161.2475447697393,0.04565278002749229,3.4179308980148244,2.616894884033109,9.926274053601196,3.4179308980148244,265.4455497015662,67.6364749935368,278.4252829712111,265.4455497015662,0.3739251697562882,0.0,0.6886546534101117,0.3739251697562882,0.9988381161883813,0.91,1.0,0.9988381161883813,0.0,0.0,0.0,0.0,4.340251845683539,1.8899377846275789,27.94060826575212,4.340251845683539,3.9667885914280467,3.030322000029596,11.245955933265451,3.9667885914280467,45.11536122003217,31.555388747779652,131.079118382625,45.11536122003217,113.38115346025872,51.142760588394815,1122.3902377862128,113.38115346025872,1.147858276552551,0.08909557178369498,1.9553109540725837,1.147858276552551,1.3909847700293756,1.004630366947187,5.6576021818468805,1.3909847700293756,0.0028340348167916396,-2.220446049250313e-16,0.9900882279544182,0.0028340348167916396,0.99998600139986,0.94,1.0,0.99998600139986,-0.07344460223078972,-1.0,oscillation,GCM-to-goal distance oscillated without settling,"['stuck', 'oscillation']"
strombom_multi,drive_to_goal,paper,2046,strombom,collect_drive_multi,bearing_only,100,2,compact,10000,False,10000,"{'world_width': 500.0, 'world_height': 500.0, 'goal_center': [370.0, 250.0], 'goal_radius': 21.213203435596427, 'max_ticks': 10000, 'measurement_radius': 5.0, 'n_sheep': 100, 'r_a': 2.0, 'r_s': 65.0, 'rs_weight': 1.0, 'n_neighbors': -1, 'c': 1.05, 'noise_strength': 0.3, 'sheep_speed': 1.0, 'inertia': 0.5, 'graze_move_prob': 0.05, 'collect_threshold_scale': 1.0, 'shepherd_speed': 1.5, 'shepherd_stop_multiple': 3.0, 'n_shepherds': 2, 'initial_spread': 30.0, 'shepherd_start_offset': 50.0, 'success_fraction': 1.0, 'sheep_model': 'strombom', 'dog_controller': 'collect_drive_multi', 'scenario_id': 'drive_to_goal', 'obs_mode': 'bearing_only', 'observation_frequency': 1, 'noise_sigma': 0.0, 'communication': 'none', 'stubborn_fraction': 0.0, 'stubborn_rs_scale': 0.25, 'stubborn_response_scale': 0.25, 'cohesion_scale': 1.0, 'initial_layout': 'compact', 'speed_scale': 1.0, 'failure_mode': 'none', 'failure_tick': -1, 'sensing_scale': 1.0, 'goal_mode': 'static', 'goal_velocity': [0.0, 0.0], 'latency': 0}",326.4316232097916,0.0,0.0,-1.0,14869.758745439567,0.2151994383868477,5.6342959071836605,4.457221444714803,11.322266079408069,5.6342959071836605,228.4590281440075,63.506452310908664,427.6456172156699,228.4590281440075,0.5477101104864173,0.0,0.7309503494226453,0.5477101104864173,0.9946875312468754,0.83,1.0,0.9946875312468754,0.14528547145285473,0.0,2.0,0.14528547145285473,14.267452291083647,5.987030006500508,74.11006825022977,14.267452291083647,6.734521584343435,5.239939050900193,12.83920943093285,6.734521584343435,83.65096067972335,52.538358009941355,161.43657381902236,83.65096067972335,378.5402966199666,120.08260581561859,1426.4106877727747,378.5402966199666,0.30795783654031567,0.07010603668158287,0.8327600764555816,0.30795783654031567,1.5681338969630956,1.009313410289655,8.087517300614378,1.5681338969630956,0.03249769561659054,-2.220446049250313e-16,0.9944391165342331,0.03249769561659054,0.9998080191980802,0.72,1.0,0.9998080191980802,-0.01401671554693992,-1.0,stuck,Little GCM-to-goal progress near the end of the run,['stuck']
strombom_multi,drive_to_goal,paper,2051,strombom,collect_drive_multi,bearing_only,100,2,compact,10000,True,7777,"{'world_width': 500.0, 'world_height': 500.0, 'goal_center': [370.0, 250.0], 'goal_radius': 21.213203435596427, 'max_ticks': 10000, 'measurement_radius': 5.0, 'n_sheep': 100, 'r_a': 2.0, 'r_s': 65.0, 'rs_weight': 1.0, 'n_neighbors': -1, 'c': 1.05, 'noise_strength': 0.3, 'sheep_speed': 1.0, 'inertia': 0.5, 'graze_move_prob': 0.05, 'collect_threshold_scale': 1.0, 'shepherd_speed': 1.5, 'shepherd_stop_multiple': 3.0, 'n_shepherds': 2, 'initial_spread': 30.0, 'shepherd_start_offset': 50.0, 'success_fraction': 1.0, 'sheep_model': 'strombom', 'dog_controller': 'collect_drive_multi', 'scenario_id': 'drive_to_goal', 'obs_mode': 'bearing_only', 'observation_frequency': 1, 'noise_sigma': 0.0, 'communication': 'none', 'stubborn_fraction': 0.0, 'stubborn_rs_scale': 0.25, 'stubborn_response_scale': 0.25, 'cohesion_scale': 1.0, 'initial_layout': 'compact', 'speed_scale': 1.0, 'failure_mode': 'none', 'failure_tick': -1, 'sensing_scale': 1.0, 'goal_mode': 'static', 'goal_velocity': [0.0, 0.0], 'latency': 0}",9.59345318459201,1.0,100.0,7777.0,11216.335095909932,0.103740543343884,5.507545694974068,3.017823755163426,12.005572641466365,5.507545694974068,236.2646190578858,9.59345318459201,442.6761928800962,236.2646190578858,0.553656179642387,0.0,0.7166613586757895,0.553656179642387,0.9956865518128054,0.93,1.0,0.9956865518128054,0.10992543070197994,0.0,1.0,0.10992543070197994,12.112998248208855,3.221855105945465,37.342123253290794,12.112998248208855,6.4891108597010785,3.587782028661013,13.33313275435283,6.4891108597010785,78.72415906630472,40.11309601679432,163.0122592458536,78.72415906630472,360.7056374756442,71.18369153754615,1376.502699056911,360.7056374756442,0.32872715549736087,0.07264787789265753,1.4048161571847473,0.32872715549736087,1.4211211005525992,1.0054909574560955,4.752843801439528,1.4211211005525992,0.027838749433706955,-2.220446049250313e-16,0.8882466568912392,0.027838749433706955,0.9995500128567755,0.74,1.0,0.9995500128567755,0.009842550379568374,7777.0,none,No failure (scenario success),[]
strombom_multi,drive_to_goal,paper,2050,strombom,collect_drive_multi,bearing_only,100,2,compact,10000,False,10000,"{'world_width': 500.0, 'world_height': 500.0, 'goal_center': [370.0, 250.0], 'goal_radius': 21.213203435596427, 'max_ticks': 10000, 'measurement_radius': 5.0, 'n_sheep': 100, 'r_a': 2.0, 'r_s': 65.0, 'rs_weight': 1.0, 'n_neighbors': -1, 'c': 1.05, 'noise_strength': 0.3, 'sheep_speed': 1.0, 'inertia': 0.5, 'graze_move_prob': 0.05, 'collect_threshold_scale': 1.0, 'shepherd_speed': 1.5, 'shepherd_stop_multiple': 3.0, 'n_shepherds': 2, 'initial_spread': 30.0, 'shepherd_start_offset': 50.0, 'success_fraction': 1.0, 'sheep_model': 'strombom', 'dog_controller': 'collect_drive_multi', 'scenario_id': 'drive_to_goal', 'obs_mode': 'bearing_only', 'observation_frequency': 1, 'noise_sigma': 0.0, 'communication': 'none', 'stubborn_fraction': 0.0, 'stubborn_rs_scale': 0.25, 'stubborn_response_scale': 0.25, 'cohesion_scale': 1.0, 'initial_layout': 'compact', 'speed_scale': 1.0, 'failure_mode': 'none', 'failure_tick': -1, 'sensing_scale': 1.0, 'goal_mode': 'static', 'goal_velocity': [0.0, 0.0], 'latency': 0}",79.1904216259153,0.0,0.0,-1.0,15534.685984626114,0.14720735186351702,5.572891966674808,4.3256170146144015,10.869329507510793,5.572891966674808,221.5492587799154,24.994619219215632,409.78593767523085,221.5492587799154,0.5497855374989918,0.0,0.711397002959751,0.5497855374989918,0.995086491350865,0.8,1.0,0.995086491350865,0.0958904109589041,0.0,1.0,0.0958904109589041,12.626123500622372,5.997681253662332,41.0370726636778,12.626123500622372,6.586698059504412,5.079920142206023,12.467715037518122,6.586698059504412,80.78994250137158,53.22107032142616,160.7078933294101,80.78994250137158,367.03381286303755,121.44478401775206,1520.304642471362,367.03381286303755,0.31378737945049906,0.06577629062386008,0.8234194725512675,0.31378737945049906,1.4731471856650604,1.0019909564439538,5.561743409611807,1.4731471856650604,0.033396544107151066,-2.220446049250313e-16,0.9351479621298425,0.033396544107151066,0.9992360763923608,0.52,1.0,0.9992360763923608,0.0026357033495928136,-1.0,stuck,Little GCM-to-goal progress near the end of the run,['stuck']
strombom_multi,drive_to_goal,paper,2052,strombom,collect_drive_multi,bearing_only,100,2,compact,10000,False,10000,"{'world_width': 500.0, 'world_height': 500.0, 'goal_center': [370.0, 250.0], 'goal_radius': 21.213203435596427, 'max_ticks': 10000, 'measurement_radius': 5.0, 'n_sheep': 100, 'r_a': 2.0, 'r_s': 65.0, 'rs_weight': 1.0, 'n_neighbors': -1, 'c': 1.05, 'noise_strength': 0.3, 'sheep_speed': 1.0, 'inertia': 0.5, 'graze_move_prob': 0.05, 'collect_threshold_scale': 1.0, 'shepherd_speed': 1.5, 'shepherd_stop_multiple': 3.0, 'n_shepherds': 2, 'initial_spread': 30.0, 'shepherd_start_offset': 50.0, 'success_fraction': 1.0, 'sheep_model': 'strombom', 'dog_controller': 'collect_drive_multi', 'scenario_id': 'drive_to_goal', 'obs_mode': 'bearing_only', 'observation_frequency': 1, 'noise_sigma': 0.0, 'communication': 'none', 'stubborn_fraction': 0.0, 'stubborn_rs_scale': 0.25, 'stubborn_response_scale': 0.25, 'cohesion_scale': 1.0, 'initial_layout': 'compact', 'speed_scale': 1.0, 'failure_mode': 'none', 'failure_tick': -1, 'sensing_scale': 1.0, 'goal_mode': 'static', 'goal_velocity': [0.0, 0.0], 'latency': 0}",262.2402017271367,0.0,0.0,-1.0,15425.298244464158,0.09070791018494444,5.592896488604172,4.4912338631941005,11.164119660634844,5.592896488604172,269.63112845092405,51.13631046611011,436.2664637841133,269.63112845092405,0.5495941719437113,0.0,0.7183094378643131,0.5495941719437113,0.9945085491450857,0.93,1.0,0.9945085491450857,0.197980201979802,0.0,1.0,0.197980201979802,14.99863142037498,6.300361920359783,54.11620279903608,14.99863142037498,6.764400556028321,5.372406297540922,12.494281948195793,6.764400556028321,87.90903391893632,53.25039875198851,166.1442642705153,87.90903391893632,404.71611770547315,119.581792281281,1460.3800083439146,404.71611770547315,0.2973073842413736,0.06847532794796403,0.8362477103937312,0.2973073842413736,1.5240968665883758,1.0043690636873839,6.463730146641201,1.5240968665883758,0.04025555957459461,-2.220446049250313e-16,0.8805620906722551,0.04025555957459461,0.9997300269973002,0.84,1.0,0.9997300269973002,-0.009126227137485446,-1.0,stuck,Little GCM-to-goal progress near the end of the run,['stuck']
strombom_multi,drive_to_goal,paper,2035,strombom,collect_drive_multi,bearing_only,100,3,compact,10000,True,2886,"{'world_width': 500.0, 'world_height': 500.0, 'goal_center': [370.0, 250.0], 'goal_radius': 21.213203435596427, 'max_ticks': 10000, 'measurement_radius': 5.0, 'n_sheep': 100, 'r_a': 2.0, 'r_s': 65.0, 'rs_weight': 1.0, 'n_neighbors': -1, 'c': 1.05, 'noise_strength': 0.3, 'sheep_speed': 1.0, 'inertia': 0.5, 'graze_move_prob': 0.05, 'collect_threshold_scale': 1.0, 'shepherd_speed': 1.5, 'shepherd_stop_multiple': 3.0, 'n_shepherds': 3, 'initial_spread': 30.0, 'shepherd_start_offset': 50.0, 'success_fraction': 1.0, 'sheep_model': 'strombom', 'dog_controller': 'collect_drive_multi', 'scenario_id': 'drive_to_goal', 'obs_mode': 'bearing_only', 'observation_frequency': 1, 'noise_sigma': 0.0, 'communication': 'none', 'stubborn_fraction': 0.0, 'stubborn_rs_scale': 0.25, 'stubborn_response_scale': 0.25, 'cohesion_scale': 1.0, 'initial_layout': 'compact', 'speed_scale': 1.0, 'failure_mode': 'none', 'failure_tick': -1, 'sensing_scale': 1.0, 'goal_mode': 'static', 'goal_velocity': [0.0, 0.0], 'latency': 0}",11.616204743702104,1.0,100.0,2886.0,5970.0,0.1615359387067583,5.860293660159046,5.467752618275697,11.62515944811372,5.860293660159046,67.97922796207374,11.616204743702104,134.60300324980807,67.97922796207374,0.557260032628666,0.0,0.6710158464768623,0.557260032628666,0.9971700727398684,0.85,1.0,0.9971700727398684,0.0,0.0,0.0,0.0,10.19632020077164,7.912520685029246,40.14084210398844,10.19632020077164,6.670406852884672,6.1772384205505,13.23953074312138,6.670406852884672,71.66015902612338,61.76020523456228,151.87152936514704,71.66015902612338,344.75527669928084,272.00114106917925,1643.5351621232944,344.75527669928084,0.2957584415052199,0.06084445426212197,0.36764551651114785,0.2957584415052199,1.326313126148809,1.0234356412696832,1.6131143417411802,1.326313126148809,0.022098380161637458,-2.220446049250313e-16,0.6372898471421091,0.022098380161637458,0.9999584343609283,0.96,1.0,0.9999584343609283,0.0181588576177798,2886.0,none,No failure (scenario success),[]
strombom_multi,drive_to_goal,paper,2030,strombom,collect_drive_multi,bearing_only,100,3,compact,10000,False,10000,"{'world_width': 500.0, 'world_height': 500.0, 'goal_center': [370.0, 250.0], 'goal_radius': 21.213203435596427, 'max_ticks': 10000, 'measurement_radius': 5.0, 'n_sheep': 100, 'r_a': 2.0, 'r_s': 65.0, 'rs_weight': 1.0, 'n_neighbors': -1, 'c': 1.05, 'noise_strength': 0.3, 'sheep_speed': 1.0, 'inertia': 0.5, 'graze_move_prob': 0.05, 'collect_threshold_scale': 1.0, 'shepherd_speed': 1.5, 'shepherd_stop_multiple': 3.0, 'n_shepherds': 3, 'initial_spread': 30.0, 'shepherd_start_offset': 50.0, 'success_fraction': 1.0, 'sheep_model': 'strombom', 'dog_controller': 'collect_drive_multi', 'scenario_id': 'drive_to_goal', 'obs_mode': 'bearing_only', 'observation_frequency': 1, 'noise_sigma': 0.0, 'communication': 'none', 'stubborn_fraction': 0.0, 'stubborn_rs_scale': 0.25, 'stubborn_response_scale': 0.25, 'cohesion_scale': 1.0, 'initial_layout': 'compact', 'speed_scale': 1.0, 'failure_mode': 'none', 'failure_tick': -1, 'sensing_scale': 1.0, 'goal_mode': 'static', 'goal_velocity': [0.0, 0.0], 'latency': 0}",333.44505019060574,0.0,0.0,-1.0,20358.948508441783,0.3144348304428178,5.844373010235385,4.7900224148784565,11.115050666746765,5.844373010235385,223.31802667493605,55.37940052269578,422.5602866944497,223.31802667493605,0.5583106609548084,0.0,0.6838902840168436,0.5583106609548084,0.9977922207779224,0.84,1.0,0.9977922207779224,0.0,0.0,0.0,0.0,10.093623252563775,6.7079816777812615,42.76117383416059,10.093623252563775,6.6505910142206375,5.6224564542359765,12.895949951768126,6.6505910142206375,71.10806530413862,58.504100179088326,152.85612315842462,71.10806530413862,336.65373399418,163.63649310137268,1614.6068528749327,336.65373399418,0.3005829152727755,0.06193458167351529,0.6111106276156265,0.3005829152727755,1.3388503577082513,1.0052838728048659,2.82388329712387,1.3388503577082513,0.026443889432248516,-2.220446049250313e-16,0.8262090548237276,0.026443889432248516,0.99996600339966,0.92,1.0,0.99996600339966,-0.010448965431924766,-1.0,stuck,Little GCM-to-goal progress near the end of the run,['stuck']
strombom_multi,drive_to_goal,paper,2048,strombom,collect_drive_multi,bearing_only,100,2,compact,10000,False,10000,"{'world_width': 500.0, 'world_height': 500.0, 'goal_center': [370.0, 250.0], 'goal_radius': 21.213203435596427, 'max_ticks': 10000, 'measurement_radius': 5.0, 'n_sheep': 100, 'r_a': 2.0, 'r_s': 65.0, 'rs_weight': 1.0, 'n_neighbors': -1, 'c': 1.05, 'noise_strength': 0.3, 'sheep_speed': 1.0, 'inertia': 0.5, 'graze_move_prob': 0.05, 'collect_threshold_scale': 1.0, 'shepherd_speed': 1.5, 'shepherd_stop_multiple': 3.0, 'n_shepherds': 2, 'initial_spread': 30.0, 'shepherd_start_offset': 50.0, 'success_fraction': 1.0, 'sheep_model': 'strombom', 'dog_controller': 'collect_drive_multi', 'scenario_id': 'drive_to_goal', 'obs_mode': 'bearing_only', 'observation_frequency': 1, 'noise_sigma': 0.0, 'communication': 'none', 'stubborn_fraction': 0.0, 'stubborn_rs_scale': 0.25, 'stubborn_response_scale': 0.25, 'cohesion_scale': 1.0, 'initial_layout': 'compact', 'speed_scale': 1.0, 'failure_mode': 'none', 'failure_tick': -1, 'sensing_scale': 1.0, 'goal_mode': 'static', 'goal_velocity': [0.0, 0.0], 'latency': 0}",442.9040929950988,0.0,0.0,-1.0,9663.680576947332,0.018968739288622607,4.62425471877071,2.6643909120551745,11.439128519937665,4.62425471877071,301.7983623746974,70.44742520541472,442.94810949934646,301.7983623746974,0.4762958960801683,0.0,0.7004590361189106,0.4762958960801683,0.9963903609639038,0.83,1.0,0.9963903609639038,0.130986901309869,0.0,1.0,0.130986901309869,10.135719894533942,2.1532387234892334,41.81297272099559,10.135719894533942,5.506838031488717,3.1357595690909714,13.140267653919642,5.506838031488717,69.45823584199977,33.39377144863542,165.06468317061936,69.45823584199977,290.0386504782498,56.84667769665753,1785.9135343477822,290.0386504782498,0.6764681914676054,0.0559937522599716,1.7591177541388632,0.6764681914676054,1.3522663297621489,1.0137948164716615,4.2675264879830435,1.3522663297621489,0.02153051849473671,-2.220446049250313e-16,0.9906379020759182,0.02153051849473671,0.9998140185981401,0.88,1.0,0.9998140185981401,-0.03329185532767643,-1.0,stuck,Little GCM-to-goal progress near the end of the run,['stuck']
strombom_multi,drive_to_goal,paper,2053,strombom,collect_drive_multi,bearing_only,100,2,compact,10000,False,10000,"{'world_width': 500.0, 'world_height': 500.0, 'goal_center': [370.0, 250.0], 'goal_radius': 21.213203435596427, 'max_ticks': 10000, 'measurement_radius': 5.0, 'n_sheep': 100, 'r_a': 2.0, 'r_s': 65.0, 'rs_weight': 1.0, 'n_neighbors': -1, 'c': 1.05, 'noise_strength': 0.3, 'sheep_speed': 1.0, 'inertia': 0.5, 'graze_move_prob': 0.05, 'collect_threshold_scale': 1.0, 'shepherd_speed': 1.5, 'shepherd_stop_multiple': 3.0, 'n_shepherds': 2, 'initial_spread': 30.0, 'shepherd_start_offset': 50.0, 'success_fraction': 1.0, 'sheep_model': 'strombom', 'dog_controller': 'collect_drive_multi', 'scenario_id': 'drive_to_goal', 'obs_mode': 'bearing_only', 'observation_frequency': 1, 'noise_sigma': 0.0, 'communication': 'none', 'stubborn_fraction': 0.0, 'stubborn_rs_scale': 0.25, 'stubborn_response_scale': 0.25, 'cohesion_scale': 1.0, 'initial_layout': 'compact', 'speed_scale': 1.0, 'failure_mode': 'none', 'failure_tick': -1, 'sensing_scale': 1.0, 'goal_mode': 'static', 'goal_velocity': [0.0, 0.0], 'latency': 0}",278.17702974015907,0.0,0.0,-1.0,11879.536899890258,0.057360123344681324,5.1124388800569225,2.4411596619861564,11.575628076846721,5.1124388800569225,207.49150883857857,51.609686727528235,327.8889113163247,207.49150883857857,0.5110836390717046,0.0,0.7101068366959296,0.5110836390717046,0.9957044295570444,0.88,1.0,0.9957044295570444,0.0603939606039396,0.0,1.0,0.0603939606039396,10.487579443140948,1.980216751556993,39.005767415943566,10.487579443140948,6.002998445049978,2.8252389771998705,12.999345440392652,6.002998445049978,71.58637295132354,31.39090007717838,160.5520317742693,71.58637295132354,305.9577304150167,50.80561541377019,1649.543104831216,305.9577304150167,0.4931165482851618,0.06062284744613095,1.9682863633395988,0.4931165482851618,1.456952844123334,1.000480395429038,5.347953184697926,1.456952844123334,0.021829597409957085,-2.220446049250313e-16,0.9670256371100135,0.021829597409957085,0.9995980401959803,0.68,1.0,0.9995980401959803,-0.013360710371862747,-1.0,stuck,Little GCM-to-goal progress near the end of the run,['stuck']
strombom_multi,drive_to_goal,paper,2032,strombom,collect_drive_multi,bearing_only,100,3,compact,10000,False,10000,"{'world_width': 500.0, 'world_height': 500.0, 'goal_center': [370.0, 250.0], 'goal_radius': 21.213203435596427, 'max_ticks': 10000, 'measurement_radius': 5.0, 'n_sheep': 100, 'r_a': 2.0, 'r_s': 65.0, 'rs_weight': 1.0, 'n_neighbors': -1, 'c': 1.05, 'noise_strength': 0.3, 'sheep_speed': 1.0, 'inertia': 0.5, 'graze_move_prob': 0.05, 'collect_threshold_scale': 1.0, 'shepherd_speed': 1.5, 'shepherd_stop_multiple': 3.0, 'n_shepherds': 3, 'initial_spread': 30.0, 'shepherd_start_offset': 50.0, 'success_fraction': 1.0, 'sheep_model': 'strombom', 'dog_controller': 'collect_drive_multi', 'scenario_id': 'drive_to_goal', 'obs_mode': 'bearing_only', 'observation_frequency': 1, 'noise_sigma': 0.0, 'communication': 'none', 'stubborn_fraction': 0.0, 'stubborn_rs_scale': 0.25, 'stubborn_response_scale': 0.25, 'cohesion_scale': 1.0, 'initial_layout': 'compact', 'speed_scale': 1.0, 'failure_mode': 'none', 'failure_tick': -1, 'sensing_scale': 1.0, 'goal_mode': 'static', 'goal_velocity': [0.0, 0.0], 'latency': 0}",369.6583767269121,0.0,0.0,-1.0,20636.723238351977,0.057688477950317694,5.83647782037346,4.356678007930115,11.39978104158245,5.83647782037346,136.81070092210172,12.790830279917012,371.29458099500266,136.81070092210172,0.553241878644379,0.0,0.6833413725491029,0.553241878644379,0.9975732426757323,0.93,1.0,0.9975732426757323,0.013098690130986902,0.0,1.0,0.013098690130986902,10.79943416741878,6.524391869016519,58.69644162275979,10.79943416741878,6.688485963832464,5.372184118348712,12.708168836781992,6.688485963832464,72.8272118555991,57.632223891531986,197.2270911328772,72.8272118555991,342.23043549395766,148.98173131835784,1322.7192219133344,342.23043549395766,0.3007293701700937,0.07560183472297953,0.671223237339824,0.3007293701700937,1.3722065525057905,1.0096741754369956,4.261551626233169,1.3722065525057905,0.03117465498799683,-2.220446049250313e-16,0.98135288998413,0.03117465498799683,0.9981341865813419,0.14,1.0,0.9981341865813419,-0.012111046877473955,-1.0,stuck,Little GCM-to-goal progress near the end of the run,['stuck']
strombom_multi,drive_to_goal,paper,2029,strombom,collect_drive_multi,bearing_only,100,3,compact,10000,False,10000,"{'world_width': 500.0, 'world_height': 500.0, 'goal_center': [370.0, 250.0], 'goal_radius': 21.213203435596427, 'max_ticks': 10000, 'measurement_radius': 5.0, 'n_sheep': 100, 'r_a': 2.0, 'r_s': 65.0, 'rs_weight': 1.0, 'n_neighbors': -1, 'c': 1.05, 'noise_strength': 0.3, 'sheep_speed': 1.0, 'inertia': 0.5, 'graze_move_prob': 0.05, 'collect_threshold_scale': 1.0, 'shepherd_speed': 1.5, 'shepherd_stop_multiple': 3.0, 'n_shepherds': 3, 'initial_spread': 30.0, 'shepherd_start_offset': 50.0, 'success_fraction': 1.0, 'sheep_model': 'strombom', 'dog_controller': 'collect_drive_multi', 'scenario_id': 'drive_to_goal', 'obs_mode': 'bearing_only', 'observation_frequency': 1, 'noise_sigma': 0.0, 'communication': 'none', 'stubborn_fraction': 0.0, 'stubborn_rs_scale': 0.25, 'stubborn_response_scale': 0.25, 'cohesion_scale': 1.0, 'initial_layout': 'compact', 'speed_scale': 1.0, 'failure_mode': 'none', 'failure_tick': -1, 'sensing_scale': 1.0, 'goal_mode': 'static', 'goal_velocity': [0.0, 0.0], 'latency': 0}",363.8242752387469,0.0,0.0,-1.0,20261.63877065656,0.2793475904028288,5.823257255145596,4.261679497518686,11.392425001976669,5.823257255145596,291.2784928430141,86.85669459108414,438.60311322025206,291.2784928430141,0.5481564548438643,0.0,0.6833549950604898,0.5481564548438643,0.9969103089691032,0.85,1.0,0.9969103089691032,0.010698930106989302,0.0,1.0,0.010698930106989302,11.016428347273363,4.729660111854025,62.90610531158798,11.016428347273363,6.684413070864075,4.916577125601608,12.865554028519826,6.684413070864075,72.73386830756982,47.4668457311235,171.06831538553075,72.73386830756982,338.9319496557582,127.74971355439625,1428.8272421586294,338.9319496557582,0.3098127430295786,0.06998746737843757,0.7827806201492551,0.3098127430295786,1.419409286315705,1.0035940518506663,5.025719450260828,1.419409286315705,0.031002360658586046,-2.220446049250313e-16,0.8783843954718256,0.031002360658586046,0.99998400159984,0.94,1.0,0.99998400159984,-0.012016208073302123,-1.0,stuck,Little GCM-to-goal progress near the end of the run,['stuck']
strombom_multi,drive_to_goal,paper,2054,strombom,collect_drive_multi,bearing_only,100,2,compact,10000,False,10000,"{'world_width': 500.0, 'world_height': 500.0, 'goal_center': [370.0, 250.0], 'goal_radius': 21.213203435596427, 'max_ticks': 10000, 'measurement_radius': 5.0, 'n_sheep': 100, 'r_a': 2.0, 'r_s': 65.0, 'rs_weight': 1.0, 'n_neighbors': -1, 'c': 1.05, 'noise_strength': 0.3, 'sheep_speed': 1.0, 'inertia': 0.5, 'graze_move_prob': 0.05, 'collect_threshold_scale': 1.0, 'shepherd_speed': 1.5, 'shepherd_stop_multiple': 3.0, 'n_shepherds': 2, 'initial_spread': 30.0, 'shepherd_start_offset': 50.0, 'success_fraction': 1.0, 'sheep_model': 'strombom', 'dog_controller': 'collect_drive_multi', 'scenario_id': 'drive_to_goal', 'obs_mode': 'bearing_only', 'observation_frequency': 1, 'noise_sigma': 0.0, 'communication': 'none', 'stubborn_fraction': 0.0, 'stubborn_rs_scale': 0.25, 'stubborn_response_scale': 0.25, 'cohesion_scale': 1.0, 'initial_layout': 'compact', 'speed_scale': 1.0, 'failure_mode': 'none', 'failure_tick': -1, 'sensing_scale': 1.0, 'goal_mode': 'static', 'goal_velocity': [0.0, 0.0], 'latency': 0}",277.6067371065116,0.0,0.0,-1.0,2927.9757643438134,0.05031661793921432,3.555156485712129,2.6134522050819085,11.042026068493128,3.555156485712129,256.0660855321654,86.32627470730002,278.4030643325533,256.0660855321654,0.3765140500689999,0.0,0.7257939700809664,0.3765140500689999,0.9985541445855415,0.8,1.0,0.9985541445855415,0.04179582041795821,0.0,1.0,0.04179582041795821,5.458204395028381,2.0318604151470097,36.4371792684916,5.458204395028381,4.179601071759021,3.0536481987617607,12.578310883684416,4.179601071759021,50.05232565574417,32.97987598111717,152.9798202494894,50.05232565574417,145.57392529233888,55.58395962373983,1432.7065954886323,145.57392529233888,1.0607884408272514,0.06979796164468306,1.7990801784709511,1.0607884408272514,1.3514835173949382,1.0065265043272726,2.8176793641256905,1.3514835173949382,0.006482514322250437,-2.220446049250313e-16,0.6486391308925704,0.006482514322250437,0.9998560143985601,0.78,1.0,0.9998560143985601,-0.05370337814358121,-1.0,oscillation,GCM-to-goal distance oscillated without settling,"['stuck', 'oscillation']"
strombom_multi,drive_to_goal,paper,2028,strombom,collect_drive_multi,bearing_only,100,3,compact,10000,False,10000,"{'world_width': 500.0, 'world_height': 500.0, 'goal_center': [370.0, 250.0], 'goal_radius': 21.213203435596427, 'max_ticks': 10000, 'measurement_radius': 5.0, 'n_sheep': 100, 'r_a': 2.0, 'r_s': 65.0, 'rs_weight': 1.0, 'n_neighbors': -1, 'c': 1.05, 'noise_strength': 0.3, 'sheep_speed': 1.0, 'inertia': 0.5, 'graze_move_prob': 0.05, 'collect_threshold_scale': 1.0, 'shepherd_speed': 1.5, 'shepherd_stop_multiple': 3.0, 'n_shepherds': 3, 'initial_spread': 30.0, 'shepherd_start_offset': 50.0, 'success_fraction': 1.0, 'sheep_model': 'strombom', 'dog_controller': 'collect_drive_multi', 'scenario_id': 'drive_to_goal', 'obs_mode': 'bearing_only', 'observation_frequency': 1, 'noise_sigma': 0.0, 'communication': 'none', 'stubborn_fraction': 0.0, 'stubborn_rs_scale': 0.25, 'stubborn_response_scale': 0.25, 'cohesion_scale': 1.0, 'initial_layout': 'compact', 'speed_scale': 1.0, 'failure_mode': 'none', 'failure_tick': -1, 'sensing_scale': 1.0, 'goal_mode': 'static', 'goal_velocity': [0.0, 0.0], 'latency': 0}",244.9768840553303,0.0,0.0,-1.0,20176.702126250235,0.019132868844906885,5.7977188076733235,4.494511102604857,11.063974804786936,5.7977188076733235,275.2628479036287,73.84987942253973,432.58657862517134,275.2628479036287,0.5510293753961272,0.0,0.6922697902518499,0.5510293753961272,0.9975722427757225,0.85,1.0,0.9975722427757225,0.0,0.0,0.0,0.0,10.353401093645688,5.639595180458904,41.855293069901585,10.353401093645688,6.626774286325541,5.20836418389594,12.81666226249493,6.626774286325541,71.37090936050785,55.91192858071109,148.83797308977194,71.37090936050785,328.94854168142524,143.48633817538922,1581.7256784021338,328.94854168142524,0.31270767507228914,0.06322208797989576,0.696930462311791,0.31270767507228914,1.4042756036975756,1.0056657102179576,4.872501592991526,1.4042756036975756,0.028436939772273732,-2.220446049250313e-16,0.9394859907447056,0.028436939772273732,0.9999880011998801,0.96,1.0,0.9999880011998801,-0.006129563414619183,-1.0,stuck,Little GCM-to-goal progress near the end of the run,['stuck']
strombom_multi,drive_to_goal,paper,2027,strombom,collect_drive_multi,bearing_only,100,3,compact,10000,False,10000,"{'world_width': 500.0, 'world_height': 500.0, 'goal_center': [370.0, 250.0], 'goal_radius': 21.213203435596427, 'max_ticks': 10000, 'measurement_radius': 5.0, 'n_sheep': 100, 'r_a': 2.0, 'r_s': 65.0, 'rs_weight': 1.0, 'n_neighbors': -1, 'c': 1.05, 'noise_strength': 0.3, 'sheep_speed': 1.0, 'inertia': 0.5, 'graze_move_prob': 0.05, 'collect_threshold_scale': 1.0, 'shepherd_speed': 1.5, 'shepherd_stop_multiple': 3.0, 'n_shepherds': 3, 'initial_spread': 30.0, 'shepherd_start_offset': 50.0, 'success_fraction': 1.0, 'sheep_model': 'strombom', 'dog_controller': 'collect_drive_multi', 'scenario_id': 'drive_to_goal', 'obs_mode': 'bearing_only', 'observation_frequency': 1, 'noise_sigma': 0.0, 'communication': 'none', 'stubborn_fraction': 0.0, 'stubborn_rs_scale': 0.25, 'stubborn_response_scale': 0.25, 'cohesion_scale': 1.0, 'initial_layout': 'compact', 'speed_scale': 1.0, 'failure_mode': 'none', 'failure_tick': -1, 'sensing_scale': 1.0, 'goal_mode': 'static', 'goal_velocity': [0.0, 0.0], 'latency': 0}",307.4749202918648,0.0,0.0,-1.0,20548.5,0.08544047506564566,5.839536755865884,4.542947955563362,11.974873727693602,5.839536755865884,205.4375831208561,70.47870602266109,350.58059290093195,205.4375831208561,0.5577781293801621,0.0,0.6771224463170772,0.5577781293801621,0.9973132686731327,0.87,1.0,0.9973132686731327,0.0,0.0,0.0,0.0,10.239097935906209,6.157267314402243,33.83655619292399,10.239097935906209,6.655852143888725,5.233457913765086,13.3129319455607,6.655852143888725,71.59376758401072,53.87614547873007,142.28448549385237,71.59376758401072,338.2305230797515,153.8755124972967,1373.0116771679652,338.2305230797515,0.3001567313895257,0.0728325925138994,0.6498759833651686,0.3001567313895257,1.3487866819233487,1.0039082437580786,4.052515067898703,1.3487866819233487,0.028768553056931438,-2.220446049250313e-16,0.9580034184745159,0.028768553056931438,0.99998200179982,0.9,1.0,0.99998200179982,-0.009186492344760046,-1.0,stuck,Little GCM-to-goal progress near the end of the run,['stuck']
strombom_multi,drive_to_goal,paper,2037,strombom,collect_drive_multi,bearing_only,100,3,compact,10000,False,10000,"{'world_width': 500.0, 'world_height': 500.0, 'goal_center': [370.0, 250.0], 'goal_radius': 21.213203435596427, 'max_ticks': 10000, 'measurement_radius': 5.0, 'n_sheep': 100, 'r_a': 2.0, 'r_s': 65.0, 'rs_weight': 1.0, 'n_neighbors': -1, 'c': 1.05, 'noise_strength': 0.3, 'sheep_speed': 1.0, 'inertia': 0.5, 'graze_move_prob': 0.05, 'collect_threshold_scale': 1.0, 'shepherd_speed': 1.5, 'shepherd_stop_multiple': 3.0, 'n_shepherds': 3, 'initial_spread': 30.0, 'shepherd_start_offset': 50.0, 'success_fraction': 1.0, 'sheep_model': 'strombom', 'dog_controller': 'collect_drive_multi', 'scenario_id': 'drive_to_goal', 'obs_mode': 'bearing_only', 'observation_frequency': 1, 'noise_sigma': 0.0, 'communication': 'none', 'stubborn_fraction': 0.0, 'stubborn_rs_scale': 0.25, 'stubborn_response_scale': 0.25, 'cohesion_scale': 1.0, 'initial_layout': 'compact', 'speed_scale': 1.0, 'failure_mode': 'none', 'failure_tick': -1, 'sensing_scale': 1.0, 'goal_mode': 'static', 'goal_velocity': [0.0, 0.0], 'latency': 0}",122.91774189135633,0.0,0.0,-1.0,20285.826189587897,0.15287279874003346,5.85926818019407,4.646055201430824,11.373483832599003,5.85926818019407,171.7375796348152,65.04368512430672,290.54742456551935,171.7375796348152,0.5555347744239096,0.0,0.6904320839699807,0.5555347744239096,0.9975102489751027,0.88,1.0,0.9975102489751027,0.0,0.0,0.0,0.0,10.315977748581707,6.114985195707435,61.38343478463818,10.315977748581707,6.676362178224402,5.276971956221053,12.681130078459342,6.676362178224402,71.52200053641786,56.36953621679514,153.10737871308308,71.52200053641786,338.35984194653304,161.96571608941258,1390.9848040840357,338.35984194653304,0.2998846020316747,0.07189151147186691,0.617414613502498,0.2998846020316747,1.354443111420183,1.006133322797055,4.181603198918737,1.354443111420183,0.02902268819045606,-2.220446049250313e-16,0.9031378678424195,0.02902268819045606,0.9999260073992601,0.82,1.0,0.9999260073992601,-0.00014922989605625604,-1.0,stuck,Little GCM-to-goal progress near the end of the run,['stuck']
strombom_multi,drive_to_goal,paper,2026,strombom,collect_drive_multi,bearing_only,100,3,compact,10000,False,10000,"{'world_width': 500.0, 'world_height': 500.0, 'goal_center': [370.0, 250.0], 'goal_radius': 21.213203435596427, 'max_ticks': 10000, 'measurement_radius': 5.0, 'n_sheep': 100, 'r_a': 2.0, 'r_s': 65.0, 'rs_weight': 1.0, 'n_neighbors': -1, 'c': 1.05, 'noise_strength': 0.3, 'sheep_speed': 1.0, 'inertia': 0.5, 'graze_move_prob': 0.05, 'collect_threshold_scale': 1.0, 'shepherd_speed': 1.5, 'shepherd_stop_multiple': 3.0, 'n_shepherds': 3, 'initial_spread': 30.0, 'shepherd_start_offset': 50.0, 'success_fraction': 1.0, 'sheep_model': 'strombom', 'dog_controller': 'collect_drive_multi', 'scenario_id': 'drive_to_goal', 'obs_mode': 'bearing_only', 'observation_frequency': 1, 'noise_sigma': 0.0, 'communication': 'none', 'stubborn_fraction': 0.0, 'stubborn_rs_scale': 0.25, 'stubborn_response_scale': 0.25, 'cohesion_scale': 1.0, 'initial_layout': 'compact', 'speed_scale': 1.0, 'failure_mode': 'none', 'failure_tick': -1, 'sensing_scale': 1.0, 'goal_mode': 'static', 'goal_velocity': [0.0, 0.0], 'latency': 0}",70.16706878678956,0.0,0.0,-1.0,20330.93796964291,0.08231599013453354,5.801387608323829,3.289285451156735,12.195365145314325,5.801387608323829,142.38439850864353,34.43809916545608,277.038832444915,142.38439850864353,0.5504846278396112,0.0,0.6881567891270847,0.5504846278396112,0.9972832716728327,0.81,1.0,0.9972832716728327,0.006999300069993001,0.0,1.0,0.006999300069993001,10.583755600561936,3.6709156359880803,43.76377952501448,10.583755600561936,6.643225267450406,3.8232533805074964,13.874102153024603,6.643225267450406,72.17233082917006,39.22770738701307,171.49131651823194,72.17233082917006,334.34169575181465,79.61759149753945,1837.5065535664844,334.34169575181465,0.31196311021673423,0.0544215746093021,1.2560038318050661,0.31196311021673423,1.3984167916046717,1.0032260039635794,5.151654064800997,1.3984167916046717,0.031976384089803835,-2.220446049250313e-16,0.9757612915898735,0.031976384089803835,0.9999220077992202,0.82,1.0,0.9999220077992202,0.0024432774536193376,-1.0,timeout,Timeout without a more specific failure pattern,['timeout']
strombom_multi,drive_to_goal,paper,2036,strombom,collect_drive_multi,bearing_only,100,3,compact,10000,False,10000,"{'world_width': 500.0, 'world_height': 500.0, 'goal_center': [370.0, 250.0], 'goal_radius': 21.213203435596427, 'max_ticks': 10000, 'measurement_radius': 5.0, 'n_sheep': 100, 'r_a': 2.0, 'r_s': 65.0, 'rs_weight': 1.0, 'n_neighbors': -1, 'c': 1.05, 'noise_strength': 0.3, 'sheep_speed': 1.0, 'inertia': 0.5, 'graze_move_prob': 0.05, 'collect_threshold_scale': 1.0, 'shepherd_speed': 1.5, 'shepherd_stop_multiple': 3.0, 'n_shepherds': 3, 'initial_spread': 30.0, 'shepherd_start_offset': 50.0, 'success_fraction': 1.0, 'sheep_model': 'strombom', 'dog_controller': 'collect_drive_multi', 'scenario_id': 'drive_to_goal', 'obs_mode': 'bearing_only', 'observation_frequency': 1, 'noise_sigma': 0.0, 'communication': 'none', 'stubborn_fraction': 0.0, 'stubborn_rs_scale': 0.25, 'stubborn_response_scale': 0.25, 'cohesion_scale': 1.0, 'initial_layout': 'compact', 'speed_scale': 1.0, 'failure_mode': 'none', 'failure_tick': -1, 'sensing_scale': 1.0, 'goal_mode': 'static', 'goal_velocity': [0.0, 0.0], 'latency': 0}",395.85080027825524,0.0,0.0,-1.0,20364.805812166236,0.09151444091407737,5.729468630080197,2.966646569742251,10.547401355002354,5.729468630080197,266.0307787133018,50.65756899608921,442.6832684851645,266.0307787133018,0.5496467103732374,0.0,0.6944274397453433,0.5496467103732374,0.9978092190780922,0.9,1.0,0.9978092190780922,0.0,0.0,0.0,0.0,10.036471405109737,2.86942510704835,34.3475802321992,10.036471405109737,6.543900322696947,3.4462437688225536,12.057880763889964,6.543900322696947,70.32893637739221,37.01824132249086,134.39577726109775,70.32893637739221,319.1103442346516,72.3646085961918,1257.2006354885189,319.1103442346516,0.32682681236366506,0.07954179880058869,1.3818909815158251,0.32682681236366506,1.3988636171754565,1.0032624916899358,4.552779568229843,1.3988636171754565,0.03188573546044315,-2.220446049250313e-16,0.9185982172456225,0.03188573546044315,0.99999200079992,0.96,1.0,0.99999200079992,-0.013601809644501816,-1.0,stuck,Little GCM-to-goal progress near the end of the run,['stuck']
strombom_multi,drive_to_goal,paper,2047,strombom,collect_drive_multi,bearing_only,100,3,compact,10000,True,2443,"{'world_width': 500.0, 'world_height': 500.0, 'goal_center': [370.0, 250.0], 'goal_radius': 21.213203435596427, 'max_ticks': 10000, 'measurement_radius': 5.0, 'n_sheep': 100, 'r_a': 2.0, 'r_s': 65.0, 'rs_weight': 1.0, 'n_neighbors': -1, 'c': 1.05, 'noise_strength': 0.3, 'sheep_speed': 1.0, 'inertia': 0.5, 'graze_move_prob': 0.05, 'collect_threshold_scale': 1.0, 'shepherd_speed': 1.5, 'shepherd_stop_multiple': 3.0, 'n_shepherds': 3, 'initial_spread': 30.0, 'shepherd_start_offset': 50.0, 'success_fraction': 1.0, 'sheep_model': 'strombom', 'dog_controller': 'collect_drive_multi', 'scenario_id': 'drive_to_goal', 'obs_mode': 'bearing_only', 'observation_frequency': 1, 'noise_sigma': 0.0, 'communication': 'none', 'stubborn_fraction': 0.0, 'stubborn_rs_scale': 0.25, 'stubborn_response_scale': 0.25, 'cohesion_scale': 1.0, 'initial_layout': 'compact', 'speed_scale': 1.0, 'failure_mode': 'none', 'failure_tick': -1, 'sensing_scale': 1.0, 'goal_mode': 'static', 'goal_velocity': [0.0, 0.0], 'latency': 0}",9.104436466811677,1.0,100.0,2443.0,5122.5,0.04089923320162776,5.877522935629074,5.430212774851835,10.881502025944025,5.877522935629074,105.84201071322137,9.104436466811677,180.34980435617908,105.84201071322137,0.5576043556393244,0.0,0.6883401500517555,0.5576043556393244,0.9975245499181671,0.95,1.0,0.9975245499181671,0.0,0.0,0.0,0.0,10.254812385064112,7.931516492284453,28.20368156766724,10.254812385064112,6.691441451082654,6.136624549471728,12.108293352421358,6.691441451082654,71.80870488256542,63.220369931993005,129.9592434805558,71.80870488256542,343.2896335448374,277.0344652254009,1207.1049182058237,343.2896335448374,0.29479120637592265,0.08284284032960007,0.3609659177916292,0.29479120637592265,1.3383444260395532,1.1243670738573792,1.5689037880997942,1.3383444260395532,0.02722205682439221,-2.220446049250313e-16,0.931029564410698,0.02722205682439221,0.9999509001636662,0.92,1.0,0.9999509001636662,0.021657360664611994,2443.0,none,No failure (scenario success),[]
strombom_multi,drive_to_goal,paper,2041,strombom,collect_drive_multi,bearing_only,100,3,compact,10000,False,10000,"{'world_width': 500.0, 'world_height': 500.0, 'goal_center': [370.0, 250.0], 'goal_radius': 21.213203435596427, 'max_ticks': 10000, 'measurement_radius': 5.0, 'n_sheep': 100, 'r_a': 2.0, 'r_s': 65.0, 'rs_weight': 1.0, 'n_neighbors': -1, 'c': 1.05, 'noise_strength': 0.3, 'sheep_speed': 1.0, 'inertia': 0.5, 'graze_move_prob': 0.05, 'collect_threshold_scale': 1.0, 'shepherd_speed': 1.5, 'shepherd_stop_multiple': 3.0, 'n_shepherds': 3, 'initial_spread': 30.0, 'shepherd_start_offset': 50.0, 'success_fraction': 1.0, 'sheep_model': 'strombom', 'dog_controller': 'collect_drive_multi', 'scenario_id': 'drive_to_goal', 'obs_mode': 'bearing_only', 'observation_frequency': 1, 'noise_sigma': 0.0, 'communication': 'none', 'stubborn_fraction': 0.0, 'stubborn_rs_scale': 0.25, 'stubborn_response_scale': 0.25, 'cohesion_scale': 1.0, 'initial_layout': 'compact', 'speed_scale': 1.0, 'failure_mode': 'none', 'failure_tick': -1, 'sensing_scale': 1.0, 'goal_mode': 'static', 'goal_velocity': [0.0, 0.0], 'latency': 0}",87.27106996767196,0.0,0.0,-1.0,20265.0,0.14446953297568657,5.861491836966275,5.358247591918063,13.012791645232644,5.861491836966275,162.3453722201723,44.569381553821515,360.78332627430063,162.3453722201723,0.5595101838782363,0.0,0.701997291247805,0.5595101838782363,0.9974462553744626,0.76,1.0,0.9974462553744626,0.0,0.0,0.0,0.0,10.216019826757242,8.01665371190975,40.36119074468163,10.216019826757242,6.674711921145513,6.097910031500324,14.480812723977827,6.674711921145513,71.63294515717867,62.21048126900662,147.98819115543864,71.63294515717867,341.39005950334933,273.07584826503626,1587.9418502671692,341.39005950334933,0.29588546866032184,0.06297459820910642,0.36619862443105583,0.29588546866032184,1.337893497785395,1.0257399506656388,1.6110186999014118,1.337893497785395,0.026619508604544238,-2.220446049250313e-16,0.8952787667040305,0.026619508604544238,0.9999300069993,0.8,1.0,0.9999300069993,0.0015338875225459246,-1.0,stuck,Little GCM-to-goal progress near the end of the run,['stuck']
strombom_multi,drive_to_goal,paper,2026,strombom,collect_drive_multi,bearing_only,100,4,compact,10000,True,203,"{'world_width': 500.0, 'world_height': 500.0, 'goal_center': [370.0, 250.0], 'goal_radius': 21.213203435596427, 'max_ticks': 10000, 'measurement_radius': 5.0, 'n_sheep': 100, 'r_a': 2.0, 'r_s': 65.0, 'rs_weight': 1.0, 'n_neighbors': -1, 'c': 1.05, 'noise_strength': 0.3, 'sheep_speed': 1.0, 'inertia': 0.5, 'graze_move_prob': 0.05, 'collect_threshold_scale': 1.0, 'shepherd_speed': 1.5, 'shepherd_stop_multiple': 3.0, 'n_shepherds': 4, 'initial_spread': 30.0, 'shepherd_start_offset': 50.0, 'success_fraction': 1.0, 'sheep_model': 'strombom', 'dog_controller': 'collect_drive_multi', 'scenario_id': 'drive_to_goal', 'obs_mode': 'bearing_only', 'observation_frequency': 1, 'noise_sigma': 0.0, 'communication': 'none', 'stubborn_fraction': 0.0, 'stubborn_rs_scale': 0.25, 'stubborn_response_scale': 0.25, 'cohesion_scale': 1.0, 'initial_layout': 'compact', 'speed_scale': 1.0, 'failure_mode': 'none', 'failure_tick': -1, 'sensing_scale': 1.0, 'goal_mode': 'static', 'goal_velocity': [0.0, 0.0], 'latency': 0}",11.378094482936874,1.0,100.0,203.0,735.0000000000002,0.11113752012047406,6.141990013428928,5.3959964545491355,12.195365145314325,6.141990013428928,66.69040613313881,11.378094482936874,119.84119113895139,66.69040613313881,0.5701553174261622,0.0,0.6597671678127439,0.5701553174261622,0.9865196078431373,0.81,1.0,0.9865196078431373,0.0,0.0,0.0,0.0,12.746623652079297,8.10275679867069,43.76377952501448,12.746623652079297,7.064285799047384,6.1185721576932774,13.874102153024603,7.064285799047384,82.44422301495341,61.924737484227094,171.49131651823194,82.44422301495341,459.7181108355626,255.71540626614,1837.5065535664844,459.7181108355626,0.26320394981946593,0.0544215746093021,0.3910597388720622,0.26320394981946593,1.311186015112928,1.008968141658767,1.6026451606348513,1.311186015112928,0.053529964344995545,0.0,0.3666204206418001,0.053529964344995545,0.9979411764705883,0.92,1.0,0.9979411764705883,0.14756883898777481,203.0,none,No failure (scenario success),[]
strombom_multi,drive_to_goal,paper,2048,strombom,collect_drive_multi,bearing_only,100,3,compact,10000,True,5228,"{'world_width': 500.0, 'world_height': 500.0, 'goal_center': [370.0, 250.0], 'goal_radius': 21.213203435596427, 'max_ticks': 10000, 'measurement_radius': 5.0, 'n_sheep': 100, 'r_a': 2.0, 'r_s': 65.0, 'rs_weight': 1.0, 'n_neighbors': -1, 'c': 1.05, 'noise_strength': 0.3, 'sheep_speed': 1.0, 'inertia': 0.5, 'graze_move_prob': 0.05, 'collect_threshold_scale': 1.0, 'shepherd_speed': 1.5, 'shepherd_stop_multiple': 3.0, 'n_shepherds': 3, 'initial_spread': 30.0, 'shepherd_start_offset': 50.0, 'success_fraction': 1.0, 'sheep_model': 'strombom', 'dog_controller': 'collect_drive_multi', 'scenario_id': 'drive_to_goal', 'obs_mode': 'bearing_only', 'observation_frequency': 1, 'noise_sigma': 0.0, 'communication': 'none', 'stubborn_fraction': 0.0, 'stubborn_rs_scale': 0.25, 'stubborn_response_scale': 0.25, 'cohesion_scale': 1.0, 'initial_layout': 'compact', 'speed_scale': 1.0, 'failure_mode': 'none', 'failure_tick': -1, 'sensing_scale': 1.0, 'goal_mode': 'static', 'goal_velocity': [0.0, 0.0], 'latency': 0}",12.178179771166635,1.0,100.0,5228.0,11202.0,0.06534829709241788,5.894732735876541,5.282732900764163,11.439128519937665,5.894732735876541,103.5204317161105,9.273741687089183,185.84656144915726,103.5204317161105,0.5559554278102091,0.0,0.6826195216447247,0.5559554278102091,0.9958271179957927,0.82,1.0,0.9958271179957927,0.06272709887167718,0.0,1.0,0.06272709887167718,11.846390004616966,7.794940470529719,41.81297272099559,11.846390004616966,6.812705307451829,6.1407522267183605,13.140267653919642,6.812705307451829,78.04449199206775,62.782378387521824,165.06468317061936,78.04449199206775,375.8638523477321,279.3575032248487,1785.9135343477822,375.8638523477321,0.279967482274999,0.0559937522599716,0.35796425313664193,0.279967482274999,1.3552518493889512,1.0130147156299092,1.9036222728624619,1.3552518493889512,0.04430418726631867,-2.220446049250313e-16,0.966931085893999,0.04430418726631867,0.9999196787148594,0.9,1.0,0.9999196787148594,0.009730767498957758,5228.0,none,No failure (scenario success),[]
strombom_multi,drive_to_goal,paper,2028,strombom,collect_drive_multi,bearing_only,100,4,compact,10000,True,664,"{'world_width': 500.0, 'world_height': 500.0, 'goal_center': [370.0, 250.0], 'goal_radius': 21.213203435596427, 'max_ticks': 10000, 'measurement_radius': 5.0, 'n_sheep': 100, 'r_a': 2.0, 'r_s': 65.0, 'rs_weight': 1.0, 'n_neighbors': -1, 'c': 1.05, 'noise_strength': 0.3, 'sheep_speed': 1.0, 'inertia': 0.5, 'graze_move_prob': 0.05, 'collect_threshold_scale': 1.0, 'shepherd_speed': 1.5, 'shepherd_stop_multiple': 3.0, 'n_shepherds': 4, 'initial_spread': 30.0, 'shepherd_start_offset': 50.0, 'success_fraction': 1.0, 'sheep_model': 'strombom', 'dog_controller': 'collect_drive_multi', 'scenario_id': 'drive_to_goal', 'obs_mode': 'bearing_only', 'observation_frequency': 1, 'noise_sigma': 0.0, 'communication': 'none', 'stubborn_fraction': 0.0, 'stubborn_rs_scale': 0.25, 'stubborn_response_scale': 0.25, 'cohesion_scale': 1.0, 'initial_layout': 'compact', 'speed_scale': 1.0, 'failure_mode': 'none', 'failure_tick': -1, 'sensing_scale': 1.0, 'goal_mode': 'static', 'goal_velocity': [0.0, 0.0], 'latency': 0}",9.630681590122826,1.0,100.0,664.0,2030.9999999999998,0.19309395621820408,5.770614169250763,5.25904539640388,11.063974804786936,5.770614169250763,97.17168325098922,9.630681590122826,151.56358724295617,97.17168325098922,0.5651157133892001,0.0,0.686989874817979,0.5651157133892001,0.9947368421052631,0.85,1.0,0.9947368421052631,0.0,0.0,0.0,0.0,10.042396179568112,7.18380775910171,41.855293069901585,10.042396179568112,6.572083930035329,5.946827387569019,12.81666226249493,6.572083930035329,71.19148791296067,59.5652709202263,148.83797308977194,71.19148791296067,348.86020945171583,245.63686289182965,1581.7256784021338,348.86020945171583,0.30370383167780673,0.06322208797989576,0.4071050200801363,0.30370383167780673,1.3362015465784371,1.0197833370627234,1.5862976427968916,1.3362015465784371,0.054796359227137235,-2.220446049250313e-16,0.9505826252951193,0.054796359227137235,0.9998195488721805,0.96,1.0,0.9998195488721805,0.05498366680673311,664.0,none,No failure (scenario success),[]
strombom_multi,drive_to_goal,paper,2029,strombom,collect_drive_multi,bearing_only,100,4,compact,10000,True,463,"{'world_width': 500.0, 'world_height': 500.0, 'goal_center': [370.0, 250.0], 'goal_radius': 21.213203435596427, 'max_ticks': 10000, 'measurement_radius': 5.0, 'n_sheep': 100, 'r_a': 2.0, 'r_s': 65.0, 'rs_weight': 1.0, 'n_neighbors': -1, 'c': 1.05, 'noise_strength': 0.3, 'sheep_speed': 1.0, 'inertia': 0.5, 'graze_move_prob': 0.05, 'collect_threshold_scale': 1.0, 'shepherd_speed': 1.5, 'shepherd_stop_multiple': 3.0, 'n_shepherds': 4, 'initial_spread': 30.0, 'shepherd_start_offset': 50.0, 'success_fraction': 1.0, 'sheep_model': 'strombom', 'dog_controller': 'collect_drive_multi', 'scenario_id': 'drive_to_goal', 'obs_mode': 'bearing_only', 'observation_frequency': 1, 'noise_sigma': 0.0, 'communication': 'none', 'stubborn_fraction': 0.0, 'stubborn_rs_scale': 0.25, 'stubborn_response_scale': 0.25, 'cohesion_scale': 1.0, 'initial_layout': 'compact', 'speed_scale': 1.0, 'failure_mode': 'none', 'failure_tick': -1, 'sensing_scale': 1.0, 'goal_mode': 'static', 'goal_velocity': [0.0, 0.0], 'latency': 0}",8.455584787009245,1.0,100.0,463.0,1566.0,0.163695953220271,5.850148280414224,5.201662537262518,11.392425001976669,5.850148280414224,53.117009547673746,8.455584787009245,120.35620786445227,53.117009547673746,0.5679976177087289,0.0,0.6888968484372406,0.5679976177087289,0.9925862068965519,0.88,1.0,0.9925862068965519,0.0,0.0,0.0,0.0,11.614615498729343,7.428117803020346,35.735133035099594,11.614615498729343,6.760320291754624,6.000629196402373,12.865554028519826,6.760320291754624,79.74712680808331,61.2161526196608,140.40503822128485,79.74712680808331,400.73768669681874,261.0690721307765,1428.8272421586294,400.73768669681874,0.2681367970577514,0.06998746737843757,0.3830403930416826,0.2681367970577514,1.2961688102241626,1.0057213081900809,1.481565814548711,1.2961688102241626,0.07550518774166631,0.0,0.8838350271242743,0.07550518774166631,0.9996551724137932,0.94,1.0,0.9996551724137932,0.07145633657563412,463.0,none,No failure (scenario success),[]
strombom_multi,drive_to_goal,paper,2044,strombom,collect_drive_multi,bearing_only,100,3,compact,10000,False,10000,"{'world_width': 500.0, 'world_height': 500.0, 'goal_center': [370.0, 250.0], 'goal_radius': 21.213203435596427, 'max_ticks': 10000, 'measurement_radius': 5.0, 'n_sheep': 100, 'r_a': 2.0, 'r_s': 65.0, 'rs_weight': 1.0, 'n_neighbors': -1, 'c': 1.05, 'noise_strength': 0.3, 'sheep_speed': 1.0, 'inertia': 0.5, 'graze_move_prob': 0.05, 'collect_threshold_scale': 1.0, 'shepherd_speed': 1.5, 'shepherd_stop_multiple': 3.0, 'n_shepherds': 3, 'initial_spread': 30.0, 'shepherd_start_offset': 50.0, 'success_fraction': 1.0, 'sheep_model': 'strombom', 'dog_controller': 'collect_drive_multi', 'scenario_id': 'drive_to_goal', 'obs_mode': 'bearing_only', 'observation_frequency': 1, 'noise_sigma': 0.0, 'communication': 'none', 'stubborn_fraction': 0.0, 'stubborn_rs_scale': 0.25, 'stubborn_response_scale': 0.25, 'cohesion_scale': 1.0, 'initial_layout': 'compact', 'speed_scale': 1.0, 'failure_mode': 'none', 'failure_tick': -1, 'sensing_scale': 1.0, 'goal_mode': 'static', 'goal_velocity': [0.0, 0.0], 'latency': 0}",255.62255840649712,0.0,0.0,-1.0,20416.5,0.2342404025257531,5.8494971317314475,5.324759369853056,10.822605174199428,5.8494971317314475,162.6866709848432,49.448443469755546,325.420457260377,162.6866709848432,0.5589306361534716,0.0,0.6872180881411397,0.5589306361534716,0.998013198680132,0.88,1.0,0.998013198680132,0.0,0.0,0.0,0.0,10.077726509942499,7.753764001651698,28.65635179705466,10.077726509942499,6.654495057337649,6.091735600487597,12.074151504501794,6.654495057337649,71.073645722215,62.10042994724073,139.87096602322538,71.073645722215,336.95633815638007,271.723097469276,1279.684347864241,336.95633815638007,0.2989074092439343,0.07814427062962623,0.3680217137643483,0.2989074092439343,1.3428409673104496,1.0114098086412735,1.6070059835459376,1.3428409673104496,0.02730959934861344,-2.220446049250313e-16,0.9867784576782515,0.02730959934861344,0.9999180081991801,0.78,1.0,0.9999180081991801,-0.006550244828636953,-1.0,stuck,Little GCM-to-goal progress near the end of the run,['stuck']
strombom_multi,drive_to_goal,paper,2038,strombom,collect_drive_multi,bearing_only,100,3,compact,10000,False,10000,"{'world_width': 500.0, 'world_height': 500.0, 'goal_center': [370.0, 250.0], 'goal_radius': 21.213203435596427, 'max_ticks': 10000, 'measurement_radius': 5.0, 'n_sheep': 100, 'r_a': 2.0, 'r_s': 65.0, 'rs_weight': 1.0, 'n_neighbors': -1, 'c': 1.05, 'noise_strength': 0.3, 'sheep_speed': 1.0, 'inertia': 0.5, 'graze_move_prob': 0.05, 'collect_threshold_scale': 1.0, 'shepherd_speed': 1.5, 'shepherd_stop_multiple': 3.0, 'n_shepherds': 3, 'initial_spread': 30.0, 'shepherd_start_offset': 50.0, 'success_fraction': 1.0, 'sheep_model': 'strombom', 'dog_controller': 'collect_drive_multi', 'scenario_id': 'drive_to_goal', 'obs_mode': 'bearing_only', 'observation_frequency': 1, 'noise_sigma': 0.0, 'communication': 'none', 'stubborn_fraction': 0.0, 'stubborn_rs_scale': 0.25, 'stubborn_response_scale': 0.25, 'cohesion_scale': 1.0, 'initial_layout': 'compact', 'speed_scale': 1.0, 'failure_mode': 'none', 'failure_tick': -1, 'sensing_scale': 1.0, 'goal_mode': 'static', 'goal_velocity': [0.0, 0.0], 'latency': 0}",187.7171229916103,0.0,0.0,-1.0,20277.0,0.21980320266573425,5.849580095276548,5.3869573732519624,11.629844267931974,5.849580095276548,185.86614152846252,61.89944032046072,294.84167812985726,185.86614152846252,0.5598933672520198,0.0,0.6891842127328117,0.5598933672520198,0.9978332166783321,0.93,1.0,0.9978332166783321,0.0,0.0,0.0,0.0,10.154269387986702,7.556852356071862,44.10072867315319,10.154269387986702,6.659729067338183,6.078834337461879,13.392311464773487,6.659729067338183,71.35920112420642,61.43380914485412,162.03062739394565,71.35920112420642,339.1722240131801,260.63875127492145,1688.200901862521,339.1722240131801,0.2977922126675764,0.05923465618912666,0.3836728019561455,0.2977922126675764,1.338410600653886,1.0248086525930422,1.6019725144006123,1.338410600653886,0.02525139948106938,-2.220446049250313e-16,0.9773656280492071,0.02525139948106938,0.99996400359964,0.88,1.0,0.99996400359964,-0.0034101661797475407,-1.0,stuck,Little GCM-to-goal progress near the end of the run,['stuck']
strombom_multi,drive_to_goal,paper,2045,strombom,collect_drive_multi,bearing_only,100,3,compact,10000,False,10000,"{'world_width': 500.0, 'world_height': 500.0, 'goal_center': [370.0, 250.0], 'goal_radius': 21.213203435596427, 'max_ticks': 10000, 'measurement_radius': 5.0, 'n_sheep': 100, 'r_a': 2.0, 'r_s': 65.0, 'rs_weight': 1.0, 'n_neighbors': -1, 'c': 1.05, 'noise_strength': 0.3, 'sheep_speed': 1.0, 'inertia': 0.5, 'graze_move_prob': 0.05, 'collect_threshold_scale': 1.0, 'shepherd_speed': 1.5, 'shepherd_stop_multiple': 3.0, 'n_shepherds': 3, 'initial_spread': 30.0, 'shepherd_start_offset': 50.0, 'success_fraction': 1.0, 'sheep_model': 'strombom', 'dog_controller': 'collect_drive_multi', 'scenario_id': 'drive_to_goal', 'obs_mode': 'bearing_only', 'observation_frequency': 1, 'noise_sigma': 0.0, 'communication': 'none', 'stubborn_fraction': 0.0, 'stubborn_rs_scale': 0.25, 'stubborn_response_scale': 0.25, 'cohesion_scale': 1.0, 'initial_layout': 'compact', 'speed_scale': 1.0, 'failure_mode': 'none', 'failure_tick': -1, 'sensing_scale': 1.0, 'goal_mode': 'static', 'goal_velocity': [0.0, 0.0], 'latency': 0}",332.5598953025103,0.0,0.0,-1.0,20509.147757126208,0.12970999889195556,5.823423951888363,4.4563848646578395,10.327070232267417,5.823423951888363,158.04887676659393,29.65809274968851,406.80649472018894,158.04887676659393,0.5567270913804429,0.0,0.6779116463547451,0.5567270913804429,0.9976682331766824,0.86,1.0,0.9976682331766824,0.0,0.0,0.0,0.0,10.124087358306406,5.530046690147653,31.141320535313817,10.124087358306406,6.633756811703537,5.08642602817269,11.68949803647178,6.633756811703537,71.29221229597059,54.66189377994989,122.32621994826243,71.29221229597059,334.4530792020671,144.27475918805536,1104.5480022525269,334.4530792020671,0.3032978683450441,0.09053477059943796,0.6931219331973011,0.3032978683450441,1.3385664865028393,1.0057672155044217,4.38155679870797,1.3385664865028393,0.027873839202041402,-2.220446049250313e-16,0.9881053625892705,0.027873839202041402,0.99999400059994,0.98,1.0,0.99999400059994,-0.010387341745958,-1.0,stuck,Little GCM-to-goal progress near the end of the run,['stuck']
strombom_multi,drive_to_goal,paper,2031,strombom,collect_drive_multi,bearing_only,100,3,compact,10000,False,10000,"{'world_width': 500.0, 'world_height': 500.0, 'goal_center': [370.0, 250.0], 'goal_radius': 21.213203435596427, 'max_ticks': 10000, 'measurement_radius': 5.0, 'n_sheep': 100, 'r_a': 2.0, 'r_s': 65.0, 'rs_weight': 1.0, 'n_neighbors': -1, 'c': 1.05, 'noise_strength': 0.3, 'sheep_speed': 1.0, 'inertia': 0.5, 'graze_move_prob': 0.05, 'collect_threshold_scale': 1.0, 'shepherd_speed': 1.5, 'shepherd_stop_multiple': 3.0, 'n_shepherds': 3, 'initial_spread': 30.0, 'shepherd_start_offset': 50.0, 'success_fraction': 1.0, 'sheep_model': 'strombom', 'dog_controller': 'collect_drive_multi', 'scenario_id': 'drive_to_goal', 'obs_mode': 'bearing_only', 'observation_frequency': 1, 'noise_sigma': 0.0, 'communication': 'none', 'stubborn_fraction': 0.0, 'stubborn_rs_scale': 0.25, 'stubborn_response_scale': 0.25, 'cohesion_scale': 1.0, 'initial_layout': 'compact', 'speed_scale': 1.0, 'failure_mode': 'none', 'failure_tick': -1, 'sensing_scale': 1.0, 'goal_mode': 'static', 'goal_velocity': [0.0, 0.0], 'latency': 0}",442.0290898739438,0.0,0.0,-1.0,13165.204803345563,0.028180636015264052,4.955999317545818,3.0464192364187155,11.636854062900948,4.955999317545818,301.77880246266056,80.05564905975152,442.5245965902211,301.77880246266056,0.46573777847791614,0.0,0.6870348504811887,0.46573777847791614,0.9984561543845617,0.87,1.0,0.9984561543845617,0.0,0.0,0.0,0.0,7.998728060789687,3.0999034763825266,41.72174302963702,7.998728060789687,5.684797476163457,3.5706096668876137,13.309324382210065,5.684797476163457,62.03032126462697,38.985647750686965,156.1707519215855,62.03032126462697,248.40414783094803,72.37738250443294,1614.3413949961605,248.40414783094803,0.5489073521620047,0.06194476602654288,1.3816470911182128,0.5489073521620047,1.3455503897595733,1.0220275929381983,2.595914362542945,1.3455503897595733,0.020407338472913646,-2.220446049250313e-16,0.9793454829927695,0.020407338472913646,0.9999520047995201,0.9,1.0,0.9999520047995201,-0.02443311556149212,-1.0,stuck,Little GCM-to-goal progress near the end of the run,['stuck']
strombom_multi,drive_to_goal,paper,2040,strombom,collect_drive_multi,bearing_only,100,3,compact,10000,False,10000,"{'world_width': 500.0, 'world_height': 500.0, 'goal_center': [370.0, 250.0], 'goal_radius': 21.213203435596427, 'max_ticks': 10000, 'measurement_radius': 5.0, 'n_sheep': 100, 'r_a': 2.0, 'r_s': 65.0, 'rs_weight': 1.0, 'n_neighbors': -1, 'c': 1.05, 'noise_strength': 0.3, 'sheep_speed': 1.0, 'inertia': 0.5, 'graze_move_prob': 0.05, 'collect_threshold_scale': 1.0, 'shepherd_speed': 1.5, 'shepherd_stop_multiple': 3.0, 'n_shepherds': 3, 'initial_spread': 30.0, 'shepherd_start_offset': 50.0, 'success_fraction': 1.0, 'sheep_model': 'strombom', 'dog_controller': 'collect_drive_multi', 'scenario_id': 'drive_to_goal', 'obs_mode': 'bearing_only', 'observation_frequency': 1, 'noise_sigma': 0.0, 'communication': 'none', 'stubborn_fraction': 0.0, 'stubborn_rs_scale': 0.25, 'stubborn_response_scale': 0.25, 'cohesion_scale': 1.0, 'initial_layout': 'compact', 'speed_scale': 1.0, 'failure_mode': 'none', 'failure_tick': -1, 'sensing_scale': 1.0, 'goal_mode': 'static', 'goal_velocity': [0.0, 0.0], 'latency': 0}",374.1905669664857,0.0,0.0,-1.0,20107.64230354526,0.10633355738996449,5.765396677428002,3.5417961364777573,12.200156195870637,5.765396677428002,243.88959954988124,87.41535229984615,378.7807561607686,243.88959954988124,0.5435583779534273,0.0,0.689357226770367,0.5435583779534273,0.9974302569743027,0.78,1.0,0.9974302569743027,0.0,0.0,0.0,0.0,10.419491273420247,3.850435716469466,46.419409043090006,10.419491273420247,6.600851406007538,4.119727474358107,13.712729622188254,6.600851406007538,71.19200110479011,40.72842213286022,155.9586148256783,71.19200110479011,322.7999925019955,89.11882228193849,1684.2225793764444,322.7999925019955,0.32423431646732204,0.05937457508557055,1.1220974137611193,0.32423431646732204,1.4260751642175542,1.0068920557248786,4.037011887712621,1.4260751642175542,0.03265958873608542,-2.220446049250313e-16,0.8183708076494876,0.03265958873608542,0.99996400359964,0.9,1.0,0.99996400359964,-0.01264900115652637,-1.0,stuck,Little GCM-to-goal progress near the end of the run,['stuck']
strombom_multi,drive_to_goal,paper,2052,strombom,collect_drive_multi,bearing_only,100,3,compact,10000,False,10000,"{'world_width': 500.0, 'world_height': 500.0, 'goal_center': [370.0, 250.0], 'goal_radius': 21.213203435596427, 'max_ticks': 10000, 'measurement_radius': 5.0, 'n_sheep': 100, 'r_a': 2.0, 'r_s': 65.0, 'rs_weight': 1.0, 'n_neighbors': -1, 'c': 1.05, 'noise_strength': 0.3, 'sheep_speed': 1.0, 'inertia': 0.5, 'graze_move_prob': 0.05, 'collect_threshold_scale': 1.0, 'shepherd_speed': 1.5, 'shepherd_stop_multiple': 3.0, 'n_shepherds': 3, 'initial_spread': 30.0, 'shepherd_start_offset': 50.0, 'success_fraction': 1.0, 'sheep_model': 'strombom', 'dog_controller': 'collect_drive_multi', 'scenario_id': 'drive_to_goal', 'obs_mode': 'bearing_only', 'observation_frequency': 1, 'noise_sigma': 0.0, 'communication': 'none', 'stubborn_fraction': 0.0, 'stubborn_rs_scale': 0.25, 'stubborn_response_scale': 0.25, 'cohesion_scale': 1.0, 'initial_layout': 'compact', 'speed_scale': 1.0, 'failure_mode': 'none', 'failure_tick': -1, 'sensing_scale': 1.0, 'goal_mode': 'static', 'goal_velocity': [0.0, 0.0], 'latency': 0}",224.6537487105998,0.0,0.0,-1.0,20323.5,0.27656519021667386,5.854073642650619,5.340835522064761,11.164119660634844,5.854073642650619,165.3683607127873,85.2122157959156,284.24831724056736,165.3683607127873,0.5591575020773654,0.0,0.691405959021661,0.5591575020773654,0.9977182281771824,0.91,1.0,0.9977182281771824,0.0,0.0,0.0,0.0,10.157088645498323,7.7872368716470906,31.469513604037783,10.157088645498323,6.6642951718330545,6.095743623672726,12.494281948195793,6.6642951718330545,71.40511753315161,61.58833463001336,147.18387326577587,71.40511753315161,339.41404740610733,267.7403540182246,1460.3800083439146,339.41404740610733,0.29712408120325046,0.06847532794796403,0.3734961820256396,0.29712408120325046,1.3408620681361976,1.011342866489103,1.5910481376722,1.3408620681361976,0.025649511818600257,-2.220446049250313e-16,0.8991510385153216,0.025649511818600257,0.99998400159984,0.96,1.0,0.99998400159984,-0.005077290940335007,-1.0,stuck,Little GCM-to-goal progress near the end of the run,['stuck']
strombom_multi,drive_to_goal,paper,2055,strombom,collect_drive_multi,bearing_only,100,3,compact,10000,False,10000,"{'world_width': 500.0, 'world_height': 500.0, 'goal_center': [370.0, 250.0], 'goal_radius': 21.213203435596427, 'max_ticks': 10000, 'measurement_radius': 5.0, 'n_sheep': 100, 'r_a': 2.0, 'r_s': 65.0, 'rs_weight': 1.0, 'n_neighbors': -1, 'c': 1.05, 'noise_strength': 0.3, 'sheep_speed': 1.0, 'inertia': 0.5, 'graze_move_prob': 0.05, 'collect_threshold_scale': 1.0, 'shepherd_speed': 1.5, 'shepherd_stop_multiple': 3.0, 'n_shepherds': 3, 'initial_spread': 30.0, 'shepherd_start_offset': 50.0, 'success_fraction': 1.0, 'sheep_model': 'strombom', 'dog_controller': 'collect_drive_multi', 'scenario_id': 'drive_to_goal', 'obs_mode': 'bearing_only', 'observation_frequency': 1, 'noise_sigma': 0.0, 'communication': 'none', 'stubborn_fraction': 0.0, 'stubborn_rs_scale': 0.25, 'stubborn_response_scale': 0.25, 'cohesion_scale': 1.0, 'initial_layout': 'compact', 'speed_scale': 1.0, 'failure_mode': 'none', 'failure_tick': -1, 'sensing_scale': 1.0, 'goal_mode': 'static', 'goal_velocity': [0.0, 0.0], 'latency': 0}",115.06029691754354,0.0,0.0,-1.0,19828.755118213114,0.2344712004933192,5.800405721988579,3.2104218289581765,11.677187043409104,5.800405721988579,189.39928642067983,22.598178919132,277.67809235485964,189.39928642067983,0.5466429236408155,0.0,0.7093204093464254,0.5466429236408155,0.9974982501749825,0.83,1.0,0.9974982501749825,0.0,0.0,0.0,0.0,10.482245031350631,3.771446364065267,44.73666362141141,10.482245031350631,6.634120845278799,3.787867600780928,13.457093329102422,6.634120845278799,71.35078442815659,43.05080576147098,150.35584447232162,71.35078442815659,328.4598447358097,89.60510500700323,1565.638393336355,328.4598447358097,0.3172840510522501,0.06387170909043774,1.1160078434391025,0.3172840510522501,1.4115844533990969,1.0070377019223826,5.150270757581496,1.4115844533990969,0.02918399305430131,-2.220446049250313e-16,0.8734118672736217,0.02918399305430131,0.99992400759924,0.86,1.0,0.99992400759924,0.0002339132920022784,-1.0,stuck,Little GCM-to-goal progress near the end of the run,['stuck']
strombom_multi,drive_to_goal,paper,2042,strombom,collect_drive_multi,bearing_only,100,3,compact,10000,False,10000,"{'world_width': 500.0, 'world_height': 500.0, 'goal_center': [370.0, 250.0], 'goal_radius': 21.213203435596427, 'max_ticks': 10000, 'measurement_radius': 5.0, 'n_sheep': 100, 'r_a': 2.0, 'r_s': 65.0, 'rs_weight': 1.0, 'n_neighbors': -1, 'c': 1.05, 'noise_strength': 0.3, 'sheep_speed': 1.0, 'inertia': 0.5, 'graze_move_prob': 0.05, 'collect_threshold_scale': 1.0, 'shepherd_speed': 1.5, 'shepherd_stop_multiple': 3.0, 'n_shepherds': 3, 'initial_spread': 30.0, 'shepherd_start_offset': 50.0, 'success_fraction': 1.0, 'sheep_model': 'strombom', 'dog_controller': 'collect_drive_multi', 'scenario_id': 'drive_to_goal', 'obs_mode': 'bearing_only', 'observation_frequency': 1, 'noise_sigma': 0.0, 'communication': 'none', 'stubborn_fraction': 0.0, 'stubborn_rs_scale': 0.25, 'stubborn_response_scale': 0.25, 'cohesion_scale': 1.0, 'initial_layout': 'compact', 'speed_scale': 1.0, 'failure_mode': 'none', 'failure_tick': -1, 'sensing_scale': 1.0, 'goal_mode': 'static', 'goal_velocity': [0.0, 0.0], 'latency': 0}",190.062644412741,0.0,0.0,-1.0,20305.892013455523,0.13056227334591894,5.815105504207794,4.513944726760604,10.655442457120753,5.815105504207794,110.41609189336228,11.534220756654104,226.6070303046786,110.41609189336228,0.5547158717283632,0.0,0.6892133999659875,0.5547158717283632,0.9974502549745026,0.85,1.0,0.9974502549745026,0.0,0.0,0.0,0.0,10.187663072059049,5.939803116428183,37.96711659495715,10.187663072059049,6.630475859678885,5.199059294814782,12.30875991121643,6.630475859678885,71.34532884751201,55.05706454096409,139.02173833720894,71.34532884751201,333.773692317086,150.33298864126866,1436.0635607509732,333.773692317086,0.3055014781673483,0.06963480080763704,0.6651899952486443,0.3055014781673483,1.3589395925318195,1.0133627950448039,3.948012986673136,1.3589395925318195,0.028305666221610525,-2.220446049250313e-16,0.8606464028231892,0.028305666221610525,0.99999200079992,0.96,1.0,0.99999200079992,-0.0034798680146575973,-1.0,stuck,Little GCM-to-goal progress near the end of the run,['stuck']
strombom_multi,drive_to_goal,paper,2039,strombom,collect_drive_multi,bearing_only,100,3,compact,10000,False,10000,"{'world_width': 500.0, 'world_height': 500.0, 'goal_center': [370.0, 250.0], 'goal_radius': 21.213203435596427, 'max_ticks': 10000, 'measurement_radius': 5.0, 'n_sheep': 100, 'r_a': 2.0, 'r_s': 65.0, 'rs_weight': 1.0, 'n_neighbors': -1, 'c': 1.05, 'noise_strength': 0.3, 'sheep_speed': 1.0, 'inertia': 0.5, 'graze_move_prob': 0.05, 'collect_threshold_scale': 1.0, 'shepherd_speed': 1.5, 'shepherd_stop_multiple': 3.0, 'n_shepherds': 3, 'initial_spread': 30.0, 'shepherd_start_offset': 50.0, 'success_fraction': 1.0, 'sheep_model': 'strombom', 'dog_controller': 'collect_drive_multi', 'scenario_id': 'drive_to_goal', 'obs_mode': 'bearing_only', 'observation_frequency': 1, 'noise_sigma': 0.0, 'communication': 'none', 'stubborn_fraction': 0.0, 'stubborn_rs_scale': 0.25, 'stubborn_response_scale': 0.25, 'cohesion_scale': 1.0, 'initial_layout': 'compact', 'speed_scale': 1.0, 'failure_mode': 'none', 'failure_tick': -1, 'sensing_scale': 1.0, 'goal_mode': 'static', 'goal_velocity': [0.0, 0.0], 'latency': 0}",86.09431382936795,0.0,0.0,-1.0,20448.0,0.18281352547805868,5.852403373694074,5.416946380853505,9.926274053601196,5.852403373694074,159.7627869799051,13.908275582793966,340.53727613555725,159.7627869799051,0.5588861300302923,0.0,0.6800953887127881,0.5588861300302923,0.9980651934806519,0.91,1.0,0.9980651934806519,0.0,0.0,0.0,0.0,10.095561479641155,7.4781718485801045,27.94060826575212,10.095561479641155,6.658473699677249,6.104104186120965,11.245955933265451,6.658473699677249,71.02373504437459,60.6623126173492,131.079118382625,71.02373504437459,336.287756043882,258.5994492475668,1122.3902377862128,336.287756043882,0.2993721157068719,0.08909557178369498,0.38669842604446664,0.2993721157068719,1.3482317589489505,1.05796722409279,1.6700185999108732,1.3482317589489505,0.028865256561247603,-2.220446049250313e-16,0.8534004506617934,0.028865256561247603,0.99999200079992,0.96,1.0,0.99999200079992,0.0016091614105123596,-1.0,stuck,Little GCM-to-goal progress near the end of the run,['stuck']
strombom_multi,drive_to_goal,paper,2050,strombom,collect_drive_multi,bearing_only,100,3,compact,10000,False,10000,"{'world_width': 500.0, 'world_height': 500.0, 'goal_center': [370.0, 250.0], 'goal_radius': 21.213203435596427, 'max_ticks': 10000, 'measurement_radius': 5.0, 'n_sheep': 100, 'r_a': 2.0, 'r_s': 65.0, 'rs_weight': 1.0, 'n_neighbors': -1, 'c': 1.05, 'noise_strength': 0.3, 'sheep_speed': 1.0, 'inertia': 0.5, 'graze_move_prob': 0.05, 'collect_threshold_scale': 1.0, 'shepherd_speed': 1.5, 'shepherd_stop_multiple': 3.0, 'n_shepherds': 3, 'initial_spread': 30.0, 'shepherd_start_offset': 50.0, 'success_fraction': 1.0, 'sheep_model': 'strombom', 'dog_controller': 'collect_drive_multi', 'scenario_id': 'drive_to_goal', 'obs_mode': 'bearing_only', 'observation_frequency': 1, 'noise_sigma': 0.0, 'communication': 'none', 'stubborn_fraction': 0.0, 'stubborn_rs_scale': 0.25, 'stubborn_response_scale': 0.25, 'cohesion_scale': 1.0, 'initial_layout': 'compact', 'speed_scale': 1.0, 'failure_mode': 'none', 'failure_tick': -1, 'sensing_scale': 1.0, 'goal_mode': 'static', 'goal_velocity': [0.0, 0.0], 'latency': 0}",122.87303622668115,0.0,0.0,-1.0,19996.849385376936,0.10676451608167654,5.793866502596886,3.933467479586003,10.869329507510793,5.793866502596886,213.78453309471877,55.55509744166742,427.2457119902234,213.78453309471877,0.5508450252201701,0.0,0.6927453512211372,0.5508450252201701,0.9973612638736127,0.8,1.0,0.9973612638736127,0.0,0.0,0.0,0.0,10.463367925542356,4.4715757000481355,41.51402538749433,10.463367925542356,6.630112181464453,4.5724776797098645,12.467715037518122,6.630112181464453,71.61626970784732,46.04931862085675,146.86868893840787,71.61626970784732,328.5694236886419,112.11866915526765,1520.304642471362,328.5694236886419,0.31417046342965016,0.06577629062386008,0.8919121209110581,0.31417046342965016,1.414543016766566,1.012155729769061,4.953785234256775,1.414543016766566,0.028317855864561123,-2.220446049250313e-16,0.9759940383036041,0.028317855864561123,0.9999720027997201,0.94,1.0,0.9999720027997201,-0.00013691110351695318,-1.0,stuck,Little GCM-to-goal progress near the end of the run,['stuck']
strombom_multi,drive_to_goal,paper,2054,strombom,collect_drive_multi,bearing_only,100,3,compact,10000,True,8140,"{'world_width': 500.0, 'world_height': 500.0, 'goal_center': [370.0, 250.0], 'goal_radius': 21.213203435596427, 'max_ticks': 10000, 'measurement_radius': 5.0, 'n_sheep': 100, 'r_a': 2.0, 'r_s': 65.0, 'rs_weight': 1.0, 'n_neighbors': -1, 'c': 1.05, 'noise_strength': 0.3, 'sheep_speed': 1.0, 'inertia': 0.5, 'graze_move_prob': 0.05, 'collect_threshold_scale': 1.0, 'shepherd_speed': 1.5, 'shepherd_stop_multiple': 3.0, 'n_shepherds': 3, 'initial_spread': 30.0, 'shepherd_start_offset': 50.0, 'success_fraction': 1.0, 'sheep_model': 'strombom', 'dog_controller': 'collect_drive_multi', 'scenario_id': 'drive_to_goal', 'obs_mode': 'bearing_only', 'observation_frequency': 1, 'noise_sigma': 0.0, 'communication': 'none', 'stubborn_fraction': 0.0, 'stubborn_rs_scale': 0.25, 'stubborn_response_scale': 0.25, 'cohesion_scale': 1.0, 'initial_layout': 'compact', 'speed_scale': 1.0, 'failure_mode': 'none', 'failure_tick': -1, 'sensing_scale': 1.0, 'goal_mode': 'static', 'goal_velocity': [0.0, 0.0], 'latency': 0}",11.80198952199967,1.0,100.0,8140.0,16570.5,0.10330582278901805,5.857711273407423,5.397129420346053,11.042026068493128,5.857711273407423,106.85110277279557,10.446073261566925,202.9939242457059,106.85110277279557,0.5583054527023051,0.0,0.7000836185334212,0.5583054527023051,0.9975973467632968,0.8,1.0,0.9975973467632968,0.0,0.0,0.0,0.0,10.201014847477067,7.467849752838102,36.28756498933194,10.201014847477067,6.670556709542036,6.1183982123890965,12.578310883684416,6.670556709542036,71.74388871678282,61.82055428039891,142.51613764851032,71.74388871678282,341.92097543623674,268.71632096486036,1432.7065954886323,341.92097543623674,0.295480590972663,0.06979796164468306,0.37213965880798455,0.295480590972663,1.3369168485970355,1.0129670282785173,1.6172999887227342,1.3369168485970355,0.025110333652853187,-2.220446049250313e-16,0.9265042463318931,0.025110333652853187,0.9999262989804691,0.78,1.0,0.9999262989804691,0.006551555952850843,8140.0,none,No failure (scenario success),[]
strombom_multi,drive_to_goal,paper,2051,strombom,collect_drive_multi,bearing_only,100,3,compact,10000,False,10000,"{'world_width': 500.0, 'world_height': 500.0, 'goal_center': [370.0, 250.0], 'goal_radius': 21.213203435596427, 'max_ticks': 10000, 'measurement_radius': 5.0, 'n_sheep': 100, 'r_a': 2.0, 'r_s': 65.0, 'rs_weight': 1.0, 'n_neighbors': -1, 'c': 1.05, 'noise_strength': 0.3, 'sheep_speed': 1.0, 'inertia': 0.5, 'graze_move_prob': 0.05, 'collect_threshold_scale': 1.0, 'shepherd_speed': 1.5, 'shepherd_stop_multiple': 3.0, 'n_shepherds': 3, 'initial_spread': 30.0, 'shepherd_start_offset': 50.0, 'success_fraction': 1.0, 'sheep_model': 'strombom', 'dog_controller': 'collect_drive_multi', 'scenario_id': 'drive_to_goal', 'obs_mode': 'bearing_only', 'observation_frequency': 1, 'noise_sigma': 0.0, 'communication': 'none', 'stubborn_fraction': 0.0, 'stubborn_rs_scale': 0.25, 'stubborn_response_scale': 0.25, 'cohesion_scale': 1.0, 'initial_layout': 'compact', 'speed_scale': 1.0, 'failure_mode': 'none', 'failure_tick': -1, 'sensing_scale': 1.0, 'goal_mode': 'static', 'goal_velocity': [0.0, 0.0], 'latency': 0}",412.7808678733963,0.0,0.0,-1.0,20459.991194109745,0.11843467628773995,5.762177466189622,4.172083920846348,12.005572641466365,5.762177466189622,255.78928479076356,34.33105161286491,440.1205394728397,255.78928479076356,0.5469907949968852,0.0,0.6897878907352453,0.5469907949968852,0.9978042195780423,0.93,1.0,0.9978042195780423,0.0,0.0,0.0,0.0,10.417266814619353,4.760948539715783,38.269607722375746,10.417266814619353,6.598568512909513,4.774144143458742,13.33313275435283,6.598568512909513,71.27754335931044,46.55074530583068,137.01459571432477,71.27754335931044,322.29997756789453,118.25568932740576,1376.502699056911,322.29997756789453,0.322640035072677,0.07264787789265753,0.8456252766252743,0.322640035072677,1.4328829844509445,1.002335359827575,4.364824992493936,1.4328829844509445,0.03413633355330375,-2.220446049250313e-16,0.9801564438174754,0.03413633355330375,0.99996200379962,0.9,1.0,0.99996200379962,-0.014310371331805934,-1.0,stuck,Little GCM-to-goal progress near the end of the run,['stuck']
strombom_multi,drive_to_goal,paper,2043,strombom,collect_drive_multi,bearing_only,100,3,compact,10000,False,10000,"{'world_width': 500.0, 'world_height': 500.0, 'goal_center': [370.0, 250.0], 'goal_radius': 21.213203435596427, 'max_ticks': 10000, 'measurement_radius': 5.0, 'n_sheep': 100, 'r_a': 2.0, 'r_s': 65.0, 'rs_weight': 1.0, 'n_neighbors': -1, 'c': 1.05, 'noise_strength': 0.3, 'sheep_speed': 1.0, 'inertia': 0.5, 'graze_move_prob': 0.05, 'collect_threshold_scale': 1.0, 'shepherd_speed': 1.5, 'shepherd_stop_multiple': 3.0, 'n_shepherds': 3, 'initial_spread': 30.0, 'shepherd_start_offset': 50.0, 'success_fraction': 1.0, 'sheep_model': 'strombom', 'dog_controller': 'collect_drive_multi', 'scenario_id': 'drive_to_goal', 'obs_mode': 'bearing_only', 'observation_frequency': 1, 'noise_sigma': 0.0, 'communication': 'none', 'stubborn_fraction': 0.0, 'stubborn_rs_scale': 0.25, 'stubborn_response_scale': 0.25, 'cohesion_scale': 1.0, 'initial_layout': 'compact', 'speed_scale': 1.0, 'failure_mode': 'none', 'failure_tick': -1, 'sensing_scale': 1.0, 'goal_mode': 'static', 'goal_velocity': [0.0, 0.0], 'latency': 0}",127.72012293819337,0.0,0.0,-1.0,21049.216879514774,0.29796725779521616,5.739456374483668,4.127703193634859,11.16758343516255,5.739456374483668,208.36606841870153,80.51284835609324,416.0673559812235,208.36606841870153,0.5511229191827346,0.0,0.7077992750149583,0.5511229191827346,0.9976742325767423,0.94,1.0,0.9976742325767423,0.0,0.0,0.0,0.0,9.924773158857624,5.825425053826483,35.023827547639364,9.924773158857624,6.545919779794302,5.089036082648415,12.638779503138599,6.545919779794302,70.34038754038883,55.579378021818655,138.15040472898895,70.34038754038883,321.1457041290563,137.1864404475083,1220.295665650994,321.1457041290563,0.3211101122975253,0.08194735326430318,0.7289350148148428,0.3211101122975253,1.370521284783158,1.0045766245123031,4.226562774646435,1.370521284783158,0.03880610503265659,-2.220446049250313e-16,0.9065736964247801,0.03880610503265659,0.99999600039996,0.98,1.0,0.99999600039996,-0.0003612750680057979,-1.0,stuck,Little GCM-to-goal progress near the end of the run,['stuck']
strombom_multi,drive_to_goal,paper,2027,strombom,collect_drive_multi,bearing_only,100,4,compact,10000,False,10000,"{'world_width': 500.0, 'world_height': 500.0, 'goal_center': [370.0, 250.0], 'goal_radius': 21.213203435596427, 'max_ticks': 10000, 'measurement_radius': 5.0, 'n_sheep': 100, 'r_a': 2.0, 'r_s': 65.0, 'rs_weight': 1.0, 'n_neighbors': -1, 'c': 1.05, 'noise_strength': 0.3, 'sheep_speed': 1.0, 'inertia': 0.5, 'graze_move_prob': 0.05, 'collect_threshold_scale': 1.0, 'shepherd_speed': 1.5, 'shepherd_stop_multiple': 3.0, 'n_shepherds': 4, 'initial_spread': 30.0, 'shepherd_start_offset': 50.0, 'success_fraction': 1.0, 'sheep_model': 'strombom', 'dog_controller': 'collect_drive_multi', 'scenario_id': 'drive_to_goal', 'obs_mode': 'bearing_only', 'observation_frequency': 1, 'noise_sigma': 0.0, 'communication': 'none', 'stubborn_fraction': 0.0, 'stubborn_rs_scale': 0.25, 'stubborn_response_scale': 0.25, 'cohesion_scale': 1.0, 'initial_layout': 'compact', 'speed_scale': 1.0, 'failure_mode': 'none', 'failure_tick': -1, 'sensing_scale': 1.0, 'goal_mode': 'static', 'goal_velocity': [0.0, 0.0], 'latency': 0}",277.3723713144163,0.0,0.0,-1.0,3535.4999999999995,0.04713304505996497,3.652777156809871,2.885028761798085,11.974873727693602,3.652777156809871,257.6281098859312,10.459289114799391,278.10420983087,257.6281098859312,0.34923364523608136,0.0,0.6801638168090357,0.34923364523608136,0.9995240475952405,0.89,1.0,0.9995240475952405,0.0,0.0,0.0,0.0,4.888656403667408,2.583498017984494,33.83655619292399,4.888656403667408,4.2517794211997435,3.391939857584219,13.3129319455607,4.2517794211997435,48.19228061234713,35.29184780906642,142.28448549385237,48.19228061234713,123.220396845926,65.25023621099851,1373.0116771679652,123.220396845926,0.9585595952615246,0.0728325925138994,1.5325615017949024,0.9585595952615246,1.3847744340227484,1.0151165689650945,4.217424266756962,1.3847744340227484,0.00817421285097461,0.0,0.6870901881111878,0.00817421285097461,0.9999880011998801,0.9,1.0,0.9999880011998801,-0.044877977363556296,-1.0,oscillation,GCM-to-goal distance oscillated without settling,"['stuck', 'oscillation']"
strombom_multi,drive_to_goal,paper,2041,strombom,collect_drive_multi,bearing_only,100,4,compact,10000,True,3289,"{'world_width': 500.0, 'world_height': 500.0, 'goal_center': [370.0, 250.0], 'goal_radius': 21.213203435596427, 'max_ticks': 10000, 'measurement_radius': 5.0, 'n_sheep': 100, 'r_a': 2.0, 'r_s': 65.0, 'rs_weight': 1.0, 'n_neighbors': -1, 'c': 1.05, 'noise_strength': 0.3, 'sheep_speed': 1.0, 'inertia': 0.5, 'graze_move_prob': 0.05, 'collect_threshold_scale': 1.0, 'shepherd_speed': 1.5, 'shepherd_stop_multiple': 3.0, 'n_shepherds': 4, 'initial_spread': 30.0, 'shepherd_start_offset': 50.0, 'success_fraction': 1.0, 'sheep_model': 'strombom', 'dog_controller': 'collect_drive_multi', 'scenario_id': 'drive_to_goal', 'obs_mode': 'bearing_only', 'observation_frequency': 1, 'noise_sigma': 0.0, 'communication': 'none', 'stubborn_fraction': 0.0, 'stubborn_rs_scale': 0.25, 'stubborn_response_scale': 0.25, 'cohesion_scale': 1.0, 'initial_layout': 'compact', 'speed_scale': 1.0, 'failure_mode': 'none', 'failure_tick': -1, 'sensing_scale': 1.0, 'goal_mode': 'static', 'goal_velocity': [0.0, 0.0], 'latency': 0}",11.110851028899676,1.0,100.0,3289.0,9377.321464444754,0.3658049468995974,5.6012896884326775,4.684868502860331,13.012791645232644,5.6012896884326775,257.01567072324457,11.110851028899676,436.39473135320924,257.01567072324457,0.566118545541704,0.0,0.6948740041427629,0.566118545541704,0.9963465045592705,0.76,1.0,0.9963465045592705,0.024012158054711245,0.0,1.0,0.024012158054711245,10.302311895970897,5.622740009303738,40.36119074468163,10.302311895970897,6.446637442682799,5.516837939571124,14.480812723977827,6.446637442682799,72.74029178809704,55.07289382299107,152.5684030953116,72.74029178809704,336.3166744860308,146.78510818313526,1587.9418502671692,336.3166744860308,0.3190936374424175,0.06297459820910642,0.6812680198813887,0.3190936374424175,1.36451691218767,1.009047481045165,3.8066133482765716,1.36451691218767,0.04795539920476075,-2.220446049250313e-16,0.984595130100888,0.04795539920476075,0.9997933130699087,0.8,1.0,0.9997933130699087,0.011436575997719148,3289.0,none,No failure (scenario success),[]
strombom_multi,drive_to_goal,paper,2046,strombom,collect_drive_multi,bearing_only,100,3,compact,10000,False,10000,"{'world_width': 500.0, 'world_height': 500.0, 'goal_center': [370.0, 250.0], 'goal_radius': 21.213203435596427, 'max_ticks': 10000, 'measurement_radius': 5.0, 'n_sheep': 100, 'r_a': 2.0, 'r_s': 65.0, 'rs_weight': 1.0, 'n_neighbors': -1, 'c': 1.05, 'noise_strength': 0.3, 'sheep_speed': 1.0, 'inertia': 0.5, 'graze_move_prob': 0.05, 'collect_threshold_scale': 1.0, 'shepherd_speed': 1.5, 'shepherd_stop_multiple': 3.0, 'n_shepherds': 3, 'initial_spread': 30.0, 'shepherd_start_offset': 50.0, 'success_fraction': 1.0, 'sheep_model': 'strombom', 'dog_controller': 'collect_drive_multi', 'scenario_id': 'drive_to_goal', 'obs_mode': 'bearing_only', 'observation_frequency': 1, 'noise_sigma': 0.0, 'communication': 'none', 'stubborn_fraction': 0.0, 'stubborn_rs_scale': 0.25, 'stubborn_response_scale': 0.25, 'cohesion_scale': 1.0, 'initial_layout': 'compact', 'speed_scale': 1.0, 'failure_mode': 'none', 'failure_tick': -1, 'sensing_scale': 1.0, 'goal_mode': 'static', 'goal_velocity': [0.0, 0.0], 'latency': 0}",323.2411927233783,0.0,0.0,-1.0,20556.0,0.18119640259005843,5.851167748559758,5.2593533390468545,11.322266079408069,5.851167748559758,199.31583219796497,69.54341634223687,335.6824545671631,199.31583219796497,0.557882614028874,0.0,0.6863675087530321,0.557882614028874,0.9978502149785021,0.83,1.0,0.9978502149785021,0.0,0.0,0.0,0.0,10.114169771351392,7.592683253648272,36.65158963844045,10.114169771351392,6.658467383116053,6.066339995615015,12.83920943093285,6.658467383116053,71.33661669861782,62.0640778973074,139.81489643279158,71.33661669861782,338.9196312572353,272.5218695009624,1426.4106877727747,338.9196312572353,0.29779768851680355,0.07010603668158287,0.3669430280333772,0.29779768851680355,1.3357164367923633,1.0225247025787683,1.6163370146523652,1.3357164367923633,0.025202443546216403,-2.220446049250313e-16,0.9897869065269023,0.025202443546216403,0.9999500049995,0.82,1.0,0.9999500049995,-0.009984177276709248,-1.0,stuck,Little GCM-to-goal progress near the end of the run,['stuck']
strombom_multi,drive_to_goal,paper,2045,strombom,collect_drive_multi,bearing_only,100,4,compact,10000,True,222,"{'world_width': 500.0, 'world_height': 500.0, 'goal_center': [370.0, 250.0], 'goal_radius': 21.213203435596427, 'max_ticks': 10000, 'measurement_radius': 5.0, 'n_sheep': 100, 'r_a': 2.0, 'r_s': 65.0, 'rs_weight': 1.0, 'n_neighbors': -1, 'c': 1.05, 'noise_strength': 0.3, 'sheep_speed': 1.0, 'inertia': 0.5, 'graze_move_prob': 0.05, 'collect_threshold_scale': 1.0, 'shepherd_speed': 1.5, 'shepherd_stop_multiple': 3.0, 'n_shepherds': 4, 'initial_spread': 30.0, 'shepherd_start_offset': 50.0, 'success_fraction': 1.0, 'sheep_model': 'strombom', 'dog_controller': 'collect_drive_multi', 'scenario_id': 'drive_to_goal', 'obs_mode': 'bearing_only', 'observation_frequency': 1, 'noise_sigma': 0.0, 'communication': 'none', 'stubborn_fraction': 0.0, 'stubborn_rs_scale': 0.25, 'stubborn_response_scale': 0.25, 'cohesion_scale': 1.0, 'initial_layout': 'compact', 'speed_scale': 1.0, 'failure_mode': 'none', 'failure_tick': -1, 'sensing_scale': 1.0, 'goal_mode': 'static', 'goal_velocity': [0.0, 0.0], 'latency': 0}",11.278453922245646,1.0,100.0,222.0,784.4999999999999,0.21165481665199845,6.139741167691762,5.55588553393771,10.327070232267417,6.139741167691762,65.00450405348,11.278453922245646,119.52436863089238,65.00450405348,0.5653023255799017,0.0,0.6597691421813174,0.5653023255799017,0.9895964125560538,0.86,1.0,0.9895964125560538,0.0,0.0,0.0,0.0,11.836414521355318,8.77936825004274,29.995984762493748,11.836414521355318,7.02926916188629,6.32471753837931,11.68949803647178,7.02926916188629,78.52092021932759,66.14775447003699,122.32621994826243,78.52092021932759,404.9014018687115,303.88818651221266,1104.5480022525269,404.9014018687115,0.25813551786140193,0.09053477059943796,0.3290684022558448,0.25813551786140193,1.2640227693236488,1.0553782651343164,1.4274592720528003,1.2640227693236488,0.06358775881313619,0.0,0.48663121759599137,0.06358775881313619,0.9998206278026907,0.98,1.0,0.9998206278026907,0.13798077082045476,222.0,none,No failure (scenario success),[]
strombom_multi,drive_to_goal,paper,2049,strombom,collect_drive_multi,bearing_only,100,3,compact,10000,False,10000,"{'world_width': 500.0, 'world_height': 500.0, 'goal_center': [370.0, 250.0], 'goal_radius': 21.213203435596427, 'max_ticks': 10000, 'measurement_radius': 5.0, 'n_sheep': 100, 'r_a': 2.0, 'r_s': 65.0, 'rs_weight': 1.0, 'n_neighbors': -1, 'c': 1.05, 'noise_strength': 0.3, 'sheep_speed': 1.0, 'inertia': 0.5, 'graze_move_prob': 0.05, 'collect_threshold_scale': 1.0, 'shepherd_speed': 1.5, 'shepherd_stop_multiple': 3.0, 'n_shepherds': 3, 'initial_spread': 30.0, 'shepherd_start_offset': 50.0, 'success_fraction': 1.0, 'sheep_model': 'strombom', 'dog_controller': 'collect_drive_multi', 'scenario_id': 'drive_to_goal', 'obs_mode': 'bearing_only', 'observation_frequency': 1, 'noise_sigma': 0.0, 'communication': 'none', 'stubborn_fraction': 0.0, 'stubborn_rs_scale': 0.25, 'stubborn_response_scale': 0.25, 'cohesion_scale': 1.0, 'initial_layout': 'compact', 'speed_scale': 1.0, 'failure_mode': 'none', 'failure_tick': -1, 'sensing_scale': 1.0, 'goal_mode': 'static', 'goal_velocity': [0.0, 0.0], 'latency': 0}",247.01964767085698,0.0,0.0,-1.0,20406.346714868007,0.2593044278239723,5.8276762678737,4.340973508653552,10.566037679394258,5.8276762678737,123.6916718795197,13.381026711850565,251.72330047441463,123.6916718795197,0.5557837384752461,0.0,0.6997887502249921,0.5557837384752461,0.9975102489751025,0.92,1.0,0.9975102489751025,0.0013998600139986002,0.0,1.0,0.0013998600139986002,10.371222123145325,4.916645822032968,38.571096444643345,10.371222123145325,6.654639724920208,4.9404740359665915,12.143749056984369,6.654639724920208,71.91279680526439,51.767525468712975,150.32863191972268,71.91279680526439,336.299404672363,151.099843946633,1509.9657896092385,336.299404672363,0.30307350273164035,0.06622666598683592,0.6618140521397166,0.30307350273164035,1.3729312791069392,1.010342910579565,5.35593804461406,1.3729312791069392,0.027902227170008904,-2.220446049250313e-16,0.9181754659990571,0.027902227170008904,0.9999880011998801,0.98,1.0,0.9999880011998801,-0.006206931707607771,-1.0,stuck,Little GCM-to-goal progress near the end of the run,['stuck']
strombom_multi,drive_to_goal,paper,2053,strombom,collect_drive_multi,bearing_only,100,3,compact,10000,False,10000,"{'world_width': 500.0, 'world_height': 500.0, 'goal_center': [370.0, 250.0], 'goal_radius': 21.213203435596427, 'max_ticks': 10000, 'measurement_radius': 5.0, 'n_sheep': 100, 'r_a': 2.0, 'r_s': 65.0, 'rs_weight': 1.0, 'n_neighbors': -1, 'c': 1.05, 'noise_strength': 0.3, 'sheep_speed': 1.0, 'inertia': 0.5, 'graze_move_prob': 0.05, 'collect_threshold_scale': 1.0, 'shepherd_speed': 1.5, 'shepherd_stop_multiple': 3.0, 'n_shepherds': 3, 'initial_spread': 30.0, 'shepherd_start_offset': 50.0, 'success_fraction': 1.0, 'sheep_model': 'strombom', 'dog_controller': 'collect_drive_multi', 'scenario_id': 'drive_to_goal', 'obs_mode': 'bearing_only', 'observation_frequency': 1, 'noise_sigma': 0.0, 'communication': 'none', 'stubborn_fraction': 0.0, 'stubborn_rs_scale': 0.25, 'stubborn_response_scale': 0.25, 'cohesion_scale': 1.0, 'initial_layout': 'compact', 'speed_scale': 1.0, 'failure_mode': 'none', 'failure_tick': -1, 'sensing_scale': 1.0, 'goal_mode': 'static', 'goal_velocity': [0.0, 0.0], 'latency': 0}",292.18052329127426,0.0,0.0,-1.0,20569.45858895868,0.1691398053090209,5.814707943378031,4.552017029929032,11.575628076846721,5.814707943378031,169.35044198110234,56.16940189311483,319.3090898737899,169.35044198110234,0.5549971166927194,0.0,0.6952239159276012,0.5549971166927194,0.9975762423757626,0.87,1.0,0.9975762423757626,0.0,0.0,0.0,0.0,10.131242313207132,6.323747788481601,34.987816505175104,10.131242313207132,6.627432616577073,5.4074444758787035,12.999345440392652,6.627432616577073,71.28047398630831,57.336702586677674,150.68759928306147,71.28047398630831,334.1565938714183,150.81791620227634,1649.543104831216,334.1565938714183,0.30485649314556246,0.06062284744613095,0.66305119788209,0.30485649314556246,1.3551257719849694,1.0093181456244051,3.9767194364652796,1.3551257719849694,0.027081999893539283,-2.220446049250313e-16,0.9671230731422493,0.027081999893539283,0.9999520047995201,0.86,1.0,0.9999520047995201,-0.008397038972874063,-1.0,stuck,Little GCM-to-goal progress near the end of the run,['stuck']
strombom_multi,drive_to_goal,paper,2030,strombom,collect_drive_multi,bearing_only,100,4,compact,10000,True,6343,"{'world_width': 500.0, 'world_height': 500.0, 'goal_center': [370.0, 250.0], 'goal_radius': 21.213203435596427, 'max_ticks': 10000, 'measurement_radius': 5.0, 'n_sheep': 100, 'r_a': 2.0, 'r_s': 65.0, 'rs_weight': 1.0, 'n_neighbors': -1, 'c': 1.05, 'noise_strength': 0.3, 'sheep_speed': 1.0, 'inertia': 0.5, 'graze_move_prob': 0.05, 'collect_threshold_scale': 1.0, 'shepherd_speed': 1.5, 'shepherd_stop_multiple': 3.0, 'n_shepherds': 4, 'initial_spread': 30.0, 'shepherd_start_offset': 50.0, 'success_fraction': 1.0, 'sheep_model': 'strombom', 'dog_controller': 'collect_drive_multi', 'scenario_id': 'drive_to_goal', 'obs_mode': 'bearing_only', 'observation_frequency': 1, 'noise_sigma': 0.0, 'communication': 'none', 'stubborn_fraction': 0.0, 'stubborn_rs_scale': 0.25, 'stubborn_response_scale': 0.25, 'cohesion_scale': 1.0, 'initial_layout': 'compact', 'speed_scale': 1.0, 'failure_mode': 'none', 'failure_tick': -1, 'sensing_scale': 1.0, 'goal_mode': 'static', 'goal_velocity': [0.0, 0.0], 'latency': 0}",10.836637634622276,1.0,100.0,6343.0,16722.990667589092,0.15196957836295108,5.6387305516090755,3.2736365920799657,11.115050666746765,5.6387305516090755,199.91915280487802,10.836637634622276,440.60264481686994,199.91915280487802,0.5396554213225596,0.0,0.7163730819687459,0.5396554213225596,0.9960545397225725,0.86,1.0,0.9960545397225725,0.0,0.0,0.0,0.0,10.938350616012118,3.9051740621077426,42.76117383416059,10.938350616012118,6.528577928825088,3.899874853059283,12.895949951768126,6.528577928825088,72.72164659662953,44.38175730783329,152.85612315842462,72.72164659662953,314.4565350342703,90.57409680232152,1614.6068528749327,314.4565350342703,0.3491936300561124,0.06193458167351529,1.104068420557928,0.3491936300561124,1.5924807961524123,1.0085716316929283,5.618615938487401,1.5924807961524123,0.05656656057157921,-2.220446049250313e-16,0.944695754840191,0.05656656057157921,0.9999464060529634,0.92,1.0,0.9999464060529634,0.006570503180025985,6343.0,none,No failure (scenario success),[]
strombom_multi,drive_to_goal,paper,2037,strombom,collect_drive_multi,bearing_only,100,4,compact,10000,True,5721,"{'world_width': 500.0, 'world_height': 500.0, 'goal_center': [370.0, 250.0], 'goal_radius': 21.213203435596427, 'max_ticks': 10000, 'measurement_radius': 5.0, 'n_sheep': 100, 'r_a': 2.0, 'r_s': 65.0, 'rs_weight': 1.0, 'n_neighbors': -1, 'c': 1.05, 'noise_strength': 0.3, 'sheep_speed': 1.0, 'inertia': 0.5, 'graze_move_prob': 0.05, 'collect_threshold_scale': 1.0, 'shepherd_speed': 1.5, 'shepherd_stop_multiple': 3.0, 'n_shepherds': 4, 'initial_spread': 30.0, 'shepherd_start_offset': 50.0, 'success_fraction': 1.0, 'sheep_model': 'strombom', 'dog_controller': 'collect_drive_multi', 'scenario_id': 'drive_to_goal', 'obs_mode': 'bearing_only', 'observation_frequency': 1, 'noise_sigma': 0.0, 'communication': 'none', 'stubborn_fraction': 0.0, 'stubborn_rs_scale': 0.25, 'stubborn_response_scale': 0.25, 'cohesion_scale': 1.0, 'initial_layout': 'compact', 'speed_scale': 1.0, 'failure_mode': 'none', 'failure_tick': -1, 'sensing_scale': 1.0, 'goal_mode': 'static', 'goal_velocity': [0.0, 0.0], 'latency': 0}",13.190044509567237,1.0,100.0,5721.0,15312.239301427233,0.19373220724668705,5.536435152211895,4.060652257950713,11.373483832599003,5.536435152211895,223.2471194366311,13.190044509567237,439.9226593677047,223.2471194366311,0.5686808668105506,0.0,0.695064363120659,0.5686808668105506,0.9971653268088082,0.88,1.0,0.9971653268088082,0.0,0.0,0.0,0.0,9.470248302152822,5.387603239123803,31.45492557641533,9.470248302152822,6.331029118880021,4.740587111858674,12.681130078459342,6.331029118880021,69.48236643155255,47.66599342348067,141.44693804691335,69.48236643155255,313.067045823013,120.38684314516334,1390.9848040840357,313.067045823013,0.3352325172980908,0.07189151147186691,0.8306555549381693,0.3352325172980908,1.386973331136801,1.0129510972584663,4.425559996491669,1.386973331136801,0.03870436234758635,-2.220446049250313e-16,0.9359843216524443,0.03870436234758635,0.9998706745893045,0.82,1.0,0.9998706745893045,0.0069683110058341505,5721.0,none,No failure (scenario success),[]
strombom_multi,drive_to_goal,paper,2040,strombom,collect_drive_multi,bearing_only,100,4,compact,10000,True,6770,"{'world_width': 500.0, 'world_height': 500.0, 'goal_center': [370.0, 250.0], 'goal_radius': 21.213203435596427, 'max_ticks': 10000, 'measurement_radius': 5.0, 'n_sheep': 100, 'r_a': 2.0, 'r_s': 65.0, 'rs_weight': 1.0, 'n_neighbors': -1, 'c': 1.05, 'noise_strength': 0.3, 'sheep_speed': 1.0, 'inertia': 0.5, 'graze_move_prob': 0.05, 'collect_threshold_scale': 1.0, 'shepherd_speed': 1.5, 'shepherd_stop_multiple': 3.0, 'n_shepherds': 4, 'initial_spread': 30.0, 'shepherd_start_offset': 50.0, 'success_fraction': 1.0, 'sheep_model': 'strombom', 'dog_controller': 'collect_drive_multi', 'scenario_id': 'drive_to_goal', 'obs_mode': 'bearing_only', 'observation_frequency': 1, 'noise_sigma': 0.0, 'communication': 'none', 'stubborn_fraction': 0.0, 'stubborn_rs_scale': 0.25, 'stubborn_response_scale': 0.25, 'cohesion_scale': 1.0, 'initial_layout': 'compact', 'speed_scale': 1.0, 'failure_mode': 'none', 'failure_tick': -1, 'sensing_scale': 1.0, 'goal_mode': 'static', 'goal_velocity': [0.0, 0.0], 'latency': 0}",12.305746771987172,1.0,100.0,6770.0,17536.731257847998,0.07781402220290069,5.500809159674625,3.265177746426035,12.200156195870637,5.500809159674625,273.7872997860276,12.305746771987172,441.10508605853,273.7872997860276,0.5453680737657517,0.0,0.7070556240997665,0.5453680737657517,0.9966194062915376,0.78,1.0,0.9966194062915376,0.008122876975335992,0.0,1.0,0.008122876975335992,9.847116261496707,3.661511257862256,39.31647484316135,9.847116261496707,6.323494698682805,3.852026894602956,13.712729622188254,6.323494698682805,70.24084668197679,41.731831289871046,155.9586148256783,70.24084668197679,310.41368778277274,83.17840930951637,1684.2225793764444,310.41368778277274,0.3624904070748321,0.05937457508557055,1.2022350611189085,0.3624904070748321,1.4259204579998113,1.0058812467759322,3.964060597283402,1.4259204579998113,0.04642276237424811,-2.220446049250313e-16,0.942744128113164,0.04642276237424811,0.9999497858514251,0.9,1.0,0.9999497858514251,0.006132455807225101,6770.0,none,No failure (scenario success),[]
strombom_multi,drive_to_goal,paper,2032,strombom,collect_drive_multi,bearing_only,100,4,compact,10000,False,10000,"{'world_width': 500.0, 'world_height': 500.0, 'goal_center': [370.0, 250.0], 'goal_radius': 21.213203435596427, 'max_ticks': 10000, 'measurement_radius': 5.0, 'n_sheep': 100, 'r_a': 2.0, 'r_s': 65.0, 'rs_weight': 1.0, 'n_neighbors': -1, 'c': 1.05, 'noise_strength': 0.3, 'sheep_speed': 1.0, 'inertia': 0.5, 'graze_move_prob': 0.05, 'collect_threshold_scale': 1.0, 'shepherd_speed': 1.5, 'shepherd_stop_multiple': 3.0, 'n_shepherds': 4, 'initial_spread': 30.0, 'shepherd_start_offset': 50.0, 'success_fraction': 1.0, 'sheep_model': 'strombom', 'dog_controller': 'collect_drive_multi', 'scenario_id': 'drive_to_goal', 'obs_mode': 'bearing_only', 'observation_frequency': 1, 'noise_sigma': 0.0, 'communication': 'none', 'stubborn_fraction': 0.0, 'stubborn_rs_scale': 0.25, 'stubborn_response_scale': 0.25, 'cohesion_scale': 1.0, 'initial_layout': 'compact', 'speed_scale': 1.0, 'failure_mode': 'none', 'failure_tick': -1, 'sensing_scale': 1.0, 'goal_mode': 'static', 'goal_velocity': [0.0, 0.0], 'latency': 0}",442.20571328066865,0.0,0.0,-1.0,10762.019932433279,0.10140456540731098,4.145958393476143,2.7555131601662515,11.39978104158245,4.145958393476143,398.8391202939007,60.79766072487891,442.74662472706507,398.8391202939007,0.416546239058413,0.0,0.6828159553632103,0.416546239058413,0.9986691330866913,0.93,1.0,0.9986691330866913,0.0,0.0,0.0,0.0,6.361888943944762,2.3910952524391202,39.955832116406846,6.361888943944762,4.8103811242775185,3.2652960976178775,12.708168836781992,4.8103811242775185,54.35717868202751,34.96719823964453,139.0032405204169,54.35717868202751,172.4664712490047,61.28259180088269,1322.7192219133344,172.4664712490047,0.8196775898396041,0.07560183472297953,1.6317847705416342,0.8196775898396041,1.4407431900454146,1.0064358319383124,5.176952076362276,1.4407431900454146,0.024077806699693505,-2.220446049250313e-16,0.9683403963387778,0.024077806699693505,0.99997400259974,0.94,1.0,0.99997400259974,-0.02996460340303247,-1.0,oscillation,GCM-to-goal distance oscillated without settling,"['stuck', 'oscillation']"
strombom_multi,drive_to_goal,paper,2033,strombom,collect_drive_multi,bearing_only,100,4,compact,10000,False,10000,"{'world_width': 500.0, 'world_height': 500.0, 'goal_center': [370.0, 250.0], 'goal_radius': 21.213203435596427, 'max_ticks': 10000, 'measurement_radius': 5.0, 'n_sheep': 100, 'r_a': 2.0, 'r_s': 65.0, 'rs_weight': 1.0, 'n_neighbors': -1, 'c': 1.05, 'noise_strength': 0.3, 'sheep_speed': 1.0, 'inertia': 0.5, 'graze_move_prob': 0.05, 'collect_threshold_scale': 1.0, 'shepherd_speed': 1.5, 'shepherd_stop_multiple': 3.0, 'n_shepherds': 4, 'initial_spread': 30.0, 'shepherd_start_offset': 50.0, 'success_fraction': 1.0, 'sheep_model': 'strombom', 'dog_controller': 'collect_drive_multi', 'scenario_id': 'drive_to_goal', 'obs_mode': 'bearing_only', 'observation_frequency': 1, 'noise_sigma': 0.0, 'communication': 'none', 'stubborn_fraction': 0.0, 'stubborn_rs_scale': 0.25, 'stubborn_response_scale': 0.25, 'cohesion_scale': 1.0, 'initial_layout': 'compact', 'speed_scale': 1.0, 'failure_mode': 'none', 'failure_tick': -1, 'sensing_scale': 1.0, 'goal_mode': 'static', 'goal_velocity': [0.0, 0.0], 'latency': 0}",394.8454005773058,0.0,0.0,-1.0,26071.981787879868,0.03278978178225044,5.54548833751567,3.2040053090692275,11.639393164639706,5.54548833751567,272.2512966554918,4.121062477521592,442.198942438325,272.2512966554918,0.5461326611125311,0.0,0.7046213504185637,0.5461326611125311,0.9968403159684033,0.87,1.0,0.9968403159684033,0.0,0.0,0.0,0.0,10.077065227438538,3.2497669429829954,36.615258514360946,10.077065227438538,6.3830240825652815,3.717898606975991,13.11833570829099,6.3830240825652815,70.0088274670367,40.19525805768656,141.82308952855192,70.0088274670367,298.1816629663595,79.26733601201974,1425.4297079025723,298.1816629663595,0.36000785172770333,0.0701542836139872,1.2615536869415727,0.36000785172770333,1.5185664401949743,1.0020275172849726,5.426481498542746,1.5185664401949743,0.04862858101876793,-2.220446049250313e-16,0.9128452706381499,0.04862858101876793,1.0,1.0,1.0,1.0,-0.010521847801210835,-1.0,stuck,Little GCM-to-goal progress near the end of the run,['stuck']
strombom_multi,drive_to_goal,paper,2034,strombom,collect_drive_multi,bearing_only,100,4,compact,10000,False,10000,"{'world_width': 500.0, 'world_height': 500.0, 'goal_center': [370.0, 250.0], 'goal_radius': 21.213203435596427, 'max_ticks': 10000, 'measurement_radius': 5.0, 'n_sheep': 100, 'r_a': 2.0, 'r_s': 65.0, 'rs_weight': 1.0, 'n_neighbors': -1, 'c': 1.05, 'noise_strength': 0.3, 'sheep_speed': 1.0, 'inertia': 0.5, 'graze_move_prob': 0.05, 'collect_threshold_scale': 1.0, 'shepherd_speed': 1.5, 'shepherd_stop_multiple': 3.0, 'n_shepherds': 4, 'initial_spread': 30.0, 'shepherd_start_offset': 50.0, 'success_fraction': 1.0, 'sheep_model': 'strombom', 'dog_controller': 'collect_drive_multi', 'scenario_id': 'drive_to_goal', 'obs_mode': 'bearing_only', 'observation_frequency': 1, 'noise_sigma': 0.0, 'communication': 'none', 'stubborn_fraction': 0.0, 'stubborn_rs_scale': 0.25, 'stubborn_response_scale': 0.25, 'cohesion_scale': 1.0, 'initial_layout': 'compact', 'speed_scale': 1.0, 'failure_mode': 'none', 'failure_tick': -1, 'sensing_scale': 1.0, 'goal_mode': 'static', 'goal_velocity': [0.0, 0.0], 'latency': 0}",184.3347892423174,0.0,0.0,-1.0,26292.755113309933,0.15142018524699377,5.5545307128217685,3.5081249460718125,11.057205575201,5.5545307128217685,269.96284640386824,45.529721038434836,442.11263658899946,269.96284640386824,0.5486335911050386,0.0,0.7185907686128603,0.5486335911050386,0.9964863513648635,0.85,1.0,0.9964863513648635,0.0058994100589941,0.0,1.0,0.0058994100589941,10.233694077150915,4.682963300121928,41.05271346007658,10.233694077150915,6.401651678875978,4.215799706229895,12.435801086413118,6.401651678875978,71.2556355567756,46.90718731898615,138.16129931338827,71.2556355567756,311.8303853160381,107.6138138535362,1333.0527759391073,311.8303853160381,0.3462521948260685,0.07501578467480564,0.9292487313580513,0.3462521948260685,1.4649212076180542,1.00362293370896,5.02290993499397,1.4649212076180542,0.05205035303413947,-2.220446049250313e-16,0.9737711687480191,0.05205035303413947,0.9999880011998801,0.98,1.0,0.9999880011998801,-0.002402606590351514,-1.0,timeout,Timeout without a more specific failure pattern,['timeout']
strombom_multi,drive_to_goal,paper,2055,strombom,collect_drive_multi,bearing_only,100,4,compact,10000,True,199,"{'world_width': 500.0, 'world_height': 500.0, 'goal_center': [370.0, 250.0], 'goal_radius': 21.213203435596427, 'max_ticks': 10000, 'measurement_radius': 5.0, 'n_sheep': 100, 'r_a': 2.0, 'r_s': 65.0, 'rs_weight': 1.0, 'n_neighbors': -1, 'c': 1.05, 'noise_strength': 0.3, 'sheep_speed': 1.0, 'inertia': 0.5, 'graze_move_prob': 0.05, 'collect_threshold_scale': 1.0, 'shepherd_speed': 1.5, 'shepherd_stop_multiple': 3.0, 'n_shepherds': 4, 'initial_spread': 30.0, 'shepherd_start_offset': 50.0, 'success_fraction': 1.0, 'sheep_model': 'strombom', 'dog_controller': 'collect_drive_multi', 'scenario_id': 'drive_to_goal', 'obs_mode': 'bearing_only', 'observation_frequency': 1, 'noise_sigma': 0.0, 'communication': 'none', 'stubborn_fraction': 0.0, 'stubborn_rs_scale': 0.25, 'stubborn_response_scale': 0.25, 'cohesion_scale': 1.0, 'initial_layout': 'compact', 'speed_scale': 1.0, 'failure_mode': 'none', 'failure_tick': -1, 'sensing_scale': 1.0, 'goal_mode': 'static', 'goal_velocity': [0.0, 0.0], 'latency': 0}",8.72013370722382,1.0,100.0,199.0,685.5000000000002,0.17913098402907085,5.960065786153195,5.22833149980177,11.677187043409104,5.960065786153195,62.75557445218828,8.72013370722382,119.6985063035518,62.75557445218828,0.5806058887106909,0.0,0.6897537047042068,0.5806058887106909,0.9898000000000002,0.83,1.0,0.9898000000000002,0.0,0.0,0.0,0.0,11.436764484704419,7.188074820972865,44.73666362141141,11.436764484704419,6.812130563173635,5.918547616987088,13.457093329102422,6.812130563173635,74.48245733097437,61.39540644591753,150.35584447232162,74.48245733097437,390.5331895911089,261.8085400503447,1565.638393336355,390.5331895911089,0.296374852005101,0.06387170909043774,0.3819585105236461,0.296374852005101,1.3300974017484017,1.048955618773586,1.6218809782595909,1.3300974017484017,0.031168054853154728,0.0,0.45084593974935017,0.031168054853154728,0.9981,0.88,1.0,0.9981,0.16189405192753892,199.0,none,No failure (scenario success),[]
strombom_multi,drive_to_goal,paper,2053,strombom,collect_drive_multi,bearing_only,100,4,compact,10000,True,366,"{'world_width': 500.0, 'world_height': 500.0, 'goal_center': [370.0, 250.0], 'goal_radius': 21.213203435596427, 'max_ticks': 10000, 'measurement_radius': 5.0, 'n_sheep': 100, 'r_a': 2.0, 'r_s': 65.0, 'rs_weight': 1.0, 'n_neighbors': -1, 'c': 1.05, 'noise_strength': 0.3, 'sheep_speed': 1.0, 'inertia': 0.5, 'graze_move_prob': 0.05, 'collect_threshold_scale': 1.0, 'shepherd_speed': 1.5, 'shepherd_stop_multiple': 3.0, 'n_shepherds': 4, 'initial_spread': 30.0, 'shepherd_start_offset': 50.0, 'success_fraction': 1.0, 'sheep_model': 'strombom', 'dog_controller': 'collect_drive_multi', 'scenario_id': 'drive_to_goal', 'obs_mode': 'bearing_only', 'observation_frequency': 1, 'noise_sigma': 0.0, 'communication': 'none', 'stubborn_fraction': 0.0, 'stubborn_rs_scale': 0.25, 'stubborn_response_scale': 0.25, 'cohesion_scale': 1.0, 'initial_layout': 'compact', 'speed_scale': 1.0, 'failure_mode': 'none', 'failure_tick': -1, 'sensing_scale': 1.0, 'goal_mode': 'static', 'goal_velocity': [0.0, 0.0], 'latency': 0}",6.294567431245325,1.0,100.0,366.0,1417.5,0.20574489302667617,5.961203943706968,5.321086551219487,11.575628076846721,5.961203943706968,66.82988423318207,6.294567431245325,119.45797786886908,66.82988423318207,0.5655375435228746,0.0,0.6825528797312592,0.5655375435228746,0.9904087193460491,0.88,1.0,0.9904087193460491,0.0,0.0,0.0,0.0,11.916017848685625,7.573793491235583,34.987816505175104,11.916017848685625,6.875614200508479,6.123375341867135,12.999345440392652,6.875614200508479,81.47006815049264,62.62992452583251,150.68759928306147,81.47006815049264,425.4081778896369,283.96905013743867,1649.543104831216,425.4081778896369,0.25502694566248896,0.06062284744613095,0.35215105291087473,0.25502694566248896,1.2617519447754522,1.0079852081225749,1.5450185935210055,1.2617519447754522,0.10335855371839336,0.0,0.9943376633812099,0.10335855371839336,0.9987465940054496,0.86,1.0,0.9987465940054496,0.07983309378315609,366.0,none,No failure (scenario success),[]
strombom_multi,drive_to_goal,paper,2036,strombom,collect_drive_multi,bearing_only,100,4,compact,10000,False,10000,"{'world_width': 500.0, 'world_height': 500.0, 'goal_center': [370.0, 250.0], 'goal_radius': 21.213203435596427, 'max_ticks': 10000, 'measurement_radius': 5.0, 'n_sheep': 100, 'r_a': 2.0, 'r_s': 65.0, 'rs_weight': 1.0, 'n_neighbors': -1, 'c': 1.05, 'noise_strength': 0.3, 'sheep_speed': 1.0, 'inertia': 0.5, 'graze_move_prob': 0.05, 'collect_threshold_scale': 1.0, 'shepherd_speed': 1.5, 'shepherd_stop_multiple': 3.0, 'n_shepherds': 4, 'initial_spread': 30.0, 'shepherd_start_offset': 50.0, 'success_fraction': 1.0, 'sheep_model': 'strombom', 'dog_controller': 'collect_drive_multi', 'scenario_id': 'drive_to_goal', 'obs_mode': 'bearing_only', 'observation_frequency': 1, 'noise_sigma': 0.0, 'communication': 'none', 'stubborn_fraction': 0.0, 'stubborn_rs_scale': 0.25, 'stubborn_response_scale': 0.25, 'cohesion_scale': 1.0, 'initial_layout': 'compact', 'speed_scale': 1.0, 'failure_mode': 'none', 'failure_tick': -1, 'sensing_scale': 1.0, 'goal_mode': 'static', 'goal_velocity': [0.0, 0.0], 'latency': 0}",180.65119133278424,0.0,0.0,-1.0,24757.374819568653,0.11824751626808153,5.466686659819411,3.288227360354442,10.547401355002354,5.466686659819411,205.116272418032,17.24000620084419,390.5403651253392,205.116272418032,0.5370643905287621,0.0,0.6999872201069549,0.5370643905287621,0.9968493150684933,0.9,1.0,0.9968493150684933,0.007499250074992501,0.0,1.0,0.007499250074992501,10.003981533169886,3.8090743781233156,34.493034258877636,10.003981533169886,6.306060691293842,3.874990207065285,12.057880763889964,6.306060691293842,70.22192071057299,43.13898272581288,140.72552197152834,70.22192071057299,302.9553571724755,88.70113812559983,1257.2006354885189,302.9553571724755,0.3719876196819615,0.07954179880058869,1.12738125026537,0.3719876196819615,1.4819563453863025,1.0029952867793366,5.434885975148052,1.4819563453863025,0.044484312589262616,-2.220446049250313e-16,0.9856406058141172,0.044484312589262616,0.99999200079992,0.96,1.0,0.99999200079992,-0.0024961694690671206,-1.0,stuck,Little GCM-to-goal progress near the end of the run,['stuck']
strombom_multi,drive_to_goal,paper,2038,strombom,collect_drive_multi,bearing_only,100,4,compact,10000,True,7128,"{'world_width': 500.0, 'world_height': 500.0, 'goal_center': [370.0, 250.0], 'goal_radius': 21.213203435596427, 'max_ticks': 10000, 'measurement_radius': 5.0, 'n_sheep': 100, 'r_a': 2.0, 'r_s': 65.0, 'rs_weight': 1.0, 'n_neighbors': -1, 'c': 1.05, 'noise_strength': 0.3, 'sheep_speed': 1.0, 'inertia': 0.5, 'graze_move_prob': 0.05, 'collect_threshold_scale': 1.0, 'shepherd_speed': 1.5, 'shepherd_stop_multiple': 3.0, 'n_shepherds': 4, 'initial_spread': 30.0, 'shepherd_start_offset': 50.0, 'success_fraction': 1.0, 'sheep_model': 'strombom', 'dog_controller': 'collect_drive_multi', 'scenario_id': 'drive_to_goal', 'obs_mode': 'bearing_only', 'observation_frequency': 1, 'noise_sigma': 0.0, 'communication': 'none', 'stubborn_fraction': 0.0, 'stubborn_rs_scale': 0.25, 'stubborn_response_scale': 0.25, 'cohesion_scale': 1.0, 'initial_layout': 'compact', 'speed_scale': 1.0, 'failure_mode': 'none', 'failure_tick': -1, 'sensing_scale': 1.0, 'goal_mode': 'static', 'goal_velocity': [0.0, 0.0], 'latency': 0}",8.627966575002986,1.0,100.0,7128.0,19585.686886820855,0.02794546632819879,5.617194785565874,4.460943579916893,11.629844267931974,5.617194785565874,270.6674819405315,8.627966575002986,427.1499690797245,270.6674819405315,0.555337213850782,0.0,0.7039007152391153,0.555337213850782,0.9964441015570207,0.91,1.0,0.9964441015570207,0.0,0.0,0.0,0.0,10.228480102555485,6.179381775634578,45.94691931968021,10.228480102555485,6.454883228775445,5.277333814820693,13.392311464773487,6.454883228775445,71.19507934170097,54.11196279292992,162.03062739394565,71.19507934170097,314.71666701513465,121.61611705221173,1688.200901862521,314.71666701513465,0.336597055677804,0.05923465618912666,0.8222594375140954,0.336597055677804,1.4488076514518369,1.0108153512008184,4.872259606853171,1.4488076514518369,0.054983717348998394,-2.220446049250313e-16,0.9914197420854454,0.054983717348998394,0.9999495020339457,0.88,1.0,0.9999495020339457,0.005613344960796116,7128.0,none,No failure (scenario success),[]
strombom_multi,drive_to_goal,paper,2046,strombom,collect_drive_multi,bearing_only,100,4,compact,10000,True,7765,"{'world_width': 500.0, 'world_height': 500.0, 'goal_center': [370.0, 250.0], 'goal_radius': 21.213203435596427, 'max_ticks': 10000, 'measurement_radius': 5.0, 'n_sheep': 100, 'r_a': 2.0, 'r_s': 65.0, 'rs_weight': 1.0, 'n_neighbors': -1, 'c': 1.05, 'noise_strength': 0.3, 'sheep_speed': 1.0, 'inertia': 0.5, 'graze_move_prob': 0.05, 'collect_threshold_scale': 1.0, 'shepherd_speed': 1.5, 'shepherd_stop_multiple': 3.0, 'n_shepherds': 4, 'initial_spread': 30.0, 'shepherd_start_offset': 50.0, 'success_fraction': 1.0, 'sheep_model': 'strombom', 'dog_controller': 'collect_drive_multi', 'scenario_id': 'drive_to_goal', 'obs_mode': 'bearing_only', 'observation_frequency': 1, 'noise_sigma': 0.0, 'communication': 'none', 'stubborn_fraction': 0.0, 'stubborn_rs_scale': 0.25, 'stubborn_response_scale': 0.25, 'cohesion_scale': 1.0, 'initial_layout': 'compact', 'speed_scale': 1.0, 'failure_mode': 'none', 'failure_tick': -1, 'sensing_scale': 1.0, 'goal_mode': 'static', 'goal_velocity': [0.0, 0.0], 'latency': 0}",13.245598047501426,1.0,100.0,7765.0,20362.257683469248,0.17759845093661986,5.581645531052656,4.442945117793958,11.322266079408069,5.581645531052656,200.70766390950456,13.245598047501426,384.25972652443994,200.70766390950456,0.5587446188938762,0.0,0.710436168752066,0.5587446188938762,0.9968542364151429,0.83,1.0,0.9968542364151429,0.0,0.0,0.0,0.0,9.84038824434608,5.795134283843222,36.65158963844045,9.84038824434608,6.398257919380554,5.256504269628583,12.83920943093285,6.398257919380554,69.77139665183542,52.204699368477975,139.81489643279158,69.77139665183542,305.9428419592873,116.66320770795141,1426.4106877727747,305.9428419592873,0.3432212232274516,0.07010603668158287,0.8571682706542304,0.3432212232274516,1.4670944176076102,1.008500923479802,4.7752456827683485,1.4670944176076102,0.04225754693844746,-2.220446049250313e-16,0.9682549772480631,0.04225754693844746,0.9999330414627865,0.82,1.0,0.9999330414627865,0.005144854180923653,7765.0,none,No failure (scenario success),[]
strombom_multi,drive_to_goal,paper,2039,strombom,collect_drive_multi,bearing_only,100,4,compact,10000,False,10000,"{'world_width': 500.0, 'world_height': 500.0, 'goal_center': [370.0, 250.0], 'goal_radius': 21.213203435596427, 'max_ticks': 10000, 'measurement_radius': 5.0, 'n_sheep': 100, 'r_a': 2.0, 'r_s': 65.0, 'rs_weight': 1.0, 'n_neighbors': -1, 'c': 1.05, 'noise_strength': 0.3, 'sheep_speed': 1.0, 'inertia': 0.5, 'graze_move_prob': 0.05, 'collect_threshold_scale': 1.0, 'shepherd_speed': 1.5, 'shepherd_stop_multiple': 3.0, 'n_shepherds': 4, 'initial_spread': 30.0, 'shepherd_start_offset': 50.0, 'success_fraction': 1.0, 'sheep_model': 'strombom', 'dog_controller': 'collect_drive_multi', 'scenario_id': 'drive_to_goal', 'obs_mode': 'bearing_only', 'observation_frequency': 1, 'noise_sigma': 0.0, 'communication': 'none', 'stubborn_fraction': 0.0, 'stubborn_rs_scale': 0.25, 'stubborn_response_scale': 0.25, 'cohesion_scale': 1.0, 'initial_layout': 'compact', 'speed_scale': 1.0, 'failure_mode': 'none', 'failure_tick': -1, 'sensing_scale': 1.0, 'goal_mode': 'static', 'goal_velocity': [0.0, 0.0], 'latency': 0}",386.80318157299286,0.0,0.0,-1.0,25734.748631725168,0.19424155970824575,5.491502143014792,2.8489977313969606,9.926274053601196,5.491502143014792,221.7979507700308,50.47178241636529,427.3952033395694,221.7979507700308,0.5319909865010756,0.0,0.7044549699133642,0.5319909865010756,0.9966163383661634,0.91,1.0,0.9966163383661634,0.0156984301569843,0.0,1.0,0.0156984301569843,10.584107403429721,2.8399307817810153,44.31696885695566,10.584107403429721,6.368599210631943,3.3520593144331188,11.245955933265451,6.368599210631943,71.49957949827287,37.36375286747962,166.68482574345038,71.49957949827287,305.1771470612258,67.08349439058355,1122.3902377862128,305.1771470612258,0.37122847091704464,0.08909557178369498,1.4906796509103275,0.37122847091704464,1.5104357265545307,1.0066841300997071,5.098152861550325,1.5104357265545307,0.05727256842546598,-2.220446049250313e-16,0.93487031499375,0.05727256842546598,0.9994860513948606,0.48,1.0,0.9994860513948606,-0.010406347427513826,-1.0,stuck,Little GCM-to-goal progress near the end of the run,['stuck']
strombom_multi,drive_to_goal,paper,2049,strombom,collect_drive_multi,bearing_only,100,4,compact,10000,True,4331,"{'world_width': 500.0, 'world_height': 500.0, 'goal_center': [370.0, 250.0], 'goal_radius': 21.213203435596427, 'max_ticks': 10000, 'measurement_radius': 5.0, 'n_sheep': 100, 'r_a': 2.0, 'r_s': 65.0, 'rs_weight': 1.0, 'n_neighbors': -1, 'c': 1.05, 'noise_strength': 0.3, 'sheep_speed': 1.0, 'inertia': 0.5, 'graze_move_prob': 0.05, 'collect_threshold_scale': 1.0, 'shepherd_speed': 1.5, 'shepherd_stop_multiple': 3.0, 'n_shepherds': 4, 'initial_spread': 30.0, 'shepherd_start_offset': 50.0, 'success_fraction': 1.0, 'sheep_model': 'strombom', 'dog_controller': 'collect_drive_multi', 'scenario_id': 'drive_to_goal', 'obs_mode': 'bearing_only', 'observation_frequency': 1, 'noise_sigma': 0.0, 'communication': 'none', 'stubborn_fraction': 0.0, 'stubborn_rs_scale': 0.25, 'stubborn_response_scale': 0.25, 'cohesion_scale': 1.0, 'initial_layout': 'compact', 'speed_scale': 1.0, 'failure_mode': 'none', 'failure_tick': -1, 'sensing_scale': 1.0, 'goal_mode': 'static', 'goal_velocity': [0.0, 0.0], 'latency': 0}",2.2506710035479096,1.0,100.0,4331.0,10708.418841792343,0.19661119856031742,5.510426263651217,3.3383325953682768,10.566037679394258,5.510426263651217,237.94529994298836,2.161304810791466,441.73637060564295,237.94529994298836,0.5424585405968905,0.0,0.7087128107551646,0.5424585405968905,0.9958910433979687,0.91,1.0,0.9958910433979687,0.0,0.0,0.0,0.0,9.885768420623842,3.8804081699128794,41.868005646459935,9.885768420623842,6.334067274299719,3.916820158803827,12.143749056984369,6.334067274299719,69.57502524586786,43.90113111950023,150.32863191972268,69.57502524586786,306.95723663149704,82.83103581657086,1509.9657896092385,306.95723663149704,0.36445015178813,0.06622666598683592,1.207276946547545,0.36445015178813,1.492093025680299,1.005464554828736,3.9109822765838316,1.492093025680299,0.04154494975401302,-2.220446049250313e-16,0.9695885331278201,0.04154494975401302,0.9999722991689751,0.98,1.0,0.9999722991689751,0.011029469238297798,4331.0,none,No failure (scenario success),[]
strombom_multi,drive_to_goal,paper,2031,strombom,collect_drive_multi,bearing_only,100,4,compact,10000,False,10000,"{'world_width': 500.0, 'world_height': 500.0, 'goal_center': [370.0, 250.0], 'goal_radius': 21.213203435596427, 'max_ticks': 10000, 'measurement_radius': 5.0, 'n_sheep': 100, 'r_a': 2.0, 'r_s': 65.0, 'rs_weight': 1.0, 'n_neighbors': -1, 'c': 1.05, 'noise_strength': 0.3, 'sheep_speed': 1.0, 'inertia': 0.5, 'graze_move_prob': 0.05, 'collect_threshold_scale': 1.0, 'shepherd_speed': 1.5, 'shepherd_stop_multiple': 3.0, 'n_shepherds': 4, 'initial_spread': 30.0, 'shepherd_start_offset': 50.0, 'success_fraction': 1.0, 'sheep_model': 'strombom', 'dog_controller': 'collect_drive_multi', 'scenario_id': 'drive_to_goal', 'obs_mode': 'bearing_only', 'observation_frequency': 1, 'noise_sigma': 0.0, 'communication': 'none', 'stubborn_fraction': 0.0, 'stubborn_rs_scale': 0.25, 'stubborn_response_scale': 0.25, 'cohesion_scale': 1.0, 'initial_layout': 'compact', 'speed_scale': 1.0, 'failure_mode': 'none', 'failure_tick': -1, 'sensing_scale': 1.0, 'goal_mode': 'static', 'goal_velocity': [0.0, 0.0], 'latency': 0}",72.94176735503254,0.0,0.0,-1.0,27017.43915266815,0.11302447668845868,5.545905522329667,4.53590051064702,11.636854062900948,5.545905522329667,203.5705114584284,29.05332533805473,435.18220039501716,203.5705114584284,0.5628468840991986,0.0,0.6984187614796739,0.5628468840991986,0.997069293070693,0.87,1.0,0.997069293070693,0.0,0.0,0.0,0.0,9.520296494079608,4.8247560018246105,41.72174302963702,9.520296494079608,6.343203347006578,5.198322887550322,13.309324382210065,6.343203347006578,69.34343133631877,49.79223908063221,156.1707519215855,69.34343133631877,306.61140358071833,119.9255686387919,1614.3413949961605,306.61140358071833,0.34011449022174,0.06194476602654288,0.8338505385885938,0.34011449022174,1.407794841294234,1.0007651806495172,4.821156955054008,1.407794841294234,0.04799862316932447,-2.220446049250313e-16,0.9905925291457226,0.04799862316932447,0.9999540045995401,0.9,1.0,0.9999540045995401,0.0017551756811627697,-1.0,stuck,Little GCM-to-goal progress near the end of the run,['stuck']
strombom_multi,drive_to_goal,paper,2048,strombom,collect_drive_multi,bearing_only,100,4,compact,10000,True,6151,"{'world_width': 500.0, 'world_height': 500.0, 'goal_center': [370.0, 250.0], 'goal_radius': 21.213203435596427, 'max_ticks': 10000, 'measurement_radius': 5.0, 'n_sheep': 100, 'r_a': 2.0, 'r_s': 65.0, 'rs_weight': 1.0, 'n_neighbors': -1, 'c': 1.05, 'noise_strength': 0.3, 'sheep_speed': 1.0, 'inertia': 0.5, 'graze_move_prob': 0.05, 'collect_threshold_scale': 1.0, 'shepherd_speed': 1.5, 'shepherd_stop_multiple': 3.0, 'n_shepherds': 4, 'initial_spread': 30.0, 'shepherd_start_offset': 50.0, 'success_fraction': 1.0, 'sheep_model': 'strombom', 'dog_controller': 'collect_drive_multi', 'scenario_id': 'drive_to_goal', 'obs_mode': 'bearing_only', 'observation_frequency': 1, 'noise_sigma': 0.0, 'communication': 'none', 'stubborn_fraction': 0.0, 'stubborn_rs_scale': 0.25, 'stubborn_response_scale': 0.25, 'cohesion_scale': 1.0, 'initial_layout': 'compact', 'speed_scale': 1.0, 'failure_mode': 'none', 'failure_tick': -1, 'sensing_scale': 1.0, 'goal_mode': 'static', 'goal_velocity': [0.0, 0.0], 'latency': 0}",11.977513234749209,1.0,100.0,6151.0,16527.566598920235,0.12201806814841971,5.571631814657877,4.5736674484060345,11.439128519937665,5.571631814657877,200.685040151042,11.977513234749209,377.4701864621346,200.685040151042,0.5536353546146422,0.0,0.7057283584362839,0.5536353546146422,0.9965458387516255,0.83,1.0,0.9965458387516255,0.018530559167750326,0.0,1.0,0.018530559167750326,10.445921426626944,5.992491296777705,41.81297272099559,10.445921426626944,6.4313024287911835,5.364011981282648,13.140267653919642,6.4313024287911835,71.66365721042936,54.84015152586213,165.06468317061936,71.66365721042936,312.87347453616616,112.04847060137836,1785.9135343477822,312.87347453616616,0.34210764745220845,0.0559937522599716,0.8924709053437974,0.34210764745220845,1.4974901033828605,1.0041584118123055,5.2969106640108015,1.4974901033828605,0.053347624168465495,-2.220446049250313e-16,0.9778718482445891,0.053347624168465495,0.9999349804941483,0.9,1.0,0.9999349804941483,0.006607429073489664,6151.0,none,No failure (scenario success),[]
strombom_multi,drive_to_goal,paper,2029,strombom,collect_drive_multi,bearing_only,100,6,compact,10000,True,2353,"{'world_width': 500.0, 'world_height': 500.0, 'goal_center': [370.0, 250.0], 'goal_radius': 21.213203435596427, 'max_ticks': 10000, 'measurement_radius': 5.0, 'n_sheep': 100, 'r_a': 2.0, 'r_s': 65.0, 'rs_weight': 1.0, 'n_neighbors': -1, 'c': 1.05, 'noise_strength': 0.3, 'sheep_speed': 1.0, 'inertia': 0.5, 'graze_move_prob': 0.05, 'collect_threshold_scale': 1.0, 'shepherd_speed': 1.5, 'shepherd_stop_multiple': 3.0, 'n_shepherds': 6, 'initial_spread': 30.0, 'shepherd_start_offset': 50.0, 'success_fraction': 1.0, 'sheep_model': 'strombom', 'dog_controller': 'collect_drive_multi', 'scenario_id': 'drive_to_goal', 'obs_mode': 'bearing_only', 'observation_frequency': 1, 'noise_sigma': 0.0, 'communication': 'none', 'stubborn_fraction': 0.0, 'stubborn_rs_scale': 0.25, 'stubborn_response_scale': 0.25, 'cohesion_scale': 1.0, 'initial_layout': 'compact', 'speed_scale': 1.0, 'failure_mode': 'none', 'failure_tick': -1, 'sensing_scale': 1.0, 'goal_mode': 'static', 'goal_velocity': [0.0, 0.0], 'latency': 0}",9.386605718566615,1.0,100.0,2353.0,9093.224837436659,0.19695853678897424,5.592978930000139,3.0906888785165245,11.392425001976669,5.592978930000139,286.86211653310806,9.386605718566615,442.124410032703,286.86211653310806,0.5456906801998748,0.0,0.6986808398284139,0.5456906801998748,0.9965378079864062,0.88,1.0,0.9965378079864062,0.0,0.0,0.0,0.0,9.860895636069205,3.0333295066506842,35.735133035099594,9.860895636069205,6.40506609433112,3.5810911478255245,12.865554028519826,6.40506609433112,69.42187826114609,37.157767419702765,140.40503822128485,69.42187826114609,305.8198387085278,71.31158538689813,1428.8272421586294,305.8198387085278,0.3558744937932531,0.06998746737843757,1.402296687942836,0.3558744937932531,1.438415597861978,1.0041540070733739,3.0559908400562175,1.438415597861978,0.06370705580971112,-2.220446049250313e-16,0.6289096496405716,0.06370705580971112,0.9999320305862363,0.94,1.0,0.9999320305862363,0.012203547600519631,2353.0,none,No failure (scenario success),[]
strombom_multi,drive_to_goal,paper,2052,strombom,collect_drive_multi,bearing_only,100,4,compact,10000,False,10000,"{'world_width': 500.0, 'world_height': 500.0, 'goal_center': [370.0, 250.0], 'goal_radius': 21.213203435596427, 'max_ticks': 10000, 'measurement_radius': 5.0, 'n_sheep': 100, 'r_a': 2.0, 'r_s': 65.0, 'rs_weight': 1.0, 'n_neighbors': -1, 'c': 1.05, 'noise_strength': 0.3, 'sheep_speed': 1.0, 'inertia': 0.5, 'graze_move_prob': 0.05, 'collect_threshold_scale': 1.0, 'shepherd_speed': 1.5, 'shepherd_stop_multiple': 3.0, 'n_shepherds': 4, 'initial_spread': 30.0, 'shepherd_start_offset': 50.0, 'success_fraction': 1.0, 'sheep_model': 'strombom', 'dog_controller': 'collect_drive_multi', 'scenario_id': 'drive_to_goal', 'obs_mode': 'bearing_only', 'observation_frequency': 1, 'noise_sigma': 0.0, 'communication': 'none', 'stubborn_fraction': 0.0, 'stubborn_rs_scale': 0.25, 'stubborn_response_scale': 0.25, 'cohesion_scale': 1.0, 'initial_layout': 'compact', 'speed_scale': 1.0, 'failure_mode': 'none', 'failure_tick': -1, 'sensing_scale': 1.0, 'goal_mode': 'static', 'goal_velocity': [0.0, 0.0], 'latency': 0}",442.63080734023987,0.0,0.0,-1.0,13290.366075103082,0.023297235051538457,4.235584323865012,2.604349189891246,11.164119660634844,4.235584323865012,369.036930059175,74.08387772524783,443.0193110011174,369.036930059175,0.4419173117633164,0.0,0.689465363682001,0.4419173117633164,0.9986901309869014,0.91,1.0,0.9986901309869014,0.0,0.0,0.0,0.0,6.2161487321707884,2.0710517086394553,31.469513604037783,6.2161487321707884,4.867516213261816,3.0642998661953906,12.494281948195793,4.867516213261816,53.57077323735314,32.26130863275766,147.18387326577587,53.57077323735314,182.24612418008118,54.388297198102656,1460.3800083439146,182.24612418008118,0.8650713284614963,0.06847532794796403,1.8386308296390004,0.8650713284614963,1.3839375304380634,1.009974859102005,4.017897683791405,1.3839375304380634,0.031048601618553228,-2.220446049250313e-16,0.9762882857043059,0.031048601618553228,0.99998400159984,0.96,1.0,0.99998400159984,-0.024165277257274312,-1.0,oscillation,GCM-to-goal distance oscillated without settling,"['stuck', 'oscillation']"
strombom_multi,drive_to_goal,paper,2050,strombom,collect_drive_multi,bearing_only,100,4,compact,10000,False,10000,"{'world_width': 500.0, 'world_height': 500.0, 'goal_center': [370.0, 250.0], 'goal_radius': 21.213203435596427, 'max_ticks': 10000, 'measurement_radius': 5.0, 'n_sheep': 100, 'r_a': 2.0, 'r_s': 65.0, 'rs_weight': 1.0, 'n_neighbors': -1, 'c': 1.05, 'noise_strength': 0.3, 'sheep_speed': 1.0, 'inertia': 0.5, 'graze_move_prob': 0.05, 'collect_threshold_scale': 1.0, 'shepherd_speed': 1.5, 'shepherd_stop_multiple': 3.0, 'n_shepherds': 4, 'initial_spread': 30.0, 'shepherd_start_offset': 50.0, 'success_fraction': 1.0, 'sheep_model': 'strombom', 'dog_controller': 'collect_drive_multi', 'scenario_id': 'drive_to_goal', 'obs_mode': 'bearing_only', 'observation_frequency': 1, 'noise_sigma': 0.0, 'communication': 'none', 'stubborn_fraction': 0.0, 'stubborn_rs_scale': 0.25, 'stubborn_response_scale': 0.25, 'cohesion_scale': 1.0, 'initial_layout': 'compact', 'speed_scale': 1.0, 'failure_mode': 'none', 'failure_tick': -1, 'sensing_scale': 1.0, 'goal_mode': 'static', 'goal_velocity': [0.0, 0.0], 'latency': 0}",299.14486985411287,0.0,0.0,-1.0,19579.577576191852,0.15061190043852465,5.128580811970378,3.1400701723222664,10.869329507510793,5.128580811970378,323.1303983267578,58.231276107209446,442.43610030513304,323.1303983267578,0.48193974168568543,0.0,0.6998855150090274,0.48193974168568543,0.997172282771723,0.8,1.0,0.997172282771723,0.0,0.0,0.0,0.0,9.525712314547796,3.3384062967136,37.3015943139107,9.525712314547796,5.962192310864528,3.6528967320684114,12.467715037518122,5.962192310864528,66.77705178342943,39.52645272469145,146.86868893840787,66.77705178342943,263.55910731509334,75.64718244727115,1520.304642471362,263.55910731509334,0.4814962777159199,0.06577629062386008,1.321926300027151,0.4814962777159199,1.549469768090237,1.0020364383404603,5.012835963501478,1.549469768090237,0.04039973912366438,-2.220446049250313e-16,0.9338608055100407,0.04039973912366438,0.9999720027997201,0.94,1.0,0.9999720027997201,-0.009142670399657448,-1.0,timeout,Timeout without a more specific failure pattern,['timeout']
strombom_multi,drive_to_goal,paper,2042,strombom,collect_drive_multi,bearing_only,100,4,compact,10000,False,10000,"{'world_width': 500.0, 'world_height': 500.0, 'goal_center': [370.0, 250.0], 'goal_radius': 21.213203435596427, 'max_ticks': 10000, 'measurement_radius': 5.0, 'n_sheep': 100, 'r_a': 2.0, 'r_s': 65.0, 'rs_weight': 1.0, 'n_neighbors': -1, 'c': 1.05, 'noise_strength': 0.3, 'sheep_speed': 1.0, 'inertia': 0.5, 'graze_move_prob': 0.05, 'collect_threshold_scale': 1.0, 'shepherd_speed': 1.5, 'shepherd_stop_multiple': 3.0, 'n_shepherds': 4, 'initial_spread': 30.0, 'shepherd_start_offset': 50.0, 'success_fraction': 1.0, 'sheep_model': 'strombom', 'dog_controller': 'collect_drive_multi', 'scenario_id': 'drive_to_goal', 'obs_mode': 'bearing_only', 'observation_frequency': 1, 'noise_sigma': 0.0, 'communication': 'none', 'stubborn_fraction': 0.0, 'stubborn_rs_scale': 0.25, 'stubborn_response_scale': 0.25, 'cohesion_scale': 1.0, 'initial_layout': 'compact', 'speed_scale': 1.0, 'failure_mode': 'none', 'failure_tick': -1, 'sensing_scale': 1.0, 'goal_mode': 'static', 'goal_velocity': [0.0, 0.0], 'latency': 0}",215.26586359370484,0.0,0.0,-1.0,25280.099237953502,0.09174880838809629,5.537977261131599,3.12523007684358,10.655442457120753,5.537977261131599,274.3968648775887,39.74061031202079,442.3546446314648,274.3968648775887,0.5451012057316644,0.0,0.6975827389168092,0.5451012057316644,0.9965553444655536,0.85,1.0,0.9965553444655536,0.0,0.0,0.0,0.0,10.02783083960934,3.163537597857506,37.96711659495715,10.02783083960934,6.369973613052466,3.640152511971859,12.30875991121643,6.369973613052466,70.17737280562548,38.33217794440486,139.02173833720894,70.17737280562548,305.47693962132314,70.90026412456845,1436.0635607509732,305.47693962132314,0.3581695463207213,0.06963480080763704,1.410431981244875,0.3581695463207213,1.4847832850867326,1.0114435982742913,5.464751598368228,1.4847832850867326,0.04405488592263516,-2.220446049250313e-16,0.9756136526822966,0.04405488592263516,0.99999200079992,0.96,1.0,0.99999200079992,-0.0037921149915327397,-1.0,timeout,Timeout without a more specific failure pattern,['timeout']
strombom_multi,drive_to_goal,paper,2044,strombom,collect_drive_multi,bearing_only,100,4,compact,10000,False,10000,"{'world_width': 500.0, 'world_height': 500.0, 'goal_center': [370.0, 250.0], 'goal_radius': 21.213203435596427, 'max_ticks': 10000, 'measurement_radius': 5.0, 'n_sheep': 100, 'r_a': 2.0, 'r_s': 65.0, 'rs_weight': 1.0, 'n_neighbors': -1, 'c': 1.05, 'noise_strength': 0.3, 'sheep_speed': 1.0, 'inertia': 0.5, 'graze_move_prob': 0.05, 'collect_threshold_scale': 1.0, 'shepherd_speed': 1.5, 'shepherd_stop_multiple': 3.0, 'n_shepherds': 4, 'initial_spread': 30.0, 'shepherd_start_offset': 50.0, 'success_fraction': 1.0, 'sheep_model': 'strombom', 'dog_controller': 'collect_drive_multi', 'scenario_id': 'drive_to_goal', 'obs_mode': 'bearing_only', 'observation_frequency': 1, 'noise_sigma': 0.0, 'communication': 'none', 'stubborn_fraction': 0.0, 'stubborn_rs_scale': 0.25, 'stubborn_response_scale': 0.25, 'cohesion_scale': 1.0, 'initial_layout': 'compact', 'speed_scale': 1.0, 'failure_mode': 'none', 'failure_tick': -1, 'sensing_scale': 1.0, 'goal_mode': 'static', 'goal_velocity': [0.0, 0.0], 'latency': 0}",357.0670339397314,0.0,0.0,-1.0,27940.643438190968,0.18088451590793247,5.602208709071556,3.9145307044541386,10.822605174199428,5.602208709071556,223.68776624829965,23.56672206091649,439.75791487669795,223.68776624829965,0.5601096929373938,0.0,0.7048307621592141,0.5601096929373938,0.9964033596640337,0.88,1.0,0.9964033596640337,0.0005999400059994001,0.0,1.0,0.0005999400059994001,10.08237485439595,4.795988167057137,42.962939346705355,10.08237485439595,6.432333014804391,4.580385696197485,12.074151504501794,6.432333014804391,71.51880802113843,47.05286505107908,140.1562856539806,71.51880802113843,321.26335969587825,117.52954079072298,1279.684347864241,321.26335969587825,0.32806506836679544,0.07814427062962623,0.8508499167716764,0.32806506836679544,1.4016701153110223,1.0031179620748922,4.431366115210741,1.4016701153110223,0.0541791868817619,-2.220446049250313e-16,0.9994082466794945,0.0541791868817619,0.9999160083991601,0.78,1.0,0.9999160083991601,-0.008417041275278783,-1.0,stuck,Little GCM-to-goal progress near the end of the run,['stuck']
strombom_multi,drive_to_goal,paper,2043,strombom,collect_drive_multi,bearing_only,100,4,compact,10000,False,10000,"{'world_width': 500.0, 'world_height': 500.0, 'goal_center': [370.0, 250.0], 'goal_radius': 21.213203435596427, 'max_ticks': 10000, 'measurement_radius': 5.0, 'n_sheep': 100, 'r_a': 2.0, 'r_s': 65.0, 'rs_weight': 1.0, 'n_neighbors': -1, 'c': 1.05, 'noise_strength': 0.3, 'sheep_speed': 1.0, 'inertia': 0.5, 'graze_move_prob': 0.05, 'collect_threshold_scale': 1.0, 'shepherd_speed': 1.5, 'shepherd_stop_multiple': 3.0, 'n_shepherds': 4, 'initial_spread': 30.0, 'shepherd_start_offset': 50.0, 'success_fraction': 1.0, 'sheep_model': 'strombom', 'dog_controller': 'collect_drive_multi', 'scenario_id': 'drive_to_goal', 'obs_mode': 'bearing_only', 'observation_frequency': 1, 'noise_sigma': 0.0, 'communication': 'none', 'stubborn_fraction': 0.0, 'stubborn_rs_scale': 0.25, 'stubborn_response_scale': 0.25, 'cohesion_scale': 1.0, 'initial_layout': 'compact', 'speed_scale': 1.0, 'failure_mode': 'none', 'failure_tick': -1, 'sensing_scale': 1.0, 'goal_mode': 'static', 'goal_velocity': [0.0, 0.0], 'latency': 0}",238.60401756978817,0.0,0.0,-1.0,26224.43449121959,0.16169819455603177,5.570859135984868,3.5231323595386965,11.16758343516255,5.570859135984868,203.24510914924005,13.870562473400476,395.9183163977589,203.24510914924005,0.5632142059145573,0.0,0.7049559967044922,0.5632142059145573,0.9964483551644835,0.94,1.0,0.9964483551644835,0.0217978202179782,0.0,1.0,0.0217978202179782,10.441399796005696,3.967870400840403,47.340608952907495,10.441399796005696,6.422058771601525,4.09289254209457,12.638779503138599,6.422058771601525,72.01902741395648,43.6861620927525,179.37285356791912,72.01902741395648,322.07554977519646,91.81830090889554,1220.295665650994,322.07554977519646,0.3331050212630257,0.08194735326430318,1.0891074982886315,0.3331050212630257,1.4411964509023922,1.0024724533884126,7.19410312989889,1.4411964509023922,0.03864917470440101,-2.220446049250313e-16,0.9805550037772435,0.03864917470440101,0.99999600039996,0.98,1.0,0.99999600039996,-0.0045182462154096156,-1.0,stuck,Little GCM-to-goal progress near the end of the run,['stuck']
strombom_multi,drive_to_goal,paper,2039,strombom,collect_drive_multi,bearing_only,100,6,compact,10000,True,1461,"{'world_width': 500.0, 'world_height': 500.0, 'goal_center': [370.0, 250.0], 'goal_radius': 21.213203435596427, 'max_ticks': 10000, 'measurement_radius': 5.0, 'n_sheep': 100, 'r_a': 2.0, 'r_s': 65.0, 'rs_weight': 1.0, 'n_neighbors': -1, 'c': 1.05, 'noise_strength': 0.3, 'sheep_speed': 1.0, 'inertia': 0.5, 'graze_move_prob': 0.05, 'collect_threshold_scale': 1.0, 'shepherd_speed': 1.5, 'shepherd_stop_multiple': 3.0, 'n_shepherds': 6, 'initial_spread': 30.0, 'shepherd_start_offset': 50.0, 'success_fraction': 1.0, 'sheep_model': 'strombom', 'dog_controller': 'collect_drive_multi', 'scenario_id': 'drive_to_goal', 'obs_mode': 'bearing_only', 'observation_frequency': 1, 'noise_sigma': 0.0, 'communication': 'none', 'stubborn_fraction': 0.0, 'stubborn_rs_scale': 0.25, 'stubborn_response_scale': 0.25, 'cohesion_scale': 1.0, 'initial_layout': 'compact', 'speed_scale': 1.0, 'failure_mode': 'none', 'failure_tick': -1, 'sensing_scale': 1.0, 'goal_mode': 'static', 'goal_velocity': [0.0, 0.0], 'latency': 0}",11.134627233425803,1.0,100.0,1461.0,5874.967437302592,0.03125721686929523,5.577862489678282,3.9644012528878334,9.926274053601196,5.577862489678282,152.66706637735595,11.134627233425803,276.6166643883329,152.66706637735595,0.5531512102780031,0.0,0.6767212559473987,0.5531512102780031,0.9981326949384406,0.91,1.0,0.9981326949384406,0.0,0.0,0.0,0.0,9.627983515448054,5.696039218208057,27.94060826575212,9.627983515448054,6.379460859140575,4.643776766164491,11.245955933265451,6.379460859140575,68.23417891809811,47.129593401306764,131.079118382625,68.23417891809811,296.07021069561944,118.62499188479207,1122.3902377862128,296.07021069561944,0.35894939071566717,0.08909557178369498,0.8429926814841804,0.35894939071566717,1.493296572593565,1.005224678761348,4.1296790643713805,1.493296572593565,0.0647454593711983,-2.220446049250313e-16,0.7224033809480086,0.0647454593711983,0.9999452804377565,0.96,1.0,0.9999452804377565,0.018359900760168812,1461.0,none,No failure (scenario success),[]
strombom_multi,drive_to_goal,paper,2051,strombom,collect_drive_multi,bearing_only,100,4,compact,10000,False,10000,"{'world_width': 500.0, 'world_height': 500.0, 'goal_center': [370.0, 250.0], 'goal_radius': 21.213203435596427, 'max_ticks': 10000, 'measurement_radius': 5.0, 'n_sheep': 100, 'r_a': 2.0, 'r_s': 65.0, 'rs_weight': 1.0, 'n_neighbors': -1, 'c': 1.05, 'noise_strength': 0.3, 'sheep_speed': 1.0, 'inertia': 0.5, 'graze_move_prob': 0.05, 'collect_threshold_scale': 1.0, 'shepherd_speed': 1.5, 'shepherd_stop_multiple': 3.0, 'n_shepherds': 4, 'initial_spread': 30.0, 'shepherd_start_offset': 50.0, 'success_fraction': 1.0, 'sheep_model': 'strombom', 'dog_controller': 'collect_drive_multi', 'scenario_id': 'drive_to_goal', 'obs_mode': 'bearing_only', 'observation_frequency': 1, 'noise_sigma': 0.0, 'communication': 'none', 'stubborn_fraction': 0.0, 'stubborn_rs_scale': 0.25, 'stubborn_response_scale': 0.25, 'cohesion_scale': 1.0, 'initial_layout': 'compact', 'speed_scale': 1.0, 'failure_mode': 'none', 'failure_tick': -1, 'sensing_scale': 1.0, 'goal_mode': 'static', 'goal_velocity': [0.0, 0.0], 'latency': 0}",442.31337787940146,0.0,0.0,-1.0,11990.768435503382,0.07057028533001918,4.182217451116127,2.6331433774662156,12.005572641466365,4.182217451116127,365.0573622322334,70.32660219110298,443.1091528814602,365.0573622322334,0.43567139127892573,0.0,0.7003422865156792,0.43567139127892573,0.9972502749725027,0.93,1.0,0.9972502749725027,0.0110988901109889,0.0,1.0,0.0110988901109889,6.569171857395665,1.9869183153481578,33.63865459567065,6.569171857395665,4.85529398203472,3.092660426550174,13.33313275435283,4.85529398203472,56.1677171222913,32.58436132109415,150.4186896726296,56.1677171222913,198.10982238745225,54.93658734529094,1376.502699056911,198.10982238745225,0.8000776381007367,0.07264787789265753,1.820280524006226,0.8000776381007367,1.3500802038149984,1.013922324047859,3.2338542445629854,1.3500802038149984,0.018590159957573283,-2.220446049250313e-16,0.996379596688336,0.018590159957573283,0.99992200779922,0.9,1.0,0.99992200779922,-0.026880894512551212,-1.0,oscillation,GCM-to-goal distance oscillated without settling,"['stuck', 'oscillation']"
strombom_multi,drive_to_goal,paper,2031,strombom,collect_drive_multi,bearing_only,100,6,compact,10000,True,6167,"{'world_width': 500.0, 'world_height': 500.0, 'goal_center': [370.0, 250.0], 'goal_radius': 21.213203435596427, 'max_ticks': 10000, 'measurement_radius': 5.0, 'n_sheep': 100, 'r_a': 2.0, 'r_s': 65.0, 'rs_weight': 1.0, 'n_neighbors': -1, 'c': 1.05, 'noise_strength': 0.3, 'sheep_speed': 1.0, 'inertia': 0.5, 'graze_move_prob': 0.05, 'collect_threshold_scale': 1.0, 'shepherd_speed': 1.5, 'shepherd_stop_multiple': 3.0, 'n_shepherds': 6, 'initial_spread': 30.0, 'shepherd_start_offset': 50.0, 'success_fraction': 1.0, 'sheep_model': 'strombom', 'dog_controller': 'collect_drive_multi', 'scenario_id': 'drive_to_goal', 'obs_mode': 'bearing_only', 'observation_frequency': 1, 'noise_sigma': 0.0, 'communication': 'none', 'stubborn_fraction': 0.0, 'stubborn_rs_scale': 0.25, 'stubborn_response_scale': 0.25, 'cohesion_scale': 1.0, 'initial_layout': 'compact', 'speed_scale': 1.0, 'failure_mode': 'none', 'failure_tick': -1, 'sensing_scale': 1.0, 'goal_mode': 'static', 'goal_velocity': [0.0, 0.0], 'latency': 0}",13.630738340670693,1.0,100.0,6167.0,22512.844036903305,0.2148872380332462,5.621298799159399,3.155340407027901,11.636854062900948,5.621298799159399,206.83876988978128,13.630738340670693,411.87545193052074,206.83876988978128,0.553555837642653,0.0,0.7033987295928487,0.553555837642653,0.9973929961089494,0.87,1.0,0.9973929961089494,0.0,0.0,0.0,0.0,10.221208817724548,3.0292859188937844,41.72174302963702,10.221208817724548,6.458622848905459,3.6765215042414168,13.309324382210065,6.458622848905459,69.80124165326085,39.74286834541207,156.1707519215855,69.80124165326085,304.8389260657867,75.30893770972074,1614.3413949961605,304.8389260657867,0.34968657417562476,0.06194476602654288,1.3278636379847937,0.34968657417562476,1.548278309990862,1.024282995897071,5.372684261986567,1.548278309990862,0.044004534300696306,-2.220446049250313e-16,0.886541495927218,0.044004534300696306,0.9999643320363164,0.96,1.0,0.9999643320363164,0.004740910611181092,6167.0,none,No failure (scenario success),[]
strombom_multi,drive_to_goal,paper,2026,strombom,collect_drive_multi,bearing_only,100,6,compact,10000,False,10000,"{'world_width': 500.0, 'world_height': 500.0, 'goal_center': [370.0, 250.0], 'goal_radius': 21.213203435596427, 'max_ticks': 10000, 'measurement_radius': 5.0, 'n_sheep': 100, 'r_a': 2.0, 'r_s': 65.0, 'rs_weight': 1.0, 'n_neighbors': -1, 'c': 1.05, 'noise_strength': 0.3, 'sheep_speed': 1.0, 'inertia': 0.5, 'graze_move_prob': 0.05, 'collect_threshold_scale': 1.0, 'shepherd_speed': 1.5, 'shepherd_stop_multiple': 3.0, 'n_shepherds': 6, 'initial_spread': 30.0, 'shepherd_start_offset': 50.0, 'success_fraction': 1.0, 'sheep_model': 'strombom', 'dog_controller': 'collect_drive_multi', 'scenario_id': 'drive_to_goal', 'obs_mode': 'bearing_only', 'observation_frequency': 1, 'noise_sigma': 0.0, 'communication': 'none', 'stubborn_fraction': 0.0, 'stubborn_rs_scale': 0.25, 'stubborn_response_scale': 0.25, 'cohesion_scale': 1.0, 'initial_layout': 'compact', 'speed_scale': 1.0, 'failure_mode': 'none', 'failure_tick': -1, 'sensing_scale': 1.0, 'goal_mode': 'static', 'goal_velocity': [0.0, 0.0], 'latency': 0}",369.87343208277974,0.0,0.0,-1.0,38440.383831918356,0.16127151380451565,5.560627509195575,3.1559458721580915,12.195365145314325,5.560627509195575,256.99754850747644,23.62257877228249,442.3095469626519,256.99754850747644,0.5462909152355144,0.0,0.6941463273812669,0.5462909152355144,0.9969923007699231,0.81,1.0,0.9969923007699231,0.0022997700229977,0.0,1.0,0.0022997700229977,9.977042026396306,3.314590353485871,43.76377952501448,9.977042026396306,6.386193475658087,3.7114246171939302,13.874102153024603,6.386193475658087,69.6754803690066,41.41822046631504,171.49131651823194,69.6754803690066,301.1905405982309,79.96798606419082,1837.5065535664844,301.1905405982309,0.3574631692974223,0.0544215746093021,1.2505004180013906,0.3574631692974223,1.4807052983538356,1.0021828485315296,5.479946355720785,1.4807052983538356,0.07031079927674087,-2.220446049250313e-16,0.9061222613668164,0.07031079927674087,0.99995800419958,0.92,1.0,0.99995800419958,-0.0065044158257394425,-1.0,stuck,Little GCM-to-goal progress near the end of the run,['stuck']
strombom_multi,drive_to_goal,paper,2054,strombom,collect_drive_multi,bearing_only,100,4,compact,10000,False,10000,"{'world_width': 500.0, 'world_height': 500.0, 'goal_center': [370.0, 250.0], 'goal_radius': 21.213203435596427, 'max_ticks': 10000, 'measurement_radius': 5.0, 'n_sheep': 100, 'r_a': 2.0, 'r_s': 65.0, 'rs_weight': 1.0, 'n_neighbors': -1, 'c': 1.05, 'noise_strength': 0.3, 'sheep_speed': 1.0, 'inertia': 0.5, 'graze_move_prob': 0.05, 'collect_threshold_scale': 1.0, 'shepherd_speed': 1.5, 'shepherd_stop_multiple': 3.0, 'n_shepherds': 4, 'initial_spread': 30.0, 'shepherd_start_offset': 50.0, 'success_fraction': 1.0, 'sheep_model': 'strombom', 'dog_controller': 'collect_drive_multi', 'scenario_id': 'drive_to_goal', 'obs_mode': 'bearing_only', 'observation_frequency': 1, 'noise_sigma': 0.0, 'communication': 'none', 'stubborn_fraction': 0.0, 'stubborn_rs_scale': 0.25, 'stubborn_response_scale': 0.25, 'cohesion_scale': 1.0, 'initial_layout': 'compact', 'speed_scale': 1.0, 'failure_mode': 'none', 'failure_tick': -1, 'sensing_scale': 1.0, 'goal_mode': 'static', 'goal_velocity': [0.0, 0.0], 'latency': 0}",139.42140040742387,0.0,0.0,-1.0,26712.426357989043,0.1349521685741983,5.537850579709762,3.4104661369874174,11.042026068493128,5.537850579709762,240.16835089854635,19.117535312645504,441.9156045886629,240.16835089854635,0.5531513114467052,0.0,0.7171791098486394,0.5531513114467052,0.9967853214678533,0.8,1.0,0.9967853214678533,0.0,0.0,0.0,0.0,9.771260044210429,3.6440035478805504,36.28756498933194,9.771260044210429,6.3542637108230675,3.947321755807973,12.578310883684416,6.3542637108230675,69.54795733643697,41.00471291771238,142.51613764851032,69.54795733643697,301.16122283774143,90.86612074707847,1432.7065954886323,301.16122283774143,0.3506911931879723,0.06979796164468306,1.1005201848370445,0.3506911931879723,1.4684653850609455,1.0046278562768833,5.569052863739277,1.4684653850609455,0.05244533411305957,-2.220446049250313e-16,0.9750547099831917,0.05244533411305957,0.9999880011998801,0.94,1.0,0.9999880011998801,-0.0007134077868224001,-1.0,timeout,Timeout without a more specific failure pattern,['timeout']
strombom_multi,drive_to_goal,paper,2047,strombom,collect_drive_multi,bearing_only,100,4,compact,10000,False,10000,"{'world_width': 500.0, 'world_height': 500.0, 'goal_center': [370.0, 250.0], 'goal_radius': 21.213203435596427, 'max_ticks': 10000, 'measurement_radius': 5.0, 'n_sheep': 100, 'r_a': 2.0, 'r_s': 65.0, 'rs_weight': 1.0, 'n_neighbors': -1, 'c': 1.05, 'noise_strength': 0.3, 'sheep_speed': 1.0, 'inertia': 0.5, 'graze_move_prob': 0.05, 'collect_threshold_scale': 1.0, 'shepherd_speed': 1.5, 'shepherd_stop_multiple': 3.0, 'n_shepherds': 4, 'initial_spread': 30.0, 'shepherd_start_offset': 50.0, 'success_fraction': 1.0, 'sheep_model': 'strombom', 'dog_controller': 'collect_drive_multi', 'scenario_id': 'drive_to_goal', 'obs_mode': 'bearing_only', 'observation_frequency': 1, 'noise_sigma': 0.0, 'communication': 'none', 'stubborn_fraction': 0.0, 'stubborn_rs_scale': 0.25, 'stubborn_response_scale': 0.25, 'cohesion_scale': 1.0, 'initial_layout': 'compact', 'speed_scale': 1.0, 'failure_mode': 'none', 'failure_tick': -1, 'sensing_scale': 1.0, 'goal_mode': 'static', 'goal_velocity': [0.0, 0.0], 'latency': 0}",276.9215549805244,0.0,0.0,-1.0,13222.602011833496,0.11319174092838304,4.540931765549997,2.866468233791059,10.881502025944025,4.540931765549997,275.85806755454655,82.34073599679037,441.44730707939254,275.85806755454655,0.44082927000722194,0.0,0.7051037806585618,0.44082927000722194,0.9977402259774024,0.94,1.0,0.9977402259774024,0.0036996300369963003,0.0,1.0,0.0036996300369963003,8.05938488677737,2.724624053329917,67.48307213897736,8.05938488677737,5.301915183013372,3.3295053965212418,12.185566950066214,5.301915183013372,60.15685619352685,35.06543523577365,150.53492116897556,60.15685619352685,213.15132709286382,62.84076844141397,1207.1049182058237,213.15132709286382,0.6956907567331911,0.08284284032960007,1.591323634007266,0.6956907567331911,1.596455983847878,1.0040974825029934,7.895090552352438,1.596455983847878,0.022325198259599385,-2.220446049250313e-16,0.9933567801614406,0.022325198259599385,0.99999600039996,0.98,1.0,0.99999600039996,-0.011864328092824792,-1.0,oscillation,GCM-to-goal distance oscillated without settling,"['stuck', 'oscillation']"
strombom_multi,drive_to_goal,paper,2045,strombom,collect_drive_multi,bearing_only,100,6,compact,10000,True,1233,"{'world_width': 500.0, 'world_height': 500.0, 'goal_center': [370.0, 250.0], 'goal_radius': 21.213203435596427, 'max_ticks': 10000, 'measurement_radius': 5.0, 'n_sheep': 100, 'r_a': 2.0, 'r_s': 65.0, 'rs_weight': 1.0, 'n_neighbors': -1, 'c': 1.05, 'noise_strength': 0.3, 'sheep_speed': 1.0, 'inertia': 0.5, 'graze_move_prob': 0.05, 'collect_threshold_scale': 1.0, 'shepherd_speed': 1.5, 'shepherd_stop_multiple': 3.0, 'n_shepherds': 6, 'initial_spread': 30.0, 'shepherd_start_offset': 50.0, 'success_fraction': 1.0, 'sheep_model': 'strombom', 'dog_controller': 'collect_drive_multi', 'scenario_id': 'drive_to_goal', 'obs_mode': 'bearing_only', 'observation_frequency': 1, 'noise_sigma': 0.0, 'communication': 'none', 'stubborn_fraction': 0.0, 'stubborn_rs_scale': 0.25, 'stubborn_response_scale': 0.25, 'cohesion_scale': 1.0, 'initial_layout': 'compact', 'speed_scale': 1.0, 'failure_mode': 'none', 'failure_tick': -1, 'sensing_scale': 1.0, 'goal_mode': 'static', 'goal_velocity': [0.0, 0.0], 'latency': 0}",9.915759547186823,1.0,100.0,1233.0,5518.5,0.28961006828420627,5.7729580918015175,5.179406302765101,10.327070232267417,5.7729580918015175,83.065955071164,9.61643184558747,142.88432269673066,83.065955071164,0.5686219209053063,0.0,0.6898488715999903,0.5686219209053063,0.9960129659643435,0.86,1.0,0.9960129659643435,0.02593192868719611,0.0,1.0,0.02593192868719611,10.743821895932944,7.292073517828677,29.995984762493748,10.743821895932944,6.632582852876433,5.896045538319529,11.68949803647178,6.632582852876433,74.29134578350165,59.78718029238188,134.16195829734406,74.29134578350165,356.216978150404,249.59639567749628,1104.5480022525269,356.216978150404,0.29435999479277275,0.09053477059943796,0.4006468111390923,0.29435999479277275,1.3437948577252357,1.0211046187947665,1.6311115681893686,1.3437948577252357,0.0797237370688046,0.0,0.8876300644226742,0.0797237370688046,0.9999675850891411,0.98,1.0,0.9999675850891411,0.01986202937097138,1233.0,none,No failure (scenario success),[]
strombom_multi,drive_to_goal,paper,2035,strombom,collect_drive_multi,bearing_only,100,4,compact,10000,False,10000,"{'world_width': 500.0, 'world_height': 500.0, 'goal_center': [370.0, 250.0], 'goal_radius': 21.213203435596427, 'max_ticks': 10000, 'measurement_radius': 5.0, 'n_sheep': 100, 'r_a': 2.0, 'r_s': 65.0, 'rs_weight': 1.0, 'n_neighbors': -1, 'c': 1.05, 'noise_strength': 0.3, 'sheep_speed': 1.0, 'inertia': 0.5, 'graze_move_prob': 0.05, 'collect_threshold_scale': 1.0, 'shepherd_speed': 1.5, 'shepherd_stop_multiple': 3.0, 'n_shepherds': 4, 'initial_spread': 30.0, 'shepherd_start_offset': 50.0, 'success_fraction': 1.0, 'sheep_model': 'strombom', 'dog_controller': 'collect_drive_multi', 'scenario_id': 'drive_to_goal', 'obs_mode': 'bearing_only', 'observation_frequency': 1, 'noise_sigma': 0.0, 'communication': 'none', 'stubborn_fraction': 0.0, 'stubborn_rs_scale': 0.25, 'stubborn_response_scale': 0.25, 'cohesion_scale': 1.0, 'initial_layout': 'compact', 'speed_scale': 1.0, 'failure_mode': 'none', 'failure_tick': -1, 'sensing_scale': 1.0, 'goal_mode': 'static', 'goal_velocity': [0.0, 0.0], 'latency': 0}",49.9317012297547,0.0,0.0,-1.0,26736.955961119245,0.3008316541945012,5.553807230817223,3.5020444279276615,11.62515944811372,5.553807230817223,235.67510423441013,12.281646585939404,441.59754687425686,235.67510423441013,0.5584167075820446,0.0,0.7035083648360512,0.5584167075820446,0.9964403559644035,0.85,1.0,0.9964403559644035,0.0,0.0,0.0,0.0,9.961352174801263,4.6234880891653525,40.14084210398844,9.961352174801263,6.382396478650764,4.1611219097268926,13.23953074312138,6.382396478650764,70.7027347999593,44.12627209841095,151.87152936514704,70.7027347999593,311.24312306731446,87.58803822671007,1643.5351621232944,311.24312306731446,0.34237357748886765,0.06084445426212197,1.141708411611677,0.34237357748886765,1.4598166791604221,1.0042202295395875,5.173688677540652,1.4598166791604221,0.04787417640408216,-2.220446049250313e-16,0.9863269096967254,0.04787417640408216,0.9999880011998801,0.96,1.0,0.9999880011998801,0.002621573061421859,-1.0,timeout,Timeout without a more specific failure pattern,['timeout']
strombom_multi,drive_to_goal,paper,2028,strombom,collect_drive_multi,bearing_only,100,6,compact,10000,False,10000,"{'world_width': 500.0, 'world_height': 500.0, 'goal_center': [370.0, 250.0], 'goal_radius': 21.213203435596427, 'max_ticks': 10000, 'measurement_radius': 5.0, 'n_sheep': 100, 'r_a': 2.0, 'r_s': 65.0, 'rs_weight': 1.0, 'n_neighbors': -1, 'c': 1.05, 'noise_strength': 0.3, 'sheep_speed': 1.0, 'inertia': 0.5, 'graze_move_prob': 0.05, 'collect_threshold_scale': 1.0, 'shepherd_speed': 1.5, 'shepherd_stop_multiple': 3.0, 'n_shepherds': 6, 'initial_spread': 30.0, 'shepherd_start_offset': 50.0, 'success_fraction': 1.0, 'sheep_model': 'strombom', 'dog_controller': 'collect_drive_multi', 'scenario_id': 'drive_to_goal', 'obs_mode': 'bearing_only', 'observation_frequency': 1, 'noise_sigma': 0.0, 'communication': 'none', 'stubborn_fraction': 0.0, 'stubborn_rs_scale': 0.25, 'stubborn_response_scale': 0.25, 'cohesion_scale': 1.0, 'initial_layout': 'compact', 'speed_scale': 1.0, 'failure_mode': 'none', 'failure_tick': -1, 'sensing_scale': 1.0, 'goal_mode': 'static', 'goal_velocity': [0.0, 0.0], 'latency': 0}",442.5172896528992,0.0,0.0,-1.0,21559.398338751376,0.05776372339468859,4.402972127030866,2.536939037493018,11.063974804786936,4.402972127030866,321.0543973876638,22.890737519234325,443.2148577027392,321.0543973876638,0.46121725786713125,0.0,0.6888496771833228,0.46121725786713125,0.9977972202779724,0.85,1.0,0.9977972202779724,0.0021997800219978004,0.0,1.0,0.0021997800219978004,6.871466693931549,1.9598053564115572,41.855293069901585,6.871466693931549,5.069742711522389,2.9695798558129436,12.81666226249493,5.069742711522389,56.67398309236516,31.365644392165596,148.83797308977194,56.67398309236516,208.5065251447543,48.690304312988815,1581.7256784021338,208.5065251447543,0.799294585655495,0.06322208797989576,2.0537969809591767,0.799294585655495,1.3792588443150038,1.0084993834372107,4.9416759369184025,1.3792588443150038,0.03767724419131178,-2.220446049250313e-16,0.9529204484794942,0.03767724419131178,0.99999200079992,0.98,1.0,0.99999200079992,-0.014899060527164262,-1.0,stuck,Little GCM-to-goal progress near the end of the run,['stuck']
strombom_multi,drive_to_goal,paper,2030,strombom,collect_drive_multi,bearing_only,100,6,compact,10000,False,10000,"{'world_width': 500.0, 'world_height': 500.0, 'goal_center': [370.0, 250.0], 'goal_radius': 21.213203435596427, 'max_ticks': 10000, 'measurement_radius': 5.0, 'n_sheep': 100, 'r_a': 2.0, 'r_s': 65.0, 'rs_weight': 1.0, 'n_neighbors': -1, 'c': 1.05, 'noise_strength': 0.3, 'sheep_speed': 1.0, 'inertia': 0.5, 'graze_move_prob': 0.05, 'collect_threshold_scale': 1.0, 'shepherd_speed': 1.5, 'shepherd_stop_multiple': 3.0, 'n_shepherds': 6, 'initial_spread': 30.0, 'shepherd_start_offset': 50.0, 'success_fraction': 1.0, 'sheep_model': 'strombom', 'dog_controller': 'collect_drive_multi', 'scenario_id': 'drive_to_goal', 'obs_mode': 'bearing_only', 'observation_frequency': 1, 'noise_sigma': 0.0, 'communication': 'none', 'stubborn_fraction': 0.0, 'stubborn_rs_scale': 0.25, 'stubborn_response_scale': 0.25, 'cohesion_scale': 1.0, 'initial_layout': 'compact', 'speed_scale': 1.0, 'failure_mode': 'none', 'failure_tick': -1, 'sensing_scale': 1.0, 'goal_mode': 'static', 'goal_velocity': [0.0, 0.0], 'latency': 0}",102.78222533408119,0.0,0.0,-1.0,34711.807235601664,0.05907846188895459,5.410943756366794,3.1459582464918743,11.115050666746765,5.410943756366794,184.37802854306733,16.363162791690414,277.62487103510534,184.37802854306733,0.5251620226456982,0.0,0.6997725029714743,0.5251620226456982,0.9969673032696732,0.86,1.0,0.9969673032696732,0.0016998300169983002,0.0,1.0,0.0016998300169983002,9.758526393951586,3.0644427987434177,42.76117383416059,9.758526393951586,6.237330323832332,3.697383839773155,12.895949951768126,6.237330323832332,68.57213080815568,39.87455882223405,152.85612315842462,68.57213080815568,289.2163947380136,73.18474074777073,1614.6068528749327,289.2163947380136,0.40303690326400005,0.06193458167351529,1.3664050590087808,0.40303690326400005,1.5086636741981638,1.0032963771919574,4.994951676817485,1.5086636741981638,0.058294564545957814,-2.220446049250313e-16,0.9157055942260985,0.058294564545957814,0.99996400359964,0.92,1.0,0.99996400359964,0.0005166217805878885,-1.0,timeout,Timeout without a more specific failure pattern,['timeout']
strombom_multi,drive_to_goal,paper,2027,strombom,collect_drive_multi,bearing_only,100,6,compact,10000,False,10000,"{'world_width': 500.0, 'world_height': 500.0, 'goal_center': [370.0, 250.0], 'goal_radius': 21.213203435596427, 'max_ticks': 10000, 'measurement_radius': 5.0, 'n_sheep': 100, 'r_a': 2.0, 'r_s': 65.0, 'rs_weight': 1.0, 'n_neighbors': -1, 'c': 1.05, 'noise_strength': 0.3, 'sheep_speed': 1.0, 'inertia': 0.5, 'graze_move_prob': 0.05, 'collect_threshold_scale': 1.0, 'shepherd_speed': 1.5, 'shepherd_stop_multiple': 3.0, 'n_shepherds': 6, 'initial_spread': 30.0, 'shepherd_start_offset': 50.0, 'success_fraction': 1.0, 'sheep_model': 'strombom', 'dog_controller': 'collect_drive_multi', 'scenario_id': 'drive_to_goal', 'obs_mode': 'bearing_only', 'observation_frequency': 1, 'noise_sigma': 0.0, 'communication': 'none', 'stubborn_fraction': 0.0, 'stubborn_rs_scale': 0.25, 'stubborn_response_scale': 0.25, 'cohesion_scale': 1.0, 'initial_layout': 'compact', 'speed_scale': 1.0, 'failure_mode': 'none', 'failure_tick': -1, 'sensing_scale': 1.0, 'goal_mode': 'static', 'goal_velocity': [0.0, 0.0], 'latency': 0}",179.5862659074179,0.0,0.0,-1.0,40196.64634876497,0.12958734841165012,5.60393240881282,3.6699185831623593,11.974873727693602,5.60393240881282,269.3241495452019,75.35950288378639,441.8282554062278,269.3241495452019,0.5502490641875741,0.0,0.6996917144654478,0.5502490641875741,0.9966523347665234,0.87,1.0,0.9966523347665234,0.0,0.0,0.0,0.0,10.167146280588751,5.5985588017881796,33.83655619292399,10.167146280588751,6.443695981594436,4.6020505453326495,13.3129319455607,6.443695981594436,70.96479847600199,49.783542181581616,142.28448549385237,70.96479847600199,311.730412128739,115.45222806931525,1373.0116771679652,311.730412128739,0.3405805845437278,0.0728325925138994,0.8661591176911888,0.3405805845437278,1.4766049788969022,1.0011835086942038,4.8131570777988,1.4766049788969022,0.07688245825712713,-2.220446049250313e-16,0.9084693275781618,0.07688245825712713,0.9999880011998801,0.9,1.0,0.9999880011998801,-0.0015145538021662697,-1.0,timeout,Timeout without a more specific failure pattern,['timeout']
strombom_multi,drive_to_goal,paper,2049,strombom,collect_drive_multi,bearing_only,100,6,compact,10000,True,2285,"{'world_width': 500.0, 'world_height': 500.0, 'goal_center': [370.0, 250.0], 'goal_radius': 21.213203435596427, 'max_ticks': 10000, 'measurement_radius': 5.0, 'n_sheep': 100, 'r_a': 2.0, 'r_s': 65.0, 'rs_weight': 1.0, 'n_neighbors': -1, 'c': 1.05, 'noise_strength': 0.3, 'sheep_speed': 1.0, 'inertia': 0.5, 'graze_move_prob': 0.05, 'collect_threshold_scale': 1.0, 'shepherd_speed': 1.5, 'shepherd_stop_multiple': 3.0, 'n_shepherds': 6, 'initial_spread': 30.0, 'shepherd_start_offset': 50.0, 'success_fraction': 1.0, 'sheep_model': 'strombom', 'dog_controller': 'collect_drive_multi', 'scenario_id': 'drive_to_goal', 'obs_mode': 'bearing_only', 'observation_frequency': 1, 'noise_sigma': 0.0, 'communication': 'none', 'stubborn_fraction': 0.0, 'stubborn_rs_scale': 0.25, 'stubborn_response_scale': 0.25, 'cohesion_scale': 1.0, 'initial_layout': 'compact', 'speed_scale': 1.0, 'failure_mode': 'none', 'failure_tick': -1, 'sensing_scale': 1.0, 'goal_mode': 'static', 'goal_velocity': [0.0, 0.0], 'latency': 0}",12.630601294228645,1.0,100.0,2285.0,8867.57275302103,0.10686127250796199,5.587303714864663,4.4779146318221255,10.566037679394258,5.587303714864663,220.6364899341238,12.630601294228645,435.03931682132315,220.6364899341238,0.5613325192290703,0.0,0.6964638365754946,0.5613325192290703,0.9965354330708661,0.92,1.0,0.9965354330708661,0.0,0.0,0.0,0.0,9.899670712693245,6.6011523751846575,35.82948891662957,9.899670712693245,6.404915118055623,5.509779064896778,12.143749056984369,6.404915118055623,69.89220055227011,56.470066895346726,150.32863191972268,69.89220055227011,309.4788636426993,112.02323467765979,1509.9657896092385,309.4788636426993,0.34178909323745005,0.06622666598683592,0.8926719558468748,0.34178909323745005,1.4975448009797496,1.0160146201825948,5.48964547155552,1.4975448009797496,0.05301517987914658,0.0,0.8880358101183876,0.05301517987914658,0.9999475065616799,0.98,1.0,0.9999475065616799,0.012148560707209906,2285.0,none,No failure (scenario success),[]
strombom_multi,drive_to_goal,paper,2032,strombom,collect_drive_multi,bearing_only,100,6,compact,10000,False,10000,"{'world_width': 500.0, 'world_height': 500.0, 'goal_center': [370.0, 250.0], 'goal_radius': 21.213203435596427, 'max_ticks': 10000, 'measurement_radius': 5.0, 'n_sheep': 100, 'r_a': 2.0, 'r_s': 65.0, 'rs_weight': 1.0, 'n_neighbors': -1, 'c': 1.05, 'noise_strength': 0.3, 'sheep_speed': 1.0, 'inertia': 0.5, 'graze_move_prob': 0.05, 'collect_threshold_scale': 1.0, 'shepherd_speed': 1.5, 'shepherd_stop_multiple': 3.0, 'n_shepherds': 6, 'initial_spread': 30.0, 'shepherd_start_offset': 50.0, 'success_fraction': 1.0, 'sheep_model': 'strombom', 'dog_controller': 'collect_drive_multi', 'scenario_id': 'drive_to_goal', 'obs_mode': 'bearing_only', 'observation_frequency': 1, 'noise_sigma': 0.0, 'communication': 'none', 'stubborn_fraction': 0.0, 'stubborn_rs_scale': 0.25, 'stubborn_response_scale': 0.25, 'cohesion_scale': 1.0, 'initial_layout': 'compact', 'speed_scale': 1.0, 'failure_mode': 'none', 'failure_tick': -1, 'sensing_scale': 1.0, 'goal_mode': 'static', 'goal_velocity': [0.0, 0.0], 'latency': 0}",149.37508578055397,0.0,0.0,-1.0,39447.05705386814,0.36462603121888393,5.5878971233658055,2.9826237810667293,11.39978104158245,5.5878971233658055,244.92588216141408,13.302364927996724,439.39341663703954,244.92588216141408,0.5553434951242392,0.0,0.6913959444761738,0.5553434951242392,0.996837316268373,0.93,1.0,0.996837316268373,0.004899510048995101,0.0,1.0,0.004899510048995101,9.944783350283828,3.1812499228287474,31.542547388134366,9.944783350283828,6.4112592129203785,3.5650283099947098,12.708168836781992,6.4112592129203785,70.43384832764735,38.70218478836475,139.0032405204169,70.43384832764735,312.0716184988951,75.19012303353662,1322.7192219133344,312.0716184988951,0.33946256738682123,0.07560183472297953,1.3299619147503932,0.33946256738682123,1.4396200388569147,1.00452661594954,4.586068117306501,1.4396200388569147,0.06964285426011356,-2.220446049250313e-16,0.994593771380304,0.06964285426011356,0.9999720027997201,0.94,1.0,0.9999720027997201,-0.0007516158062258145,-1.0,stuck,Little GCM-to-goal progress near the end of the run,['stuck']
strombom_multi,drive_to_goal,paper,2043,strombom,collect_drive_multi,bearing_only,100,6,compact,10000,True,5025,"{'world_width': 500.0, 'world_height': 500.0, 'goal_center': [370.0, 250.0], 'goal_radius': 21.213203435596427, 'max_ticks': 10000, 'measurement_radius': 5.0, 'n_sheep': 100, 'r_a': 2.0, 'r_s': 65.0, 'rs_weight': 1.0, 'n_neighbors': -1, 'c': 1.05, 'noise_strength': 0.3, 'sheep_speed': 1.0, 'inertia': 0.5, 'graze_move_prob': 0.05, 'collect_threshold_scale': 1.0, 'shepherd_speed': 1.5, 'shepherd_stop_multiple': 3.0, 'n_shepherds': 6, 'initial_spread': 30.0, 'shepherd_start_offset': 50.0, 'success_fraction': 1.0, 'sheep_model': 'strombom', 'dog_controller': 'collect_drive_multi', 'scenario_id': 'drive_to_goal', 'obs_mode': 'bearing_only', 'observation_frequency': 1, 'noise_sigma': 0.0, 'communication': 'none', 'stubborn_fraction': 0.0, 'stubborn_rs_scale': 0.25, 'stubborn_response_scale': 0.25, 'cohesion_scale': 1.0, 'initial_layout': 'compact', 'speed_scale': 1.0, 'failure_mode': 'none', 'failure_tick': -1, 'sensing_scale': 1.0, 'goal_mode': 'static', 'goal_velocity': [0.0, 0.0], 'latency': 0}",10.41038025193032,1.0,100.0,5025.0,20091.70603523892,0.12135819857000962,5.607004343191139,3.9620002189879218,11.16758343516255,5.607004343191139,270.82698966902166,10.41038025193032,439.8255473864349,270.82698966902166,0.5556394753654538,0.0,0.7083425864450318,0.5556394753654538,0.9969339434938321,0.94,1.0,0.9969339434938321,0.0,0.0,0.0,0.0,9.93975628235913,4.576155673351294,35.023827547639364,9.93975628235913,6.426865189716368,4.5589954139903135,12.638779503138599,6.426865189716368,69.84729033083735,45.58582830741926,138.15040472898895,69.84729033083735,305.19735803884606,115.47826964839541,1220.295665650994,305.19735803884606,0.34606139725972956,0.08194735326430318,0.8659637895898237,0.34606139725972956,1.466143709896874,1.0047345333671418,5.227063733690444,1.466143709896874,0.07434554005568726,-2.220446049250313e-16,0.7723435811715361,0.07434554005568726,0.999992041384799,0.98,1.0,0.999992041384799,0.0054602225034666154,5025.0,none,No failure (scenario success),[]
strombom_multi,drive_to_goal,paper,2033,strombom,collect_drive_multi,bearing_only,100,6,compact,10000,False,10000,"{'world_width': 500.0, 'world_height': 500.0, 'goal_center': [370.0, 250.0], 'goal_radius': 21.213203435596427, 'max_ticks': 10000, 'measurement_radius': 5.0, 'n_sheep': 100, 'r_a': 2.0, 'r_s': 65.0, 'rs_weight': 1.0, 'n_neighbors': -1, 'c': 1.05, 'noise_strength': 0.3, 'sheep_speed': 1.0, 'inertia': 0.5, 'graze_move_prob': 0.05, 'collect_threshold_scale': 1.0, 'shepherd_speed': 1.5, 'shepherd_stop_multiple': 3.0, 'n_shepherds': 6, 'initial_spread': 30.0, 'shepherd_start_offset': 50.0, 'success_fraction': 1.0, 'sheep_model': 'strombom', 'dog_controller': 'collect_drive_multi', 'scenario_id': 'drive_to_goal', 'obs_mode': 'bearing_only', 'observation_frequency': 1, 'noise_sigma': 0.0, 'communication': 'none', 'stubborn_fraction': 0.0, 'stubborn_rs_scale': 0.25, 'stubborn_response_scale': 0.25, 'cohesion_scale': 1.0, 'initial_layout': 'compact', 'speed_scale': 1.0, 'failure_mode': 'none', 'failure_tick': -1, 'sensing_scale': 1.0, 'goal_mode': 'static', 'goal_velocity': [0.0, 0.0], 'latency': 0}",441.92704415420366,0.0,0.0,-1.0,27636.06252512811,0.06282075214374806,4.912336318540844,2.8558008827718933,11.639393164639706,4.912336318540844,288.6290588973672,32.917322528852246,442.71512361798426,288.6290588973672,0.4891358328916437,0.0,0.7152399009325211,0.4891358328916437,0.9979712028797121,0.88,1.0,0.9979712028797121,0.0020997900209979003,0.0,1.0,0.0020997900209979003,8.115368447605588,2.3940100158419044,36.615258514360946,8.115368447605588,5.649557659042153,3.2493960479308757,13.11833570829099,5.649557659042153,62.00611426337345,33.58516364391065,141.82308952855192,62.00611426337345,243.7751925390464,63.76714605955428,1425.4297079025723,243.7751925390464,0.5666841996292081,0.0701542836139872,1.5682056698382996,0.5666841996292081,1.42983842292911,1.003334741571076,5.11414968176452,1.42983842292911,0.04272405991293339,-2.220446049250313e-16,0.9811538318294303,0.04272405991293339,1.0,1.0,1.0,1.0,-0.01162998772103193,-1.0,stuck,Little GCM-to-goal progress near the end of the run,['stuck']
strombom_multi,drive_to_goal,paper,2042,strombom,collect_drive_multi,bearing_only,100,6,compact,10000,False,10000,"{'world_width': 500.0, 'world_height': 500.0, 'goal_center': [370.0, 250.0], 'goal_radius': 21.213203435596427, 'max_ticks': 10000, 'measurement_radius': 5.0, 'n_sheep': 100, 'r_a': 2.0, 'r_s': 65.0, 'rs_weight': 1.0, 'n_neighbors': -1, 'c': 1.05, 'noise_strength': 0.3, 'sheep_speed': 1.0, 'inertia': 0.5, 'graze_move_prob': 0.05, 'collect_threshold_scale': 1.0, 'shepherd_speed': 1.5, 'shepherd_stop_multiple': 3.0, 'n_shepherds': 6, 'initial_spread': 30.0, 'shepherd_start_offset': 50.0, 'success_fraction': 1.0, 'sheep_model': 'strombom', 'dog_controller': 'collect_drive_multi', 'scenario_id': 'drive_to_goal', 'obs_mode': 'bearing_only', 'observation_frequency': 1, 'noise_sigma': 0.0, 'communication': 'none', 'stubborn_fraction': 0.0, 'stubborn_rs_scale': 0.25, 'stubborn_response_scale': 0.25, 'cohesion_scale': 1.0, 'initial_layout': 'compact', 'speed_scale': 1.0, 'failure_mode': 'none', 'failure_tick': -1, 'sensing_scale': 1.0, 'goal_mode': 'static', 'goal_velocity': [0.0, 0.0], 'latency': 0}",400.8855113647917,0.0,0.0,-1.0,39169.69173387577,0.20186264212147265,5.588844982735197,3.2397199419187928,10.655442457120753,5.588844982735197,218.12369073954716,36.94556760728462,442.0766445595312,218.12369073954716,0.5435226455315546,0.0,0.7046069078833267,0.5435226455315546,0.997061293870613,0.84,1.0,0.997061293870613,0.0,0.0,0.0,0.0,10.042575513767096,3.4690306034447707,37.96711659495715,10.042575513767096,6.419412301277476,3.830502952251222,12.30875991121643,6.419412301277476,69.74695305719214,41.379991873638126,139.02173833720894,69.74695305719214,302.7196024607178,81.41438027726576,1436.0635607509732,302.7196024607178,0.3569774166996904,0.06963480080763704,1.2282842374951308,0.3569774166996904,1.5020470177225786,1.007659930157165,4.745691122518194,1.5020470177225786,0.08077916886404661,-2.220446049250313e-16,0.9341795784647797,0.08077916886404661,0.99999200079992,0.96,1.0,0.99999200079992,-0.007186288138063763,-1.0,stuck,Little GCM-to-goal progress near the end of the run,['stuck']
strombom_multi,drive_to_goal,paper,2037,strombom,collect_drive_multi,bearing_only,100,6,compact,10000,False,10000,"{'world_width': 500.0, 'world_height': 500.0, 'goal_center': [370.0, 250.0], 'goal_radius': 21.213203435596427, 'max_ticks': 10000, 'measurement_radius': 5.0, 'n_sheep': 100, 'r_a': 2.0, 'r_s': 65.0, 'rs_weight': 1.0, 'n_neighbors': -1, 'c': 1.05, 'noise_strength': 0.3, 'sheep_speed': 1.0, 'inertia': 0.5, 'graze_move_prob': 0.05, 'collect_threshold_scale': 1.0, 'shepherd_speed': 1.5, 'shepherd_stop_multiple': 3.0, 'n_shepherds': 6, 'initial_spread': 30.0, 'shepherd_start_offset': 50.0, 'success_fraction': 1.0, 'sheep_model': 'strombom', 'dog_controller': 'collect_drive_multi', 'scenario_id': 'drive_to_goal', 'obs_mode': 'bearing_only', 'observation_frequency': 1, 'noise_sigma': 0.0, 'communication': 'none', 'stubborn_fraction': 0.0, 'stubborn_rs_scale': 0.25, 'stubborn_response_scale': 0.25, 'cohesion_scale': 1.0, 'initial_layout': 'compact', 'speed_scale': 1.0, 'failure_mode': 'none', 'failure_tick': -1, 'sensing_scale': 1.0, 'goal_mode': 'static', 'goal_velocity': [0.0, 0.0], 'latency': 0}",343.5644043642579,0.0,0.0,-1.0,40397.67807752046,0.09796774149751235,5.619709639214062,4.032377305942852,11.373483832599003,5.619709639214062,246.79241391709795,45.34758426681194,440.3395011498027,246.79241391709795,0.5565251317030213,0.0,0.6983606677387576,0.5565251317030213,0.9973122687731227,0.88,1.0,0.9973122687731227,0.0038996100389961006,0.0,1.0,0.0038996100389961006,9.830787650979364,4.828261309276992,31.45492557641533,9.830787650979364,6.432255192120418,4.689529514203127,12.681130078459342,6.432255192120418,69.86190473646955,46.63216287621216,141.44693804691335,69.86190473646955,309.55163894526993,108.65281173826651,1390.9848040840357,309.55163894526993,0.3394823513162683,0.07189151147186691,0.9203627444164976,0.3394823513162683,1.4382459919168986,1.002617222856412,4.417079598280752,1.4382459919168986,0.0797357636209384,-2.220446049250313e-16,0.9584167066284148,0.0797357636209384,0.9999700029997001,0.92,1.0,0.9999700029997001,-0.005536801243313382,-1.0,stuck,Little GCM-to-goal progress near the end of the run,['stuck']
strombom_multi,drive_to_goal,paper,2044,strombom,collect_drive_multi,bearing_only,100,6,compact,10000,True,8603,"{'world_width': 500.0, 'world_height': 500.0, 'goal_center': [370.0, 250.0], 'goal_radius': 21.213203435596427, 'max_ticks': 10000, 'measurement_radius': 5.0, 'n_sheep': 100, 'r_a': 2.0, 'r_s': 65.0, 'rs_weight': 1.0, 'n_neighbors': -1, 'c': 1.05, 'noise_strength': 0.3, 'sheep_speed': 1.0, 'inertia': 0.5, 'graze_move_prob': 0.05, 'collect_threshold_scale': 1.0, 'shepherd_speed': 1.5, 'shepherd_stop_multiple': 3.0, 'n_shepherds': 6, 'initial_spread': 30.0, 'shepherd_start_offset': 50.0, 'success_fraction': 1.0, 'sheep_model': 'strombom', 'dog_controller': 'collect_drive_multi', 'scenario_id': 'drive_to_goal', 'obs_mode': 'bearing_only', 'observation_frequency': 1, 'noise_sigma': 0.0, 'communication': 'none', 'stubborn_fraction': 0.0, 'stubborn_rs_scale': 0.25, 'stubborn_response_scale': 0.25, 'cohesion_scale': 1.0, 'initial_layout': 'compact', 'speed_scale': 1.0, 'failure_mode': 'none', 'failure_tick': -1, 'sensing_scale': 1.0, 'goal_mode': 'static', 'goal_velocity': [0.0, 0.0], 'latency': 0}",10.745736969794855,1.0,100.0,8603.0,33968.53753157662,0.03437535244328042,5.586280024435865,4.037202471161938,10.822605174199428,5.586280024435865,215.50984485661266,10.745736969794855,440.3233036802146,215.50984485661266,0.5640762498047928,0.0,0.7357571153947166,0.5640762498047928,0.9972373314737331,0.88,1.0,0.9972373314737331,0.0,0.0,0.0,0.0,9.585421683792013,5.012104841895175,28.65635179705466,9.585421683792013,6.384445814483315,4.639051201353021,12.074151504501794,6.384445814483315,69.2980822714441,46.962058827883865,139.87096602322538,69.2980822714441,309.3797637168213,111.83435256289727,1279.684347864241,309.3797637168213,0.3368137569294822,0.07814427062962623,0.8941796300359368,0.3368137569294822,1.4079286058278042,1.001992228966308,4.035280007810589,1.4079286058278042,0.06123434427866243,-2.220446049250313e-16,0.949918417295272,0.06123434427866243,0.9999674569967458,0.9,1.0,0.9999674569967458,0.003271961525853694,8603.0,none,No failure (scenario success),[]
strombom_multi,drive_to_goal,paper,2034,strombom,collect_drive_multi,bearing_only,100,6,compact,10000,False,10000,"{'world_width': 500.0, 'world_height': 500.0, 'goal_center': [370.0, 250.0], 'goal_radius': 21.213203435596427, 'max_ticks': 10000, 'measurement_radius': 5.0, 'n_sheep': 100, 'r_a': 2.0, 'r_s': 65.0, 'rs_weight': 1.0, 'n_neighbors': -1, 'c': 1.05, 'noise_strength': 0.3, 'sheep_speed': 1.0, 'inertia': 0.5, 'graze_move_prob': 0.05, 'collect_threshold_scale': 1.0, 'shepherd_speed': 1.5, 'shepherd_stop_multiple': 3.0, 'n_shepherds': 6, 'initial_spread': 30.0, 'shepherd_start_offset': 50.0, 'success_fraction': 1.0, 'sheep_model': 'strombom', 'dog_controller': 'collect_drive_multi', 'scenario_id': 'drive_to_goal', 'obs_mode': 'bearing_only', 'observation_frequency': 1, 'noise_sigma': 0.0, 'communication': 'none', 'stubborn_fraction': 0.0, 'stubborn_rs_scale': 0.25, 'stubborn_response_scale': 0.25, 'cohesion_scale': 1.0, 'initial_layout': 'compact', 'speed_scale': 1.0, 'failure_mode': 'none', 'failure_tick': -1, 'sensing_scale': 1.0, 'goal_mode': 'static', 'goal_velocity': [0.0, 0.0], 'latency': 0}",110.39848270639482,0.0,0.0,-1.0,38490.845458991156,0.20744013431408098,5.562093509776581,3.2029126130061134,11.057205575201,5.562093509776581,288.3139888913135,78.83953991671466,442.2527540452895,288.3139888913135,0.5445399816775359,0.0,0.7132314535353267,0.5445399816775359,0.9971572842715728,0.84,1.0,0.9971572842715728,0.0,0.0,0.0,0.0,9.911666624420098,3.1248050687404167,32.38735352857762,9.911666624420098,6.386546520368287,3.7723446591405394,12.435801086413118,6.386546520368287,69.28908346002825,39.78251261619387,135.6133214403201,69.28908346002825,298.0887700941469,76.61478414974182,1333.0527759391073,298.0887700941469,0.36084294039056775,0.07501578467480564,1.305231113156337,0.36084294039056775,1.5055337571499252,1.0032189466215133,5.323151683047852,1.5055337571499252,0.0709710707393536,-2.220446049250313e-16,0.9509561247691328,0.0709710707393536,0.9999880011998801,0.98,1.0,0.9999880011998801,0.00027968104347448215,-1.0,stuck,Little GCM-to-goal progress near the end of the run,['stuck']
strombom_multi,drive_to_goal,paper,2051,strombom,collect_drive_multi,bearing_only,100,6,compact,10000,True,4023,"{'world_width': 500.0, 'world_height': 500.0, 'goal_center': [370.0, 250.0], 'goal_radius': 21.213203435596427, 'max_ticks': 10000, 'measurement_radius': 5.0, 'n_sheep': 100, 'r_a': 2.0, 'r_s': 65.0, 'rs_weight': 1.0, 'n_neighbors': -1, 'c': 1.05, 'noise_strength': 0.3, 'sheep_speed': 1.0, 'inertia': 0.5, 'graze_move_prob': 0.05, 'collect_threshold_scale': 1.0, 'shepherd_speed': 1.5, 'shepherd_stop_multiple': 3.0, 'n_shepherds': 6, 'initial_spread': 30.0, 'shepherd_start_offset': 50.0, 'success_fraction': 1.0, 'sheep_model': 'strombom', 'dog_controller': 'collect_drive_multi', 'scenario_id': 'drive_to_goal', 'obs_mode': 'bearing_only', 'observation_frequency': 1, 'noise_sigma': 0.0, 'communication': 'none', 'stubborn_fraction': 0.0, 'stubborn_rs_scale': 0.25, 'stubborn_response_scale': 0.25, 'cohesion_scale': 1.0, 'initial_layout': 'compact', 'speed_scale': 1.0, 'failure_mode': 'none', 'failure_tick': -1, 'sensing_scale': 1.0, 'goal_mode': 'static', 'goal_velocity': [0.0, 0.0], 'latency': 0}",10.489256463674305,1.0,100.0,4023.0,16230.791694141668,0.17792998331349563,5.620566824972601,4.379634581786889,12.005572641466365,5.620566824972601,173.17524376598408,10.489256463674305,308.5232118749042,173.17524376598408,0.5616734997339199,0.0,0.7132316368478816,0.5616734997339199,0.9964662027833003,0.93,1.0,0.9964662027833003,0.0,0.0,0.0,0.0,10.11331463475346,5.9186527968367555,33.63865459567065,10.11331463475346,6.451959938423112,5.256986126308928,13.33313275435283,6.451959938423112,71.25601126324067,53.95812764482483,136.46346743534752,71.25601126324067,324.63491330255255,124.25155183560281,1376.502699056911,324.63491330255255,0.32994309963256235,0.07264787789265753,0.8048189219584957,0.32994309963256235,1.4494414165119962,1.0108497679733406,5.11169783913621,1.4494414165119962,0.0651390780890227,-2.220446049250313e-16,0.9362121773480521,0.0651390780890227,0.999955268389662,0.92,1.0,0.999955268389662,0.006746531040507129,4023.0,none,No failure (scenario success),[]
strombom_multi,drive_to_goal,paper,2041,strombom,collect_drive_multi,bearing_only,100,6,compact,10000,True,7491,"{'world_width': 500.0, 'world_height': 500.0, 'goal_center': [370.0, 250.0], 'goal_radius': 21.213203435596427, 'max_ticks': 10000, 'measurement_radius': 5.0, 'n_sheep': 100, 'r_a': 2.0, 'r_s': 65.0, 'rs_weight': 1.0, 'n_neighbors': -1, 'c': 1.05, 'noise_strength': 0.3, 'sheep_speed': 1.0, 'inertia': 0.5, 'graze_move_prob': 0.05, 'collect_threshold_scale': 1.0, 'shepherd_speed': 1.5, 'shepherd_stop_multiple': 3.0, 'n_shepherds': 6, 'initial_spread': 30.0, 'shepherd_start_offset': 50.0, 'success_fraction': 1.0, 'sheep_model': 'strombom', 'dog_controller': 'collect_drive_multi', 'scenario_id': 'drive_to_goal', 'obs_mode': 'bearing_only', 'observation_frequency': 1, 'noise_sigma': 0.0, 'communication': 'none', 'stubborn_fraction': 0.0, 'stubborn_rs_scale': 0.25, 'stubborn_response_scale': 0.25, 'cohesion_scale': 1.0, 'initial_layout': 'compact', 'speed_scale': 1.0, 'failure_mode': 'none', 'failure_tick': -1, 'sensing_scale': 1.0, 'goal_mode': 'static', 'goal_velocity': [0.0, 0.0], 'latency': 0}",10.079339089721875,1.0,100.0,7491.0,23215.621860789015,0.16119961692795165,5.290749119863544,3.275788685312402,13.012791645232644,5.290749119863544,195.48750286789357,10.079339089721875,306.71579644409826,195.48750286789357,0.49728806543289017,0.0,0.6949012792309669,0.49728806543289017,0.9974839829151095,0.76,1.0,0.9974839829151095,0.0,0.0,0.0,0.0,9.409960309666877,3.5767986996695957,40.36119074468163,9.409960309666877,6.100284196567879,3.8075000095379554,14.480812723977827,6.100284196567879,66.54444116961804,41.77951041758085,147.98819115543864,66.54444116961804,272.11175587241127,84.09143464936942,1587.9418502671692,272.11175587241127,0.44640949789462847,0.06297459820910642,1.189181756940686,0.44640949789462847,1.5044068355372882,1.0071085854129342,4.861392136301743,1.5044068355372882,0.05866942807415552,-2.220446049250313e-16,0.9180631374799895,0.05866942807415552,0.9999305926321409,0.84,1.0,0.9999305926321409,0.004663926823567902,7491.0,none,No failure (scenario success),[]
strombom_multi,drive_to_goal,paper,2046,strombom,collect_drive_multi,bearing_only,100,6,compact,10000,False,10000,"{'world_width': 500.0, 'world_height': 500.0, 'goal_center': [370.0, 250.0], 'goal_radius': 21.213203435596427, 'max_ticks': 10000, 'measurement_radius': 5.0, 'n_sheep': 100, 'r_a': 2.0, 'r_s': 65.0, 'rs_weight': 1.0, 'n_neighbors': -1, 'c': 1.05, 'noise_strength': 0.3, 'sheep_speed': 1.0, 'inertia': 0.5, 'graze_move_prob': 0.05, 'collect_threshold_scale': 1.0, 'shepherd_speed': 1.5, 'shepherd_stop_multiple': 3.0, 'n_shepherds': 6, 'initial_spread': 30.0, 'shepherd_start_offset': 50.0, 'success_fraction': 1.0, 'sheep_model': 'strombom', 'dog_controller': 'collect_drive_multi', 'scenario_id': 'drive_to_goal', 'obs_mode': 'bearing_only', 'observation_frequency': 1, 'noise_sigma': 0.0, 'communication': 'none', 'stubborn_fraction': 0.0, 'stubborn_rs_scale': 0.25, 'stubborn_response_scale': 0.25, 'cohesion_scale': 1.0, 'initial_layout': 'compact', 'speed_scale': 1.0, 'failure_mode': 'none', 'failure_tick': -1, 'sensing_scale': 1.0, 'goal_mode': 'static', 'goal_velocity': [0.0, 0.0], 'latency': 0}",273.0441518947882,0.0,0.0,-1.0,39893.09906254648,0.09810252215207588,5.593651013097696,3.6956592244464304,11.322266079408069,5.593651013097696,221.14567882941552,43.853443355931184,441.52651519301946,221.14567882941552,0.5623163683258038,0.0,0.714586909835117,0.5623163683258038,0.9966053394660535,0.83,1.0,0.9966053394660535,0.0,0.0,0.0,0.0,9.77511339318781,4.275461334153709,36.65158963844045,9.77511339318781,6.405109545752074,4.306889333346727,12.83920943093285,6.405109545752074,70.10154774552267,43.078561228236,139.81489643279158,70.10154774552267,314.169959138449,91.03591276769424,1426.4106877727747,314.169959138449,0.3342059787923798,0.07010603668158287,1.0984675932802515,0.3342059787923798,1.4377633325152797,1.0054702168965535,4.793948812220618,1.4377633325152797,0.060308736045569473,-2.220446049250313e-16,0.989639693489351,0.060308736045569473,0.99998600139986,0.94,1.0,0.99998600139986,-0.0038863289870854356,-1.0,timeout,Timeout without a more specific failure pattern,['timeout']
strombom_multi,drive_to_goal,paper,2036,strombom,collect_drive_multi,bearing_only,100,6,compact,10000,False,10000,"{'world_width': 500.0, 'world_height': 500.0, 'goal_center': [370.0, 250.0], 'goal_radius': 21.213203435596427, 'max_ticks': 10000, 'measurement_radius': 5.0, 'n_sheep': 100, 'r_a': 2.0, 'r_s': 65.0, 'rs_weight': 1.0, 'n_neighbors': -1, 'c': 1.05, 'noise_strength': 0.3, 'sheep_speed': 1.0, 'inertia': 0.5, 'graze_move_prob': 0.05, 'collect_threshold_scale': 1.0, 'shepherd_speed': 1.5, 'shepherd_stop_multiple': 3.0, 'n_shepherds': 6, 'initial_spread': 30.0, 'shepherd_start_offset': 50.0, 'success_fraction': 1.0, 'sheep_model': 'strombom', 'dog_controller': 'collect_drive_multi', 'scenario_id': 'drive_to_goal', 'obs_mode': 'bearing_only', 'observation_frequency': 1, 'noise_sigma': 0.0, 'communication': 'none', 'stubborn_fraction': 0.0, 'stubborn_rs_scale': 0.25, 'stubborn_response_scale': 0.25, 'cohesion_scale': 1.0, 'initial_layout': 'compact', 'speed_scale': 1.0, 'failure_mode': 'none', 'failure_tick': -1, 'sensing_scale': 1.0, 'goal_mode': 'static', 'goal_velocity': [0.0, 0.0], 'latency': 0}",313.543606721917,0.0,0.0,-1.0,38199.12199990103,0.1356497424592462,5.619614081323787,4.373084173055128,10.547401355002354,5.619614081323787,271.997877138731,17.787248093141944,438.84506755114444,271.997877138731,0.547959693464692,0.0,0.7121345624271401,0.547959693464692,0.9972212778722128,0.9,1.0,0.9972212778722128,0.0,0.0,0.0,0.0,10.43366569329324,5.39907487790196,38.685496639366896,10.43366569329324,6.471833284200777,5.018806716390643,12.057880763889964,6.471833284200777,70.35862953801944,49.83985171790917,134.39577726109775,70.35862953801944,300.065669132414,116.77180174060237,1257.2006354885189,300.065669132414,0.35313464383523996,0.07954179880058869,0.856371131637933,0.35313464383523996,1.582251441984177,1.0040979644075878,6.332835389267707,1.582251441984177,0.0697513355503039,-2.220446049250313e-16,0.9138088882557317,0.0697513355503039,0.99999200079992,0.96,1.0,0.99999200079992,-0.005096740667193753,-1.0,timeout,Timeout without a more specific failure pattern,['timeout']
strombom_multi,drive_to_goal,paper,2035,strombom,collect_drive_multi,bearing_only,100,6,compact,10000,False,10000,"{'world_width': 500.0, 'world_height': 500.0, 'goal_center': [370.0, 250.0], 'goal_radius': 21.213203435596427, 'max_ticks': 10000, 'measurement_radius': 5.0, 'n_sheep': 100, 'r_a': 2.0, 'r_s': 65.0, 'rs_weight': 1.0, 'n_neighbors': -1, 'c': 1.05, 'noise_strength': 0.3, 'sheep_speed': 1.0, 'inertia': 0.5, 'graze_move_prob': 0.05, 'collect_threshold_scale': 1.0, 'shepherd_speed': 1.5, 'shepherd_stop_multiple': 3.0, 'n_shepherds': 6, 'initial_spread': 30.0, 'shepherd_start_offset': 50.0, 'success_fraction': 1.0, 'sheep_model': 'strombom', 'dog_controller': 'collect_drive_multi', 'scenario_id': 'drive_to_goal', 'obs_mode': 'bearing_only', 'observation_frequency': 1, 'noise_sigma': 0.0, 'communication': 'none', 'stubborn_fraction': 0.0, 'stubborn_rs_scale': 0.25, 'stubborn_response_scale': 0.25, 'cohesion_scale': 1.0, 'initial_layout': 'compact', 'speed_scale': 1.0, 'failure_mode': 'none', 'failure_tick': -1, 'sensing_scale': 1.0, 'goal_mode': 'static', 'goal_velocity': [0.0, 0.0], 'latency': 0}",118.22753479265364,0.0,0.0,-1.0,40340.57715192551,0.21059336967426986,5.604544799620894,3.8729261338262795,11.62515944811372,5.604544799620894,252.55834858896048,14.610187117495812,440.6773182169345,252.55834858896048,0.55928865108865,0.0,0.7030266003412454,0.55928865108865,0.9969513048695131,0.84,1.0,0.9969513048695131,0.008599140085991401,0.0,1.0,0.008599140085991401,10.06583630866565,4.880101561994027,40.14084210398844,10.06583630866565,6.435217981896433,4.473351660537027,13.23953074312138,6.435217981896433,70.76645515256332,45.672559504282,151.87152936514704,70.76645515256332,315.0760389570971,107.3579535671399,1643.5351621232944,315.0760389570971,0.33714015025188626,0.06084445426212197,0.9314633585807095,0.33714015025188626,1.4558364962340666,1.004518354109686,6.064640624625997,1.4558364962340666,0.06983852392274922,-2.220446049250313e-16,0.9806827653793208,0.06983852392274922,0.99998600139986,0.96,1.0,0.99998600139986,4.454695634189967e-05,-1.0,timeout,Timeout without a more specific failure pattern,['timeout']
