method,scenario,preset,seed,sheep_model,dog_controller,obs_mode,n_sheep,n_shepherds,initial_layout,time_limit,success,total_ticks,resolved_config,final_gcm_goal,final_success_rate,final_sheep_in_goal,time_to_goal,shepherd_path,final_min_separation,mean_cohesion,min_cohesion,max_cohesion,auc_cohesion,mean_gcm_goal,min_gcm_goal,max_gcm_goal,auc_gcm_goal,mean_polarization,min_polarization,max_polarization,auc_polarization,mean_fragmentation,min_fragmentation,max_fragmentation,auc_fragmentation,mean_outlier_count,min_outlier_count,max_outlier_count,auc_outlier_count,mean_mean_spread,min_mean_spread,max_mean_spread,auc_mean_spread,mean_extent,min_extent,max_extent,auc_extent,mean_i_dir,min_i_dir,max_i_dir,auc_i_dir,mean_coverage,min_coverage,max_coverage,auc_coverage,control_efficiency,first_success_tick,failure_mode,failure_label,failure_hints
strombom_multi,drive_to_goal,paper,2028,strombom,collect_drive_multi,global,5,3,compact,10000,True,166,"{'world_width': 500.0, 'world_height': 500.0, 'goal_center': [370.0, 250.0], 'goal_radius': 4.743416490252569, 'max_ticks': 10000, 'measurement_radius': 5.0, 'n_sheep': 5, 'r_a': 2.0, 'r_s': 65.0, 'rs_weight': 1.0, 'n_neighbors': -1, 'c': 1.05, 'noise_strength': 0.3, 'sheep_speed': 1.0, 'inertia': 0.5, 'graze_move_prob': 0.05, 'collect_threshold_scale': 1.0, 'shepherd_speed': 1.5, 'shepherd_stop_multiple': 3.0, 'n_shepherds': 3, 'initial_spread': 30.0, 'shepherd_start_offset': 50.0, 'success_fraction': 1.0, 'sheep_model': 'strombom', 'dog_controller': 'collect_drive_multi', 'scenario_id': 'drive_to_goal', 'obs_mode': 'global', 'observation_frequency': 1, 'noise_sigma': 0.0, 'communication': 'none', 'stubborn_fraction': 0.0, 'stubborn_rs_scale': 0.25, 'stubborn_response_scale': 0.25, 'cohesion_scale': 1.0, 'initial_layout': 'compact', 'speed_scale': 1.0, 'failure_mode': 'none', 'failure_tick': -1, 'sensing_scale': 1.0, 'goal_mode': 'static', 'goal_velocity': [0.0, 0.0], 'latency': 0}",2.4237598867946644,1.0,5.0,166.0,508.9313503172049,0.66813801214517,2.4911007555739517,1.4255435214197183,9.616218832477644,2.4911007555739517,64.04075044393896,2.4237598867946644,125.5717958396584,64.04075044393896,0.7696341806298291,0.0,0.9792869002390411,0.7696341806298291,0.9664670658682634,0.4,1.0,0.9664670658682634,0.25748502994011974,0.0,4.0,0.25748502994011974,2.822955346406658,0.1441530201639255,35.01720615091912,2.822955346406658,2.7804384386334307,1.4875833472457147,11.291096969958978,2.7804384386334307,0.030242372098229397,0.0,0.18149852967652835,0.030242372098229397,1.0,1.0,1.0,1.0,0.24197376694540135,166.0,none,No failure (scenario success),[]
strombom_multi,drive_to_goal,paper,2026,strombom,collect_drive_multi,global,5,3,compact,10000,True,170,"{'world_width': 500.0, 'world_height': 500.0, 'goal_center': [370.0, 250.0], 'goal_radius': 4.743416490252569, 'max_ticks': 10000, 'measurement_radius': 5.0, 'n_sheep': 5, 'r_a': 2.0, 'r_s': 65.0, 'rs_weight': 1.0, 'n_neighbors': -1, 'c': 1.05, 'noise_strength': 0.3, 'sheep_speed': 1.0, 'inertia': 0.5, 'graze_move_prob': 0.05, 'collect_threshold_scale': 1.0, 'shepherd_speed': 1.5, 'shepherd_stop_multiple': 3.0, 'n_shepherds': 3, 'initial_spread': 30.0, 'shepherd_start_offset': 50.0, 'success_fraction': 1.0, 'sheep_model': 'strombom', 'dog_controller': 'collect_drive_multi', 'scenario_id': 'drive_to_goal', 'obs_mode': 'global', 'observation_frequency': 1, 'noise_sigma': 0.0, 'communication': 'none', 'stubborn_fraction': 0.0, 'stubborn_rs_scale': 0.25, 'stubborn_response_scale': 0.25, 'cohesion_scale': 1.0, 'initial_layout': 'compact', 'speed_scale': 1.0, 'failure_mode': 'none', 'failure_tick': -1, 'sensing_scale': 1.0, 'goal_mode': 'static', 'goal_velocity': [0.0, 0.0], 'latency': 0}",2.4811625174673986,1.0,5.0,170.0,499.57279787696376,1.4568529578729097,2.203283453301312,1.4858942875640184,7.418264163003316,2.203283453301312,65.23985280684545,2.4811625174673986,124.76164192590659,65.23985280684545,0.7417277576552163,0.0,0.9423154836518792,0.7417277576552163,0.9719298245614034,0.6,1.0,0.9719298245614034,0.16374269005847952,0.0,2.0,0.16374269005847952,1.9909902426445591,0.03450263018808203,29.97789344051098,1.9909902426445591,2.4611636701817123,1.5577660155333855,9.220007409574585,2.4611636701817123,0.029445019207168705,0.0,0.3273321498420896,0.029445019207168705,1.0,1.0,1.0,1.0,0.24477009142230113,170.0,none,No failure (scenario success),[]
strombom_multi,drive_to_goal,paper,2030,strombom,collect_drive_multi,global,5,3,compact,10000,True,164,"{'world_width': 500.0, 'world_height': 500.0, 'goal_center': [370.0, 250.0], 'goal_radius': 4.743416490252569, 'max_ticks': 10000, 'measurement_radius': 5.0, 'n_sheep': 5, 'r_a': 2.0, 'r_s': 65.0, 'rs_weight': 1.0, 'n_neighbors': -1, 'c': 1.05, 'noise_strength': 0.3, 'sheep_speed': 1.0, 'inertia': 0.5, 'graze_move_prob': 0.05, 'collect_threshold_scale': 1.0, 'shepherd_speed': 1.5, 'shepherd_stop_multiple': 3.0, 'n_shepherds': 3, 'initial_spread': 30.0, 'shepherd_start_offset': 50.0, 'success_fraction': 1.0, 'sheep_model': 'strombom', 'dog_controller': 'collect_drive_multi', 'scenario_id': 'drive_to_goal', 'obs_mode': 'global', 'observation_frequency': 1, 'noise_sigma': 0.0, 'communication': 'none', 'stubborn_fraction': 0.0, 'stubborn_rs_scale': 0.25, 'stubborn_response_scale': 0.25, 'cohesion_scale': 1.0, 'initial_layout': 'compact', 'speed_scale': 1.0, 'failure_mode': 'none', 'failure_tick': -1, 'sensing_scale': 1.0, 'goal_mode': 'static', 'goal_velocity': [0.0, 0.0], 'latency': 0}",1.4435922818318545,1.0,5.0,164.0,520.1989665539674,1.5288532317698647,3.368018964021797,1.5081947806813785,16.849493972505904,3.368018964021797,61.65244623556688,1.4435922818318545,116.17705424380152,61.65244623556688,0.7519179499424667,0.0,0.9592325472108889,0.7519179499424667,0.8763636363636363,0.2,1.0,0.8763636363636363,0.6242424242424243,0.0,5.0,0.6242424242424243,7.264899958832095,0.04183178801465557,59.146167411745374,7.264899958832095,3.8062681064580044,1.6754169558298846,18.507609238508987,3.8062681064580044,0.03527600379188495,0.0,0.2944005959072774,0.03527600379188495,0.9787878787878788,0.5,1.0,0.9787878787878788,0.2205568817677895,164.0,none,No failure (scenario success),[]
strombom_multi,drive_to_goal,paper,2026,strombom,collect_drive_multi,global,5,4,compact,10000,True,170,"{'world_width': 500.0, 'world_height': 500.0, 'goal_center': [370.0, 250.0], 'goal_radius': 4.743416490252569, 'max_ticks': 10000, 'measurement_radius': 5.0, 'n_sheep': 5, 'r_a': 2.0, 'r_s': 65.0, 'rs_weight': 1.0, 'n_neighbors': -1, 'c': 1.05, 'noise_strength': 0.3, 'sheep_speed': 1.0, 'inertia': 0.5, 'graze_move_prob': 0.05, 'collect_threshold_scale': 1.0, 'shepherd_speed': 1.5, 'shepherd_stop_multiple': 3.0, 'n_shepherds': 4, 'initial_spread': 30.0, 'shepherd_start_offset': 50.0, 'success_fraction': 1.0, 'sheep_model': 'strombom', 'dog_controller': 'collect_drive_multi', 'scenario_id': 'drive_to_goal', 'obs_mode': 'global', 'observation_frequency': 1, 'noise_sigma': 0.0, 'communication': 'none', 'stubborn_fraction': 0.0, 'stubborn_rs_scale': 0.25, 'stubborn_response_scale': 0.25, 'cohesion_scale': 1.0, 'initial_layout': 'compact', 'speed_scale': 1.0, 'failure_mode': 'none', 'failure_tick': -1, 'sensing_scale': 1.0, 'goal_mode': 'static', 'goal_velocity': [0.0, 0.0], 'latency': 0}",2.4057237993100276,1.0,5.0,170.0,691.327272338398,1.6179929199729626,2.2278172688814495,1.4046397451084431,7.418264163003316,2.2278172688814495,64.02478296953726,2.4057237993100276,124.76164192590659,64.02478296953726,0.7599949167977459,0.0,0.9722766072385303,0.7599949167977459,0.9730994152046784,0.6,1.0,0.9730994152046784,0.16374269005847952,0.0,2.0,0.16374269005847952,2.0401549341544745,0.11372419921262522,29.97789344051098,2.0401549341544745,2.4959906486922656,1.5991634318362833,9.220007409574585,2.4959906486922656,0.035530055392696505,0.0,0.3389152351441699,0.035530055392696505,1.0,1.0,1.0,1.0,0.17698696843353307,170.0,none,No failure (scenario success),[]
strombom_multi,drive_to_goal,paper,2028,strombom,collect_drive_multi,global,5,2,compact,10000,True,170,"{'world_width': 500.0, 'world_height': 500.0, 'goal_center': [370.0, 250.0], 'goal_radius': 4.743416490252569, 'max_ticks': 10000, 'measurement_radius': 5.0, 'n_sheep': 5, 'r_a': 2.0, 'r_s': 65.0, 'rs_weight': 1.0, 'n_neighbors': -1, 'c': 1.05, 'noise_strength': 0.3, 'sheep_speed': 1.0, 'inertia': 0.5, 'graze_move_prob': 0.05, 'collect_threshold_scale': 1.0, 'shepherd_speed': 1.5, 'shepherd_stop_multiple': 3.0, 'n_shepherds': 2, 'initial_spread': 30.0, 'shepherd_start_offset': 50.0, 'success_fraction': 1.0, 'sheep_model': 'strombom', 'dog_controller': 'collect_drive_multi', 'scenario_id': 'drive_to_goal', 'obs_mode': 'global', 'observation_frequency': 1, 'noise_sigma': 0.0, 'communication': 'none', 'stubborn_fraction': 0.0, 'stubborn_rs_scale': 0.25, 'stubborn_response_scale': 0.25, 'cohesion_scale': 1.0, 'initial_layout': 'compact', 'speed_scale': 1.0, 'failure_mode': 'none', 'failure_tick': -1, 'sensing_scale': 1.0, 'goal_mode': 'static', 'goal_velocity': [0.0, 0.0], 'latency': 0}",3.044734972994163,1.0,5.0,170.0,336.6077738926752,1.0116389572674391,2.3887200996856226,1.3936847172260216,9.616218832477644,2.3887200996856226,64.84776104450398,3.044734972994163,125.5717958396584,64.84776104450398,0.7564986305609748,0.0,0.9728445487392803,0.7564986305609748,0.9695906432748539,0.4,1.0,0.9695906432748539,0.24561403508771928,0.0,4.0,0.24561403508771928,2.589767421423414,0.031526965508592505,35.01720615091912,2.589767421423414,2.6577343528221493,1.5304666524901644,11.291096969958978,2.6577343528221493,0.014689783780431013,-2.220446049250313e-16,0.1337076143575484,0.014689783780431013,1.0,1.0,1.0,1.0,0.3640054400696374,170.0,none,No failure (scenario success),[]
strombom_multi,drive_to_goal,paper,2026,strombom,collect_drive_multi,global,5,2,compact,10000,True,174,"{'world_width': 500.0, 'world_height': 500.0, 'goal_center': [370.0, 250.0], 'goal_radius': 4.743416490252569, 'max_ticks': 10000, 'measurement_radius': 5.0, 'n_sheep': 5, 'r_a': 2.0, 'r_s': 65.0, 'rs_weight': 1.0, 'n_neighbors': -1, 'c': 1.05, 'noise_strength': 0.3, 'sheep_speed': 1.0, 'inertia': 0.5, 'graze_move_prob': 0.05, 'collect_threshold_scale': 1.0, 'shepherd_speed': 1.5, 'shepherd_stop_multiple': 3.0, 'n_shepherds': 2, 'initial_spread': 30.0, 'shepherd_start_offset': 50.0, 'success_fraction': 1.0, 'sheep_model': 'strombom', 'dog_controller': 'collect_drive_multi', 'scenario_id': 'drive_to_goal', 'obs_mode': 'global', 'observation_frequency': 1, 'noise_sigma': 0.0, 'communication': 'none', 'stubborn_fraction': 0.0, 'stubborn_rs_scale': 0.25, 'stubborn_response_scale': 0.25, 'cohesion_scale': 1.0, 'initial_layout': 'compact', 'speed_scale': 1.0, 'failure_mode': 'none', 'failure_tick': -1, 'sensing_scale': 1.0, 'goal_mode': 'static', 'goal_velocity': [0.0, 0.0], 'latency': 0}",2.416301736371551,1.0,5.0,174.0,331.2556467695374,0.9156135695661772,2.2303039115007337,1.4157956235927691,7.418264163003316,2.2303039115007337,65.3468680588951,2.416301736371551,124.76164192590659,65.3468680588951,0.7429332606251652,0.0,0.9643997164828316,0.7429332606251652,0.9702857142857143,0.6,1.0,0.9702857142857143,0.14285714285714285,0.0,2.0,0.14285714285714285,1.9265457159128339,0.02740227981394646,29.97789344051098,1.9265457159128339,2.487625516626591,1.5467904271428445,9.220007409574585,2.487625516626591,0.012424508788784174,0.0,0.13206472008528236,0.012424508788784174,1.0,1.0,1.0,1.0,0.36933812716150816,174.0,none,No failure (scenario success),[]
strombom_multi,drive_to_goal,paper,2029,strombom,collect_drive_multi,global,5,3,compact,10000,True,159,"{'world_width': 500.0, 'world_height': 500.0, 'goal_center': [370.0, 250.0], 'goal_radius': 4.743416490252569, 'max_ticks': 10000, 'measurement_radius': 5.0, 'n_sheep': 5, 'r_a': 2.0, 'r_s': 65.0, 'rs_weight': 1.0, 'n_neighbors': -1, 'c': 1.05, 'noise_strength': 0.3, 'sheep_speed': 1.0, 'inertia': 0.5, 'graze_move_prob': 0.05, 'collect_threshold_scale': 1.0, 'shepherd_speed': 1.5, 'shepherd_stop_multiple': 3.0, 'n_shepherds': 3, 'initial_spread': 30.0, 'shepherd_start_offset': 50.0, 'success_fraction': 1.0, 'sheep_model': 'strombom', 'dog_controller': 'collect_drive_multi', 'scenario_id': 'drive_to_goal', 'obs_mode': 'global', 'observation_frequency': 1, 'noise_sigma': 0.0, 'communication': 'none', 'stubborn_fraction': 0.0, 'stubborn_rs_scale': 0.25, 'stubborn_response_scale': 0.25, 'cohesion_scale': 1.0, 'initial_layout': 'compact', 'speed_scale': 1.0, 'failure_mode': 'none', 'failure_tick': -1, 'sensing_scale': 1.0, 'goal_mode': 'static', 'goal_velocity': [0.0, 0.0], 'latency': 0}",1.233520587812801,1.0,5.0,159.0,513.3077724086436,1.813155449123539,2.320902197019399,1.6220267920298799,8.967113777422664,2.320902197019399,62.62045817619729,1.233520587812801,121.69289431596494,62.62045817619729,0.7720489030913019,0.0,0.969188159826927,0.7720489030913019,0.96,0.4,1.0,0.96,0.20625,0.0,3.0,0.20625,1.8627983536804382,0.04319138636846416,22.562447635751568,1.8627983536804382,2.571978267977938,1.7034651768306324,10.147491174324566,2.571978267977938,0.02743754463114794,0.0,0.18745410010977048,0.02743754463114794,1.0,1.0,1.0,1.0,0.23467280295193854,159.0,none,No failure (scenario success),[]
strombom_multi,drive_to_goal,paper,2027,strombom,collect_drive_multi,global,5,4,compact,10000,True,167,"{'world_width': 500.0, 'world_height': 500.0, 'goal_center': [370.0, 250.0], 'goal_radius': 4.743416490252569, 'max_ticks': 10000, 'measurement_radius': 5.0, 'n_sheep': 5, 'r_a': 2.0, 'r_s': 65.0, 'rs_weight': 1.0, 'n_neighbors': -1, 'c': 1.05, 'noise_strength': 0.3, 'sheep_speed': 1.0, 'inertia': 0.5, 'graze_move_prob': 0.05, 'collect_threshold_scale': 1.0, 'shepherd_speed': 1.5, 'shepherd_stop_multiple': 3.0, 'n_shepherds': 4, 'initial_spread': 30.0, 'shepherd_start_offset': 50.0, 'success_fraction': 1.0, 'sheep_model': 'strombom', 'dog_controller': 'collect_drive_multi', 'scenario_id': 'drive_to_goal', 'obs_mode': 'global', 'observation_frequency': 1, 'noise_sigma': 0.0, 'communication': 'none', 'stubborn_fraction': 0.0, 'stubborn_rs_scale': 0.25, 'stubborn_response_scale': 0.25, 'cohesion_scale': 1.0, 'initial_layout': 'compact', 'speed_scale': 1.0, 'failure_mode': 'none', 'failure_tick': -1, 'sensing_scale': 1.0, 'goal_mode': 'static', 'goal_velocity': [0.0, 0.0], 'latency': 0}",2.4268482631489574,1.0,5.0,167.0,692.9181065777965,2.048906400921161,2.1378141181481825,1.4597343310740007,7.796767392544311,2.1378141181481825,61.990682421959505,2.4268482631489574,120.75692527843299,61.990682421959505,0.7583183408037634,0.0,0.9794888002661085,0.7583183408037634,0.9714285714285713,0.4,1.0,0.9714285714285713,0.13095238095238096,0.0,3.0,0.13095238095238096,1.2651892474975353,0.09360813993996274,18.887587573109457,1.2651892474975353,2.330676001511226,1.521726476606417,8.926206884592787,2.330676001511226,0.03602389868781282,0.0,0.658771649502717,0.03602389868781282,1.0,1.0,1.0,1.0,0.17077065224878588,167.0,none,No failure (scenario success),[]
strombom_multi,drive_to_goal,paper,2029,strombom,collect_drive_multi,global,5,2,compact,10000,True,161,"{'world_width': 500.0, 'world_height': 500.0, 'goal_center': [370.0, 250.0], 'goal_radius': 4.743416490252569, 'max_ticks': 10000, 'measurement_radius': 5.0, 'n_sheep': 5, 'r_a': 2.0, 'r_s': 65.0, 'rs_weight': 1.0, 'n_neighbors': -1, 'c': 1.05, 'noise_strength': 0.3, 'sheep_speed': 1.0, 'inertia': 0.5, 'graze_move_prob': 0.05, 'collect_threshold_scale': 1.0, 'shepherd_speed': 1.5, 'shepherd_stop_multiple': 3.0, 'n_shepherds': 2, 'initial_spread': 30.0, 'shepherd_start_offset': 50.0, 'success_fraction': 1.0, 'sheep_model': 'strombom', 'dog_controller': 'collect_drive_multi', 'scenario_id': 'drive_to_goal', 'obs_mode': 'global', 'observation_frequency': 1, 'noise_sigma': 0.0, 'communication': 'none', 'stubborn_fraction': 0.0, 'stubborn_rs_scale': 0.25, 'stubborn_response_scale': 0.25, 'cohesion_scale': 1.0, 'initial_layout': 'compact', 'speed_scale': 1.0, 'failure_mode': 'none', 'failure_tick': -1, 'sensing_scale': 1.0, 'goal_mode': 'static', 'goal_velocity': [0.0, 0.0], 'latency': 0}",2.622095747551447,1.0,5.0,161.0,337.26568888694453,1.2304173654267874,2.368813662060077,1.3649101653043563,8.967113777422664,2.368813662060077,62.90832409130712,2.622095747551447,121.69289431596494,62.90832409130712,0.7636878989406068,0.0,0.9523541043584676,0.7636878989406068,0.9543209876543209,0.4,1.0,0.9543209876543209,0.21604938271604937,0.0,3.0,0.21604938271604937,2.045846371132783,0.12596990213712211,22.699336053097035,2.045846371132783,2.6317421389768545,1.4261703009339872,10.147491174324566,2.6317421389768545,0.009347290545805543,0.0,0.07482749479737072,0.009347290545805543,1.0,1.0,1.0,1.0,0.3530474711536027,161.0,none,No failure (scenario success),[]
strombom_multi,drive_to_goal,paper,2030,strombom,collect_drive_multi,global,5,4,compact,10000,True,169,"{'world_width': 500.0, 'world_height': 500.0, 'goal_center': [370.0, 250.0], 'goal_radius': 4.743416490252569, 'max_ticks': 10000, 'measurement_radius': 5.0, 'n_sheep': 5, 'r_a': 2.0, 'r_s': 65.0, 'rs_weight': 1.0, 'n_neighbors': -1, 'c': 1.05, 'noise_strength': 0.3, 'sheep_speed': 1.0, 'inertia': 0.5, 'graze_move_prob': 0.05, 'collect_threshold_scale': 1.0, 'shepherd_speed': 1.5, 'shepherd_stop_multiple': 3.0, 'n_shepherds': 4, 'initial_spread': 30.0, 'shepherd_start_offset': 50.0, 'success_fraction': 1.0, 'sheep_model': 'strombom', 'dog_controller': 'collect_drive_multi', 'scenario_id': 'drive_to_goal', 'obs_mode': 'global', 'observation_frequency': 1, 'noise_sigma': 0.0, 'communication': 'none', 'stubborn_fraction': 0.0, 'stubborn_rs_scale': 0.25, 'stubborn_response_scale': 0.25, 'cohesion_scale': 1.0, 'initial_layout': 'compact', 'speed_scale': 1.0, 'failure_mode': 'none', 'failure_tick': -1, 'sensing_scale': 1.0, 'goal_mode': 'static', 'goal_velocity': [0.0, 0.0], 'latency': 0}",2.0306876437594377,1.0,5.0,169.0,722.4392451271068,1.2478458804312789,3.421126196792603,1.4150366520440167,16.849493972505904,3.421126196792603,59.57877326829922,2.0306876437594377,116.17705424380152,59.57877326829922,0.7666483628148748,0.0,0.9547601212921227,0.7666483628148748,0.888235294117647,0.2,1.0,0.888235294117647,0.6058823529411764,0.0,5.0,0.6058823529411764,7.095291651028077,0.05391367900752984,58.626152595830476,7.095291651028077,3.832628871353082,1.4638104991265095,18.507609238508987,3.832628871353082,0.035531357908581924,0.0,0.21921825425873664,0.035531357908581924,0.9794117647058823,0.5,1.0,0.9794117647058823,0.1580013369566586,169.0,none,No failure (scenario success),[]
strombom_multi,drive_to_goal,paper,2029,strombom,collect_drive_multi,global,5,4,compact,10000,True,160,"{'world_width': 500.0, 'world_height': 500.0, 'goal_center': [370.0, 250.0], 'goal_radius': 4.743416490252569, 'max_ticks': 10000, 'measurement_radius': 5.0, 'n_sheep': 5, 'r_a': 2.0, 'r_s': 65.0, 'rs_weight': 1.0, 'n_neighbors': -1, 'c': 1.05, 'noise_strength': 0.3, 'sheep_speed': 1.0, 'inertia': 0.5, 'graze_move_prob': 0.05, 'collect_threshold_scale': 1.0, 'shepherd_speed': 1.5, 'shepherd_stop_multiple': 3.0, 'n_shepherds': 4, 'initial_spread': 30.0, 'shepherd_start_offset': 50.0, 'success_fraction': 1.0, 'sheep_model': 'strombom', 'dog_controller': 'collect_drive_multi', 'scenario_id': 'drive_to_goal', 'obs_mode': 'global', 'observation_frequency': 1, 'noise_sigma': 0.0, 'communication': 'none', 'stubborn_fraction': 0.0, 'stubborn_rs_scale': 0.25, 'stubborn_response_scale': 0.25, 'cohesion_scale': 1.0, 'initial_layout': 'compact', 'speed_scale': 1.0, 'failure_mode': 'none', 'failure_tick': -1, 'sensing_scale': 1.0, 'goal_mode': 'static', 'goal_velocity': [0.0, 0.0], 'latency': 0}",2.0934087924646123,1.0,5.0,160.0,680.8498731413449,1.8651739327086019,2.305392448959343,1.5404723139063408,8.967113777422664,2.305392448959343,63.47701008716442,2.0934087924646123,121.69289431596494,63.47701008716442,0.7657056439458382,0.0,0.9813425219749174,0.7657056439458382,0.9590062111801243,0.4,1.0,0.9590062111801243,0.19875776397515527,0.0,3.0,0.19875776397515527,1.781952523811087,0.08378949237978268,22.562447635751568,1.781952523811087,2.551439895873737,1.620386106463664,10.147491174324566,2.551439895873737,0.03240917040095926,0.0,0.25902537128726943,0.03240917040095926,1.0,1.0,1.0,1.0,0.17566205156459122,160.0,none,No failure (scenario success),[]
strombom_multi,drive_to_goal,paper,2028,strombom,collect_drive_multi,global,5,4,compact,10000,True,170,"{'world_width': 500.0, 'world_height': 500.0, 'goal_center': [370.0, 250.0], 'goal_radius': 4.743416490252569, 'max_ticks': 10000, 'measurement_radius': 5.0, 'n_sheep': 5, 'r_a': 2.0, 'r_s': 65.0, 'rs_weight': 1.0, 'n_neighbors': -1, 'c': 1.05, 'noise_strength': 0.3, 'sheep_speed': 1.0, 'inertia': 0.5, 'graze_move_prob': 0.05, 'collect_threshold_scale': 1.0, 'shepherd_speed': 1.5, 'shepherd_stop_multiple': 3.0, 'n_shepherds': 4, 'initial_spread': 30.0, 'shepherd_start_offset': 50.0, 'success_fraction': 1.0, 'sheep_model': 'strombom', 'dog_controller': 'collect_drive_multi', 'scenario_id': 'drive_to_goal', 'obs_mode': 'global', 'observation_frequency': 1, 'noise_sigma': 0.0, 'communication': 'none', 'stubborn_fraction': 0.0, 'stubborn_rs_scale': 0.25, 'stubborn_response_scale': 0.25, 'cohesion_scale': 1.0, 'initial_layout': 'compact', 'speed_scale': 1.0, 'failure_mode': 'none', 'failure_tick': -1, 'sensing_scale': 1.0, 'goal_mode': 'static', 'goal_velocity': [0.0, 0.0], 'latency': 0}",2.506090885527339,1.0,5.0,170.0,685.9483468962183,0.8555320110927864,2.406661301320175,1.2573271256329126,9.616218832477644,2.406661301320175,65.24979411413443,2.506090885527339,125.5717958396584,65.24979411413443,0.7512815405051233,0.0,0.9911369950373621,0.7512815405051233,0.9695906432748539,0.4,1.0,0.9695906432748539,0.24561403508771928,0.0,4.0,0.24561403508771928,2.7472545377204507,0.027582770478005773,35.19288354464918,2.7472545377204507,2.6992167416118815,1.4263364688905273,11.291096969958978,2.6992167416118815,0.042384970926197474,0.0,0.1986128695480568,0.042384970926197474,1.0,1.0,1.0,1.0,0.17940958019795403,170.0,none,No failure (scenario success),[]
strombom_multi,drive_to_goal,paper,2027,strombom,collect_drive_multi,global,5,3,compact,10000,True,167,"{'world_width': 500.0, 'world_height': 500.0, 'goal_center': [370.0, 250.0], 'goal_radius': 4.743416490252569, 'max_ticks': 10000, 'measurement_radius': 5.0, 'n_sheep': 5, 'r_a': 2.0, 'r_s': 65.0, 'rs_weight': 1.0, 'n_neighbors': -1, 'c': 1.05, 'noise_strength': 0.3, 'sheep_speed': 1.0, 'inertia': 0.5, 'graze_move_prob': 0.05, 'collect_threshold_scale': 1.0, 'shepherd_speed': 1.5, 'shepherd_stop_multiple': 3.0, 'n_shepherds': 3, 'initial_spread': 30.0, 'shepherd_start_offset': 50.0, 'success_fraction': 1.0, 'sheep_model': 'strombom', 'dog_controller': 'collect_drive_multi', 'scenario_id': 'drive_to_goal', 'obs_mode': 'global', 'observation_frequency': 1, 'noise_sigma': 0.0, 'communication': 'none', 'stubborn_fraction': 0.0, 'stubborn_rs_scale': 0.25, 'stubborn_response_scale': 0.25, 'cohesion_scale': 1.0, 'initial_layout': 'compact', 'speed_scale': 1.0, 'failure_mode': 'none', 'failure_tick': -1, 'sensing_scale': 1.0, 'goal_mode': 'static', 'goal_velocity': [0.0, 0.0], 'latency': 0}",1.9236214486833756,1.0,5.0,167.0,522.6264177914757,1.6216503130520956,2.198480553879676,1.5278127593544144,7.796767392544311,2.198480553879676,61.17949921833061,1.9236214486833756,120.75692527843299,61.17949921833061,0.7531714719848075,0.0,0.9585884039349444,0.7531714719848075,0.9678571428571429,0.4,1.0,0.9678571428571429,0.13095238095238096,0.0,3.0,0.13095238095238096,1.3591830172552446,0.04188344412543984,18.887587573109457,1.3591830172552446,2.4138545458413203,1.6822134498725252,8.926206884592787,2.4138545458413203,0.03305097536009983,0.0,0.5174836604105199,0.03305097536009983,1.0,1.0,1.0,1.0,0.22737714701051198,167.0,none,No failure (scenario success),[]
strombom_multi,drive_to_goal,paper,2029,strombom,collect_drive_multi,global,5,6,compact,10000,True,156,"{'world_width': 500.0, 'world_height': 500.0, 'goal_center': [370.0, 250.0], 'goal_radius': 4.743416490252569, 'max_ticks': 10000, 'measurement_radius': 5.0, 'n_sheep': 5, 'r_a': 2.0, 'r_s': 65.0, 'rs_weight': 1.0, 'n_neighbors': -1, 'c': 1.05, 'noise_strength': 0.3, 'sheep_speed': 1.0, 'inertia': 0.5, 'graze_move_prob': 0.05, 'collect_threshold_scale': 1.0, 'shepherd_speed': 1.5, 'shepherd_stop_multiple': 3.0, 'n_shepherds': 6, 'initial_spread': 30.0, 'shepherd_start_offset': 50.0, 'success_fraction': 1.0, 'sheep_model': 'strombom', 'dog_controller': 'collect_drive_multi', 'scenario_id': 'drive_to_goal', 'obs_mode': 'global', 'observation_frequency': 1, 'noise_sigma': 0.0, 'communication': 'none', 'stubborn_fraction': 0.0, 'stubborn_rs_scale': 0.25, 'stubborn_response_scale': 0.25, 'cohesion_scale': 1.0, 'initial_layout': 'compact', 'speed_scale': 1.0, 'failure_mode': 'none', 'failure_tick': -1, 'sensing_scale': 1.0, 'goal_mode': 'static', 'goal_velocity': [0.0, 0.0], 'latency': 0}",2.328612219505099,1.0,5.0,156.0,1014.2000315759369,1.2595525846821842,2.488126669111837,1.3787463008710676,8.967113777422664,2.488126669111837,62.23300783237557,2.328612219505099,121.69289431596494,62.23300783237557,0.7848305020550495,0.0,0.996098277525888,0.7848305020550495,0.932484076433121,0.4,1.0,0.932484076433121,0.33121019108280253,0.0,3.0,0.33121019108280253,2.7106264869489087,0.12604660961118602,23.461666569451893,2.7106264869489087,2.8033130738044085,1.4666164323074167,10.147491174324566,2.8033130738044085,0.03094294693907446,0.0,0.18701714781094259,0.03094294693907446,1.0,1.0,1.0,1.0,0.11769303725122453,156.0,none,No failure (scenario success),[]
strombom_multi,drive_to_goal,paper,2026,strombom,collect_drive_multi,global,5,10,compact,10000,True,166,"{'world_width': 500.0, 'world_height': 500.0, 'goal_center': [370.0, 250.0], 'goal_radius': 4.743416490252569, 'max_ticks': 10000, 'measurement_radius': 5.0, 'n_sheep': 5, 'r_a': 2.0, 'r_s': 65.0, 'rs_weight': 1.0, 'n_neighbors': -1, 'c': 1.05, 'noise_strength': 0.3, 'sheep_speed': 1.0, 'inertia': 0.5, 'graze_move_prob': 0.05, 'collect_threshold_scale': 1.0, 'shepherd_speed': 1.5, 'shepherd_stop_multiple': 3.0, 'n_shepherds': 10, 'initial_spread': 30.0, 'shepherd_start_offset': 50.0, 'success_fraction': 1.0, 'sheep_model': 'strombom', 'dog_controller': 'collect_drive_multi', 'scenario_id': 'drive_to_goal', 'obs_mode': 'global', 'observation_frequency': 1, 'noise_sigma': 0.0, 'communication': 'none', 'stubborn_fraction': 0.0, 'stubborn_rs_scale': 0.25, 'stubborn_response_scale': 0.25, 'cohesion_scale': 1.0, 'initial_layout': 'compact', 'speed_scale': 1.0, 'failure_mode': 'none', 'failure_tick': -1, 'sensing_scale': 1.0, 'goal_mode': 'static', 'goal_velocity': [0.0, 0.0], 'latency': 0}",1.4518235888367375,1.0,5.0,166.0,1735.788558882809,2.150580266952653,2.379257582608952,1.4890298546023182,7.418264163003316,2.379257582608952,64.64636860415992,1.4518235888367375,124.76164192590659,64.64636860415992,0.781802048678617,0.0,0.9716145987905602,0.781802048678617,0.9461077844311377,0.6,1.0,0.9461077844311377,0.2994011976047904,0.0,2.0,0.2994011976047904,2.817467793035444,0.1351404753648306,31.742792614591377,2.817467793035444,2.7288354194800686,1.6049000680266559,9.220007409574585,2.7288354194800686,0.04473063430737324,0.0,0.15792299393989584,0.04473063430737324,1.0,1.0,1.0,1.0,0.0710396538253684,166.0,none,No failure (scenario success),[]
strombom_multi,drive_to_goal,paper,2026,strombom,collect_drive_multi,global,5,6,compact,10000,True,164,"{'world_width': 500.0, 'world_height': 500.0, 'goal_center': [370.0, 250.0], 'goal_radius': 4.743416490252569, 'max_ticks': 10000, 'measurement_radius': 5.0, 'n_sheep': 5, 'r_a': 2.0, 'r_s': 65.0, 'rs_weight': 1.0, 'n_neighbors': -1, 'c': 1.05, 'noise_strength': 0.3, 'sheep_speed': 1.0, 'inertia': 0.5, 'graze_move_prob': 0.05, 'collect_threshold_scale': 1.0, 'shepherd_speed': 1.5, 'shepherd_stop_multiple': 3.0, 'n_shepherds': 6, 'initial_spread': 30.0, 'shepherd_start_offset': 50.0, 'success_fraction': 1.0, 'sheep_model': 'strombom', 'dog_controller': 'collect_drive_multi', 'scenario_id': 'drive_to_goal', 'obs_mode': 'global', 'observation_frequency': 1, 'noise_sigma': 0.0, 'communication': 'none', 'stubborn_fraction': 0.0, 'stubborn_rs_scale': 0.25, 'stubborn_response_scale': 0.25, 'cohesion_scale': 1.0, 'initial_layout': 'compact', 'speed_scale': 1.0, 'failure_mode': 'none', 'failure_tick': -1, 'sensing_scale': 1.0, 'goal_mode': 'static', 'goal_velocity': [0.0, 0.0], 'latency': 0}",2.8069239003434463,1.0,5.0,164.0,1012.6170823286603,1.8136718727749577,2.2215895653796314,1.4843248263618958,7.418264163003316,2.2215895653796314,65.90302757022903,2.8069239003434463,124.76164192590659,65.90302757022903,0.7793987924075617,0.0,0.9669167211066295,0.7793987924075617,0.9709090909090908,0.6,1.0,0.9709090909090908,0.14545454545454545,0.0,2.0,0.14545454545454545,2.0114781611625103,0.13121663309132434,29.97789344051098,2.0114781611625103,2.489029540486579,1.582760844785676,9.220007409574585,2.489029540486579,0.03409182920871223,0.0,0.17662359462679655,0.03409182920871223,1.0,1.0,1.0,1.0,0.12043517747608061,164.0,none,No failure (scenario success),[]
strombom_multi,drive_to_goal,paper,2028,strombom,collect_drive_multi,global,5,6,compact,10000,True,163,"{'world_width': 500.0, 'world_height': 500.0, 'goal_center': [370.0, 250.0], 'goal_radius': 4.743416490252569, 'max_ticks': 10000, 'measurement_radius': 5.0, 'n_sheep': 5, 'r_a': 2.0, 'r_s': 65.0, 'rs_weight': 1.0, 'n_neighbors': -1, 'c': 1.05, 'noise_strength': 0.3, 'sheep_speed': 1.0, 'inertia': 0.5, 'graze_move_prob': 0.05, 'collect_threshold_scale': 1.0, 'shepherd_speed': 1.5, 'shepherd_stop_multiple': 3.0, 'n_shepherds': 6, 'initial_spread': 30.0, 'shepherd_start_offset': 50.0, 'success_fraction': 1.0, 'sheep_model': 'strombom', 'dog_controller': 'collect_drive_multi', 'scenario_id': 'drive_to_goal', 'obs_mode': 'global', 'observation_frequency': 1, 'noise_sigma': 0.0, 'communication': 'none', 'stubborn_fraction': 0.0, 'stubborn_rs_scale': 0.25, 'stubborn_response_scale': 0.25, 'cohesion_scale': 1.0, 'initial_layout': 'compact', 'speed_scale': 1.0, 'failure_mode': 'none', 'failure_tick': -1, 'sensing_scale': 1.0, 'goal_mode': 'static', 'goal_velocity': [0.0, 0.0], 'latency': 0}",2.9903899927993556,1.0,5.0,163.0,1017.8455550430268,1.09017773971549,2.4965669994668294,1.3975091075907295,9.616218832477644,2.4965669994668294,64.759184034516,2.9903899927993556,125.5717958396584,64.759184034516,0.78089174357985,0.0,0.9709729996504215,0.78089174357985,0.9500000000000001,0.4,1.0,0.9500000000000001,0.27439024390243905,0.0,4.0,0.27439024390243905,2.6312744962509615,0.14976321225154118,35.01720615091912,2.6312744962509615,2.792903294567729,1.561025791834258,11.291096969958978,2.792903294567729,0.03502007980247131,0.0,0.16108059308725464,0.03502007980247131,1.0,1.0,1.0,1.0,0.12043222593006975,163.0,none,No failure (scenario success),[]
strombom_multi,drive_to_goal,paper,2027,strombom,collect_drive_multi,global,5,6,compact,10000,True,169,"{'world_width': 500.0, 'world_height': 500.0, 'goal_center': [370.0, 250.0], 'goal_radius': 4.743416490252569, 'max_ticks': 10000, 'measurement_radius': 5.0, 'n_sheep': 5, 'r_a': 2.0, 'r_s': 65.0, 'rs_weight': 1.0, 'n_neighbors': -1, 'c': 1.05, 'noise_strength': 0.3, 'sheep_speed': 1.0, 'inertia': 0.5, 'graze_move_prob': 0.05, 'collect_threshold_scale': 1.0, 'shepherd_speed': 1.5, 'shepherd_stop_multiple': 3.0, 'n_shepherds': 6, 'initial_spread': 30.0, 'shepherd_start_offset': 50.0, 'success_fraction': 1.0, 'sheep_model': 'strombom', 'dog_controller': 'collect_drive_multi', 'scenario_id': 'drive_to_goal', 'obs_mode': 'global', 'observation_frequency': 1, 'noise_sigma': 0.0, 'communication': 'none', 'stubborn_fraction': 0.0, 'stubborn_rs_scale': 0.25, 'stubborn_response_scale': 0.25, 'cohesion_scale': 1.0, 'initial_layout': 'compact', 'speed_scale': 1.0, 'failure_mode': 'none', 'failure_tick': -1, 'sensing_scale': 1.0, 'goal_mode': 'static', 'goal_velocity': [0.0, 0.0], 'latency': 0}",1.7900456876368975,1.0,5.0,169.0,1040.8216953846406,1.394800102320331,2.171062594052543,1.3226081042562576,7.796767392544311,2.171062594052543,62.548656515338564,1.7900456876368975,120.75692527843299,62.548656515338564,0.7460844215026967,0.0,0.9680697825352377,0.7460844215026967,0.9623529411764705,0.4,1.0,0.9623529411764705,0.1588235294117647,0.0,3.0,0.1588235294117647,1.3398376142346897,0.09088116150258113,18.887587573109457,1.3398376142346897,2.3734188852309392,1.4068079494381274,8.926206884592787,2.3734188852309392,0.04122460521086705,0.0,0.27597347849823106,0.04122460521086705,1.0,1.0,1.0,1.0,0.11430092216403244,169.0,none,No failure (scenario success),[]
strombom_multi,drive_to_goal,paper,2027,strombom,collect_drive_multi,global,5,10,compact,10000,True,173,"{'world_width': 500.0, 'world_height': 500.0, 'goal_center': [370.0, 250.0], 'goal_radius': 4.743416490252569, 'max_ticks': 10000, 'measurement_radius': 5.0, 'n_sheep': 5, 'r_a': 2.0, 'r_s': 65.0, 'rs_weight': 1.0, 'n_neighbors': -1, 'c': 1.05, 'noise_strength': 0.3, 'sheep_speed': 1.0, 'inertia': 0.5, 'graze_move_prob': 0.05, 'collect_threshold_scale': 1.0, 'shepherd_speed': 1.5, 'shepherd_stop_multiple': 3.0, 'n_shepherds': 10, 'initial_spread': 30.0, 'shepherd_start_offset': 50.0, 'success_fraction': 1.0, 'sheep_model': 'strombom', 'dog_controller': 'collect_drive_multi', 'scenario_id': 'drive_to_goal', 'obs_mode': 'global', 'observation_frequency': 1, 'noise_sigma': 0.0, 'communication': 'none', 'stubborn_fraction': 0.0, 'stubborn_rs_scale': 0.25, 'stubborn_response_scale': 0.25, 'cohesion_scale': 1.0, 'initial_layout': 'compact', 'speed_scale': 1.0, 'failure_mode': 'none', 'failure_tick': -1, 'sensing_scale': 1.0, 'goal_mode': 'static', 'goal_velocity': [0.0, 0.0], 'latency': 0}",2.6361829604547533,1.0,5.0,173.0,1787.4323196308208,1.255002980048069,2.06778507676166,1.3903434519815818,7.796767392544311,2.06778507676166,61.592876827480524,2.6361829604547533,120.75692527843299,61.592876827480524,0.7482376351626289,0.0,0.9636057910657065,0.7482376351626289,0.9689655172413792,0.4,1.0,0.9689655172413792,0.12643678160919541,0.0,3.0,0.12643678160919541,1.1443461236088743,0.009638492552834959,18.887587573109457,1.1443461236088743,2.24978908944954,1.4125232350080792,8.926206884592787,2.24978908944954,0.04172747287560865,0.0,0.18146818216943472,0.04172747287560865,1.0,1.0,1.0,1.0,0.06608403631326029,173.0,none,No failure (scenario success),[]
strombom_multi,drive_to_goal,paper,2028,strombom,collect_drive_multi,global,5,10,compact,10000,True,167,"{'world_width': 500.0, 'world_height': 500.0, 'goal_center': [370.0, 250.0], 'goal_radius': 4.743416490252569, 'max_ticks': 10000, 'measurement_radius': 5.0, 'n_sheep': 5, 'r_a': 2.0, 'r_s': 65.0, 'rs_weight': 1.0, 'n_neighbors': -1, 'c': 1.05, 'noise_strength': 0.3, 'sheep_speed': 1.0, 'inertia': 0.5, 'graze_move_prob': 0.05, 'collect_threshold_scale': 1.0, 'shepherd_speed': 1.5, 'shepherd_stop_multiple': 3.0, 'n_shepherds': 10, 'initial_spread': 30.0, 'shepherd_start_offset': 50.0, 'success_fraction': 1.0, 'sheep_model': 'strombom', 'dog_controller': 'collect_drive_multi', 'scenario_id': 'drive_to_goal', 'obs_mode': 'global', 'observation_frequency': 1, 'noise_sigma': 0.0, 'communication': 'none', 'stubborn_fraction': 0.0, 'stubborn_rs_scale': 0.25, 'stubborn_response_scale': 0.25, 'cohesion_scale': 1.0, 'initial_layout': 'compact', 'speed_scale': 1.0, 'failure_mode': 'none', 'failure_tick': -1, 'sensing_scale': 1.0, 'goal_mode': 'static', 'goal_velocity': [0.0, 0.0], 'latency': 0}",2.4137278771236272,1.0,5.0,167.0,1718.7655769149787,1.2083102702387987,2.422649714729133,1.5196500714569148,9.616218832477644,2.422649714729133,63.999083804352004,2.4137278771236272,125.5717958396584,63.999083804352004,0.7667464584263483,0.0,0.9722007968964164,0.7667464584263483,0.9535714285714285,0.4,1.0,0.9535714285714285,0.27976190476190477,0.0,4.0,0.27976190476190477,2.5883621692960324,0.08786527626923656,35.01720615091912,2.5883621692960324,2.683074895372169,1.6319653406093109,11.291096969958978,2.683074895372169,0.04156139630985191,0.0,0.3108192481650254,0.04156139630985191,1.0,1.0,1.0,1.0,0.07165495377420336,167.0,none,No failure (scenario success),[]
strombom_multi,drive_to_goal,paper,2030,strombom,collect_drive_multi,global,5,6,compact,10000,True,164,"{'world_width': 500.0, 'world_height': 500.0, 'goal_center': [370.0, 250.0], 'goal_radius': 4.743416490252569, 'max_ticks': 10000, 'measurement_radius': 5.0, 'n_sheep': 5, 'r_a': 2.0, 'r_s': 65.0, 'rs_weight': 1.0, 'n_neighbors': -1, 'c': 1.05, 'noise_strength': 0.3, 'sheep_speed': 1.0, 'inertia': 0.5, 'graze_move_prob': 0.05, 'collect_threshold_scale': 1.0, 'shepherd_speed': 1.5, 'shepherd_stop_multiple': 3.0, 'n_shepherds': 6, 'initial_spread': 30.0, 'shepherd_start_offset': 50.0, 'success_fraction': 1.0, 'sheep_model': 'strombom', 'dog_controller': 'collect_drive_multi', 'scenario_id': 'drive_to_goal', 'obs_mode': 'global', 'observation_frequency': 1, 'noise_sigma': 0.0, 'communication': 'none', 'stubborn_fraction': 0.0, 'stubborn_rs_scale': 0.25, 'stubborn_response_scale': 0.25, 'cohesion_scale': 1.0, 'initial_layout': 'compact', 'speed_scale': 1.0, 'failure_mode': 'none', 'failure_tick': -1, 'sensing_scale': 1.0, 'goal_mode': 'static', 'goal_velocity': [0.0, 0.0], 'latency': 0}",3.119495513996893,1.0,5.0,164.0,1042.3720614609504,1.2322689726827125,3.4101181438437735,1.4562276771628078,16.849493972505904,3.4101181438437735,61.123409541906774,3.119495513996893,116.17705424380152,61.123409541906774,0.7541021547471806,0.0,0.9660829359646735,0.7541021547471806,0.8981818181818181,0.2,1.0,0.8981818181818181,0.6,0.0,5.0,0.6,7.075294024539883,0.05567397061244526,59.039969497652336,7.075294024539883,3.825349374626896,1.6153201904340537,18.507609238508987,3.825349374626896,0.043135039860249885,0.0,0.27128129328784867,0.043135039860249885,0.9787878787878788,0.5,1.0,0.9787878787878788,0.10846180832144264,164.0,none,No failure (scenario success),[]
strombom_multi,drive_to_goal,paper,2026,strombom,collect_drive_multi,global,10,2,compact,10000,True,174,"{'world_width': 500.0, 'world_height': 500.0, 'goal_center': [370.0, 250.0], 'goal_radius': 6.7082039324993685, 'max_ticks': 10000, 'measurement_radius': 5.0, 'n_sheep': 10, 'r_a': 2.0, 'r_s': 65.0, 'rs_weight': 1.0, 'n_neighbors': -1, 'c': 1.05, 'noise_strength': 0.3, 'sheep_speed': 1.0, 'inertia': 0.5, 'graze_move_prob': 0.05, 'collect_threshold_scale': 1.0, 'shepherd_speed': 1.5, 'shepherd_stop_multiple': 3.0, 'n_shepherds': 2, 'initial_spread': 30.0, 'shepherd_start_offset': 50.0, 'success_fraction': 1.0, 'sheep_model': 'strombom', 'dog_controller': 'collect_drive_multi', 'scenario_id': 'drive_to_goal', 'obs_mode': 'global', 'observation_frequency': 1, 'noise_sigma': 0.0, 'communication': 'none', 'stubborn_fraction': 0.0, 'stubborn_rs_scale': 0.25, 'stubborn_response_scale': 0.25, 'cohesion_scale': 1.0, 'initial_layout': 'compact', 'speed_scale': 1.0, 'failure_mode': 'none', 'failure_tick': -1, 'sensing_scale': 1.0, 'goal_mode': 'static', 'goal_velocity': [0.0, 0.0], 'latency': 0}",3.2308164415884115,1.0,10.0,174.0,327.77696378325913,1.1448164801599148,2.9435078522980453,2.2886590842816488,7.390508781172831,2.9435078522980453,63.94299071363104,3.2308164415884115,122.11388747526159,63.94299071363104,0.6925575676993023,0.0,0.931811535204491,0.6925575676993023,0.9725714285714285,0.5,1.0,0.9725714285714285,0.1657142857142857,0.0,3.0,0.1657142857142857,3.4459610510525582,0.498747854077766,27.260444907130665,3.4459610510525582,3.3755780151259005,2.490842686898838,9.015872685036566,3.3755780151259005,0.016099591897953413,0.0,0.15940755603146095,0.016099591897953413,1.0,1.0,1.0,1.0,0.3626950157250343,174.0,none,No failure (scenario success),[]
strombom_multi,drive_to_goal,paper,2026,strombom,collect_drive_multi,global,10,1,compact,10000,True,298,"{'world_width': 500.0, 'world_height': 500.0, 'goal_center': [370.0, 250.0], 'goal_radius': 6.7082039324993685, 'max_ticks': 10000, 'measurement_radius': 5.0, 'n_sheep': 10, 'r_a': 2.0, 'r_s': 65.0, 'rs_weight': 1.0, 'n_neighbors': -1, 'c': 1.05, 'noise_strength': 0.3, 'sheep_speed': 1.0, 'inertia': 0.5, 'graze_move_prob': 0.05, 'collect_threshold_scale': 1.0, 'shepherd_speed': 1.5, 'shepherd_stop_multiple': 3.0, 'n_shepherds': 1, 'initial_spread': 30.0, 'shepherd_start_offset': 50.0, 'success_fraction': 1.0, 'sheep_model': 'strombom', 'dog_controller': 'collect_drive_multi', 'scenario_id': 'drive_to_goal', 'obs_mode': 'global', 'observation_frequency': 1, 'noise_sigma': 0.0, 'communication': 'none', 'stubborn_fraction': 0.0, 'stubborn_rs_scale': 0.25, 'stubborn_response_scale': 0.25, 'cohesion_scale': 1.0, 'initial_layout': 'compact', 'speed_scale': 1.0, 'failure_mode': 'none', 'failure_tick': -1, 'sensing_scale': 1.0, 'goal_mode': 'static', 'goal_velocity': [0.0, 0.0], 'latency': 0}",1.9849923614013012,1.0,10.0,298.0,271.8633844510151,1.1207185777433561,2.9861913654187573,2.2409474528814117,7.390508781172831,2.9861913654187573,46.97655869105277,1.9849923614013012,122.11388747526159,46.97655869105277,0.7110281930199667,0.0,0.929556004724577,0.7110281930199667,0.9849498327759197,0.5,1.0,0.9849498327759197,0.09698996655518395,0.0,3.0,0.09698996655518395,3.0133178073852385,0.706635804570894,27.299602915264707,3.0133178073852385,3.3956376657193825,2.484400206453252,9.015872685036566,3.3956376657193825,2.3392659047285907e-17,-2.220446049250313e-16,2.220446049250313e-16,2.3392659047285907e-17,1.0,1.0,1.0,1.0,0.44187228580428917,298.0,none,No failure (scenario success),[]
strombom_multi,drive_to_goal,paper,2029,strombom,collect_drive_multi,global,10,1,compact,10000,True,160,"{'world_width': 500.0, 'world_height': 500.0, 'goal_center': [370.0, 250.0], 'goal_radius': 6.7082039324993685, 'max_ticks': 10000, 'measurement_radius': 5.0, 'n_sheep': 10, 'r_a': 2.0, 'r_s': 65.0, 'rs_weight': 1.0, 'n_neighbors': -1, 'c': 1.05, 'noise_strength': 0.3, 'sheep_speed': 1.0, 'inertia': 0.5, 'graze_move_prob': 0.05, 'collect_threshold_scale': 1.0, 'shepherd_speed': 1.5, 'shepherd_stop_multiple': 3.0, 'n_shepherds': 1, 'initial_spread': 30.0, 'shepherd_start_offset': 50.0, 'success_fraction': 1.0, 'sheep_model': 'strombom', 'dog_controller': 'collect_drive_multi', 'scenario_id': 'drive_to_goal', 'obs_mode': 'global', 'observation_frequency': 1, 'noise_sigma': 0.0, 'communication': 'none', 'stubborn_fraction': 0.0, 'stubborn_rs_scale': 0.25, 'stubborn_response_scale': 0.25, 'cohesion_scale': 1.0, 'initial_layout': 'compact', 'speed_scale': 1.0, 'failure_mode': 'none', 'failure_tick': -1, 'sensing_scale': 1.0, 'goal_mode': 'static', 'goal_velocity': [0.0, 0.0], 'latency': 0}",2.872960529958559,1.0,10.0,160.0,166.50000000000009,1.0587145974689782,3.441064977519269,2.384348300016755,9.351147397616863,3.441064977519269,61.03284959976623,2.872960529958559,120.03120500026316,61.03284959976623,0.7390751465055108,0.0,0.9158199161401698,0.7390751465055108,0.9173913043478262,0.4,1.0,0.9173913043478262,0.453416149068323,0.0,5.0,0.453416149068323,5.011920432442496,1.0061069667499067,34.67993525200926,5.011920432442496,3.981948971821028,2.64275046470208,10.981805983387227,3.981948971821028,2.7583180736028734e-17,-2.220446049250313e-16,2.220446049250313e-16,2.7583180736028734e-17,0.9962732919254659,0.8,1.0,0.9962732919254659,0.7036531199417689,160.0,none,No failure (scenario success),[]
strombom_multi,drive_to_goal,paper,2030,strombom,collect_drive_multi,global,5,2,compact,10000,True,308,"{'world_width': 500.0, 'world_height': 500.0, 'goal_center': [370.0, 250.0], 'goal_radius': 4.743416490252569, 'max_ticks': 10000, 'measurement_radius': 5.0, 'n_sheep': 5, 'r_a': 2.0, 'r_s': 65.0, 'rs_weight': 1.0, 'n_neighbors': -1, 'c': 1.05, 'noise_strength': 0.3, 'sheep_speed': 1.0, 'inertia': 0.5, 'graze_move_prob': 0.05, 'collect_threshold_scale': 1.0, 'shepherd_speed': 1.5, 'shepherd_stop_multiple': 3.0, 'n_shepherds': 2, 'initial_spread': 30.0, 'shepherd_start_offset': 50.0, 'success_fraction': 1.0, 'sheep_model': 'strombom', 'dog_controller': 'collect_drive_multi', 'scenario_id': 'drive_to_goal', 'obs_mode': 'global', 'observation_frequency': 1, 'noise_sigma': 0.0, 'communication': 'none', 'stubborn_fraction': 0.0, 'stubborn_rs_scale': 0.25, 'stubborn_response_scale': 0.25, 'cohesion_scale': 1.0, 'initial_layout': 'compact', 'speed_scale': 1.0, 'failure_mode': 'none', 'failure_tick': -1, 'sensing_scale': 1.0, 'goal_mode': 'static', 'goal_velocity': [0.0, 0.0], 'latency': 0}",2.644676293287227,1.0,5.0,308.0,590.9797864117062,1.435978347041734,2.611478256055586,1.3752029918044717,16.849493972505904,2.611478256055586,42.057495864348475,2.644676293287227,116.17705424380152,42.057495864348475,0.7566364219282233,0.0,0.988357748459934,0.7566364219282233,0.948220064724919,0.2,1.0,0.948220064724919,0.2815533980582524,0.0,5.0,0.2815533980582524,3.8835357103922994,0.05938828352092344,58.626152595830476,3.8835357103922994,2.8998344989713716,1.534745778388855,18.507609238508987,2.8998344989713716,0.01729653784197593,-2.220446049250313e-16,0.22008341303324253,0.01729653784197593,0.988673139158576,0.5,1.0,0.988673139158576,0.19210873292275674,308.0,none,No failure (scenario success),[]
strombom_multi,drive_to_goal,paper,2027,strombom,collect_drive_multi,global,10,2,compact,10000,True,170,"{'world_width': 500.0, 'world_height': 500.0, 'goal_center': [370.0, 250.0], 'goal_radius': 6.7082039324993685, 'max_ticks': 10000, 'measurement_radius': 5.0, 'n_sheep': 10, 'r_a': 2.0, 'r_s': 65.0, 'rs_weight': 1.0, 'n_neighbors': -1, 'c': 1.05, 'noise_strength': 0.3, 'sheep_speed': 1.0, 'inertia': 0.5, 'graze_move_prob': 0.05, 'collect_threshold_scale': 1.0, 'shepherd_speed': 1.5, 'shepherd_stop_multiple': 3.0, 'n_shepherds': 2, 'initial_spread': 30.0, 'shepherd_start_offset': 50.0, 'success_fraction': 1.0, 'sheep_model': 'strombom', 'dog_controller': 'collect_drive_multi', 'scenario_id': 'drive_to_goal', 'obs_mode': 'global', 'observation_frequency': 1, 'noise_sigma': 0.0, 'communication': 'none', 'stubborn_fraction': 0.0, 'stubborn_rs_scale': 0.25, 'stubborn_response_scale': 0.25, 'cohesion_scale': 1.0, 'initial_layout': 'compact', 'speed_scale': 1.0, 'failure_mode': 'none', 'failure_tick': -1, 'sensing_scale': 1.0, 'goal_mode': 'static', 'goal_velocity': [0.0, 0.0], 'latency': 0}",3.3447563820739052,1.0,10.0,170.0,326.3908642059296,0.6320724819842749,2.963153477131027,2.256772307816499,8.645480173784993,2.963153477131027,63.118547468958,3.3447563820739052,123.57945505459357,63.118547468958,0.7162966134340498,0.0,0.9298679532024308,0.7162966134340498,0.9707602339181286,0.3,1.0,0.9707602339181286,0.19883040935672514,0.0,3.0,0.19883040935672514,3.0966404587669247,0.639374769525805,22.64480688922468,3.0966404587669247,3.3582866748433875,2.4765078369063303,9.737530789000802,3.3582866748433875,0.014167668835414485,-2.220446049250313e-16,0.2193206880978411,0.014167668835414485,1.0,1.0,1.0,1.0,0.3683764218249076,170.0,none,No failure (scenario success),[]
strombom_multi,drive_to_goal,paper,2030,strombom,collect_drive_multi,global,5,10,compact,10000,True,404,"{'world_width': 500.0, 'world_height': 500.0, 'goal_center': [370.0, 250.0], 'goal_radius': 4.743416490252569, 'max_ticks': 10000, 'measurement_radius': 5.0, 'n_sheep': 5, 'r_a': 2.0, 'r_s': 65.0, 'rs_weight': 1.0, 'n_neighbors': -1, 'c': 1.05, 'noise_strength': 0.3, 'sheep_speed': 1.0, 'inertia': 0.5, 'graze_move_prob': 0.05, 'collect_threshold_scale': 1.0, 'shepherd_speed': 1.5, 'shepherd_stop_multiple': 3.0, 'n_shepherds': 10, 'initial_spread': 30.0, 'shepherd_start_offset': 50.0, 'success_fraction': 1.0, 'sheep_model': 'strombom', 'dog_controller': 'collect_drive_multi', 'scenario_id': 'drive_to_goal', 'obs_mode': 'global', 'observation_frequency': 1, 'noise_sigma': 0.0, 'communication': 'none', 'stubborn_fraction': 0.0, 'stubborn_rs_scale': 0.25, 'stubborn_response_scale': 0.25, 'cohesion_scale': 1.0, 'initial_layout': 'compact', 'speed_scale': 1.0, 'failure_mode': 'none', 'failure_tick': -1, 'sensing_scale': 1.0, 'goal_mode': 'static', 'goal_velocity': [0.0, 0.0], 'latency': 0}",2.1842799592574607,1.0,5.0,404.0,3765.7377865516087,1.8655105573004667,2.647418954651991,1.313736578830812,16.849493972505904,2.647418954651991,49.1731786090669,2.1842799592574607,116.17705424380152,49.1731786090669,0.7701729466460145,0.0,0.9629330765830033,0.7701729466460145,0.954074074074074,0.2,1.0,0.954074074074074,0.2641975308641975,0.0,5.0,0.2641975308641975,3.648406176950621,0.07222131025797804,59.257790821823065,3.648406176950621,2.9310676149126205,1.5083084068732135,18.507609238508987,2.9310676149126205,0.04357954302193102,0.0,0.18610594826679006,0.04357954302193102,0.9925925925925926,0.5,1.0,0.9925925925925926,0.03027103339261718,404.0,none,No failure (scenario success),[]
strombom_multi,drive_to_goal,paper,2028,strombom,collect_drive_multi,global,10,2,compact,10000,True,177,"{'world_width': 500.0, 'world_height': 500.0, 'goal_center': [370.0, 250.0], 'goal_radius': 6.7082039324993685, 'max_ticks': 10000, 'measurement_radius': 5.0, 'n_sheep': 10, 'r_a': 2.0, 'r_s': 65.0, 'rs_weight': 1.0, 'n_neighbors': -1, 'c': 1.05, 'noise_strength': 0.3, 'sheep_speed': 1.0, 'inertia': 0.5, 'graze_move_prob': 0.05, 'collect_threshold_scale': 1.0, 'shepherd_speed': 1.5, 'shepherd_stop_multiple': 3.0, 'n_shepherds': 2, 'initial_spread': 30.0, 'shepherd_start_offset': 50.0, 'success_fraction': 1.0, 'sheep_model': 'strombom', 'dog_controller': 'collect_drive_multi', 'scenario_id': 'drive_to_goal', 'obs_mode': 'global', 'observation_frequency': 1, 'noise_sigma': 0.0, 'communication': 'none', 'stubborn_fraction': 0.0, 'stubborn_rs_scale': 0.25, 'stubborn_response_scale': 0.25, 'cohesion_scale': 1.0, 'initial_layout': 'compact', 'speed_scale': 1.0, 'failure_mode': 'none', 'failure_tick': -1, 'sensing_scale': 1.0, 'goal_mode': 'static', 'goal_velocity': [0.0, 0.0], 'latency': 0}",2.4725590105764583,1.0,10.0,177.0,334.99890929857054,0.35746002535177174,3.1056890058014703,2.1040136004276357,10.92488360077546,3.1056890058014703,63.303333762075525,2.4725590105764583,123.21622990035598,63.303333762075525,0.6919014264054426,0.0,0.8882996757766263,0.6919014264054426,0.9657303370786517,0.6,1.0,0.9657303370786517,0.2808988764044944,0.0,5.0,0.2808988764044944,3.9675759395996355,0.6103112845873437,39.800854764790394,3.9675759395996355,3.5059236982616526,2.335189931913192,12.61562271373407,3.5059236982616526,0.00958455695413815,0.0,0.12403913075998485,0.00958455695413815,1.0,1.0,1.0,1.0,0.36043004182489957,177.0,none,No failure (scenario success),[]
strombom_multi,drive_to_goal,paper,2029,strombom,collect_drive_multi,global,10,2,compact,10000,True,169,"{'world_width': 500.0, 'world_height': 500.0, 'goal_center': [370.0, 250.0], 'goal_radius': 6.7082039324993685, 'max_ticks': 10000, 'measurement_radius': 5.0, 'n_sheep': 10, 'r_a': 2.0, 'r_s': 65.0, 'rs_weight': 1.0, 'n_neighbors': -1, 'c': 1.05, 'noise_strength': 0.3, 'sheep_speed': 1.0, 'inertia': 0.5, 'graze_move_prob': 0.05, 'collect_threshold_scale': 1.0, 'shepherd_speed': 1.5, 'shepherd_stop_multiple': 3.0, 'n_shepherds': 2, 'initial_spread': 30.0, 'shepherd_start_offset': 50.0, 'success_fraction': 1.0, 'sheep_model': 'strombom', 'dog_controller': 'collect_drive_multi', 'scenario_id': 'drive_to_goal', 'obs_mode': 'global', 'observation_frequency': 1, 'noise_sigma': 0.0, 'communication': 'none', 'stubborn_fraction': 0.0, 'stubborn_rs_scale': 0.25, 'stubborn_response_scale': 0.25, 'cohesion_scale': 1.0, 'initial_layout': 'compact', 'speed_scale': 1.0, 'failure_mode': 'none', 'failure_tick': -1, 'sensing_scale': 1.0, 'goal_mode': 'static', 'goal_velocity': [0.0, 0.0], 'latency': 0}",2.9695916665791753,1.0,10.0,169.0,335.17573870524427,1.1410173830549881,3.037656198442251,2.2148036316680426,9.351147397616863,3.037656198442251,62.850010280496186,2.9695916665791753,120.03120500026316,62.850010280496186,0.7043015643638749,0.0,0.9102460632466952,0.7043015643638749,0.96,0.4,1.0,0.96,0.2823529411764706,0.0,5.0,0.2823529411764706,3.680522376765542,0.6557352658435949,33.15610500480288,3.680522376765542,3.4519642949873983,2.4796664830043396,10.981805983387227,3.4519642949873983,0.014581791353568097,0.0,0.12174197784157359,0.014581791353568097,0.9964705882352941,0.8,1.0,0.9964705882352941,0.34925443525800276,169.0,none,No failure (scenario success),[]
strombom_multi,drive_to_goal,paper,2028,strombom,collect_drive_multi,global,10,3,compact,10000,True,176,"{'world_width': 500.0, 'world_height': 500.0, 'goal_center': [370.0, 250.0], 'goal_radius': 6.7082039324993685, 'max_ticks': 10000, 'measurement_radius': 5.0, 'n_sheep': 10, 'r_a': 2.0, 'r_s': 65.0, 'rs_weight': 1.0, 'n_neighbors': -1, 'c': 1.05, 'noise_strength': 0.3, 'sheep_speed': 1.0, 'inertia': 0.5, 'graze_move_prob': 0.05, 'collect_threshold_scale': 1.0, 'shepherd_speed': 1.5, 'shepherd_stop_multiple': 3.0, 'n_shepherds': 3, 'initial_spread': 30.0, 'shepherd_start_offset': 50.0, 'success_fraction': 1.0, 'sheep_model': 'strombom', 'dog_controller': 'collect_drive_multi', 'scenario_id': 'drive_to_goal', 'obs_mode': 'global', 'observation_frequency': 1, 'noise_sigma': 0.0, 'communication': 'none', 'stubborn_fraction': 0.0, 'stubborn_rs_scale': 0.25, 'stubborn_response_scale': 0.25, 'cohesion_scale': 1.0, 'initial_layout': 'compact', 'speed_scale': 1.0, 'failure_mode': 'none', 'failure_tick': -1, 'sensing_scale': 1.0, 'goal_mode': 'static', 'goal_velocity': [0.0, 0.0], 'latency': 0}",3.3833358440753893,1.0,10.0,176.0,509.1672871823466,0.14337926664353287,3.1900271966827285,2.263635493428808,10.92488360077546,3.1900271966827285,63.61608535201272,3.3833358440753893,123.21622990035598,63.61608535201272,0.6937782195276808,0.0,0.8923931333233435,0.6937782195276808,0.9655367231638416,0.6,1.0,0.9655367231638416,0.2768361581920904,0.0,5.0,0.2768361581920904,4.133212324861634,0.6256787575891357,39.800854764790394,4.133212324861634,3.6151460686993806,2.5278061478131058,12.61562271373407,3.6151460686993806,0.027654620513307977,0.0,0.13925114610624345,0.027654620513307977,1.0,1.0,1.0,1.0,0.23535073260385084,176.0,none,No failure (scenario success),[]
strombom_multi,drive_to_goal,paper,2029,strombom,collect_drive_multi,global,5,10,compact,10000,True,162,"{'world_width': 500.0, 'world_height': 500.0, 'goal_center': [370.0, 250.0], 'goal_radius': 4.743416490252569, 'max_ticks': 10000, 'measurement_radius': 5.0, 'n_sheep': 5, 'r_a': 2.0, 'r_s': 65.0, 'rs_weight': 1.0, 'n_neighbors': -1, 'c': 1.05, 'noise_strength': 0.3, 'sheep_speed': 1.0, 'inertia': 0.5, 'graze_move_prob': 0.05, 'collect_threshold_scale': 1.0, 'shepherd_speed': 1.5, 'shepherd_stop_multiple': 3.0, 'n_shepherds': 10, 'initial_spread': 30.0, 'shepherd_start_offset': 50.0, 'success_fraction': 1.0, 'sheep_model': 'strombom', 'dog_controller': 'collect_drive_multi', 'scenario_id': 'drive_to_goal', 'obs_mode': 'global', 'observation_frequency': 1, 'noise_sigma': 0.0, 'communication': 'none', 'stubborn_fraction': 0.0, 'stubborn_rs_scale': 0.25, 'stubborn_response_scale': 0.25, 'cohesion_scale': 1.0, 'initial_layout': 'compact', 'speed_scale': 1.0, 'failure_mode': 'none', 'failure_tick': -1, 'sensing_scale': 1.0, 'goal_mode': 'static', 'goal_velocity': [0.0, 0.0], 'latency': 0}",2.4603542144361303,1.0,5.0,162.0,1700.1552813126198,1.0807915535689574,2.269698019977772,1.4268500911073376,8.967113777422664,2.269698019977772,64.7255093075102,2.4603542144361303,121.69289431596494,64.7255093075102,0.7559861704691714,0.0,0.9731273306644329,0.7559861704691714,0.9570552147239264,0.4,1.0,0.9570552147239264,0.2147239263803681,0.0,3.0,0.2147239263803681,1.8333425397268508,0.009814504033912656,23.11505065819272,1.8333425397268508,2.510031802605513,1.5236382667966004,10.147491174324566,2.510031802605513,0.037582335200206,0.0,0.16516355604263355,0.037582335200206,1.0,1.0,1.0,1.0,0.07013038244922798,162.0,none,No failure (scenario success),[]
strombom_multi,drive_to_goal,paper,2030,strombom,collect_drive_multi,global,10,2,compact,10000,True,174,"{'world_width': 500.0, 'world_height': 500.0, 'goal_center': [370.0, 250.0], 'goal_radius': 6.7082039324993685, 'max_ticks': 10000, 'measurement_radius': 5.0, 'n_sheep': 10, 'r_a': 2.0, 'r_s': 65.0, 'rs_weight': 1.0, 'n_neighbors': -1, 'c': 1.05, 'noise_strength': 0.3, 'sheep_speed': 1.0, 'inertia': 0.5, 'graze_move_prob': 0.05, 'collect_threshold_scale': 1.0, 'shepherd_speed': 1.5, 'shepherd_stop_multiple': 3.0, 'n_shepherds': 2, 'initial_spread': 30.0, 'shepherd_start_offset': 50.0, 'success_fraction': 1.0, 'sheep_model': 'strombom', 'dog_controller': 'collect_drive_multi', 'scenario_id': 'drive_to_goal', 'obs_mode': 'global', 'observation_frequency': 1, 'noise_sigma': 0.0, 'communication': 'none', 'stubborn_fraction': 0.0, 'stubborn_rs_scale': 0.25, 'stubborn_response_scale': 0.25, 'cohesion_scale': 1.0, 'initial_layout': 'compact', 'speed_scale': 1.0, 'failure_mode': 'none', 'failure_tick': -1, 'sensing_scale': 1.0, 'goal_mode': 'static', 'goal_velocity': [0.0, 0.0], 'latency': 0}",3.2034269071610857,1.0,10.0,174.0,329.6704698689872,0.5922159713098556,3.680073333834384,2.1434324910039466,16.176649280945135,3.680073333834384,60.72589895780559,3.2034269071610857,119.12835006869135,60.72589895780559,0.6828147956275835,0.0,0.9193606120174863,0.6828147956275835,0.9097142857142857,0.1,1.0,0.9097142857142857,0.68,0.0,8.0,0.68,5.605671525381644,0.5257211930652124,46.527678897666945,5.605671525381644,4.118636808073102,2.408573952725106,17.555957987428933,4.118636808073102,0.01697251258642351,-2.220446049250313e-16,0.19584985816029432,0.01697251258642351,0.9920000000000001,0.8,1.0,0.9920000000000001,0.3516387840488092,174.0,none,No failure (scenario success),[]
strombom_multi,drive_to_goal,paper,2030,strombom,collect_drive_multi,global,10,3,compact,10000,True,170,"{'world_width': 500.0, 'world_height': 500.0, 'goal_center': [370.0, 250.0], 'goal_radius': 6.7082039324993685, 'max_ticks': 10000, 'measurement_radius': 5.0, 'n_sheep': 10, 'r_a': 2.0, 'r_s': 65.0, 'rs_weight': 1.0, 'n_neighbors': -1, 'c': 1.05, 'noise_strength': 0.3, 'sheep_speed': 1.0, 'inertia': 0.5, 'graze_move_prob': 0.05, 'collect_threshold_scale': 1.0, 'shepherd_speed': 1.5, 'shepherd_stop_multiple': 3.0, 'n_shepherds': 3, 'initial_spread': 30.0, 'shepherd_start_offset': 50.0, 'success_fraction': 1.0, 'sheep_model': 'strombom', 'dog_controller': 'collect_drive_multi', 'scenario_id': 'drive_to_goal', 'obs_mode': 'global', 'observation_frequency': 1, 'noise_sigma': 0.0, 'communication': 'none', 'stubborn_fraction': 0.0, 'stubborn_rs_scale': 0.25, 'stubborn_response_scale': 0.25, 'cohesion_scale': 1.0, 'initial_layout': 'compact', 'speed_scale': 1.0, 'failure_mode': 'none', 'failure_tick': -1, 'sensing_scale': 1.0, 'goal_mode': 'static', 'goal_velocity': [0.0, 0.0], 'latency': 0}",3.553735840004666,1.0,10.0,170.0,505.6540158826638,1.265056750265346,3.7833276613650777,2.0671906603918826,16.176649280945135,3.7833276613650777,61.81467200592512,3.553735840004666,119.12835006869135,61.81467200592512,0.7004527822084451,0.0,0.9185804909218726,0.7004527822084451,0.8853801169590644,0.1,1.0,0.8853801169590644,0.8187134502923976,0.0,8.0,0.8187134502923976,6.42545036366376,0.547689132858048,46.527678897666945,6.42545036366376,4.2642276620354975,2.2350629893833966,17.555957987428933,4.2642276620354975,0.03905977205376656,0.0,0.28979502817022607,0.03905977205376656,0.9918128654970761,0.8,1.0,0.9918128654970761,0.22856461255813615,170.0,none,No failure (scenario success),[]
strombom_multi,drive_to_goal,paper,2029,strombom,collect_drive_multi,global,10,3,compact,10000,True,166,"{'world_width': 500.0, 'world_height': 500.0, 'goal_center': [370.0, 250.0], 'goal_radius': 6.7082039324993685, 'max_ticks': 10000, 'measurement_radius': 5.0, 'n_sheep': 10, 'r_a': 2.0, 'r_s': 65.0, 'rs_weight': 1.0, 'n_neighbors': -1, 'c': 1.05, 'noise_strength': 0.3, 'sheep_speed': 1.0, 'inertia': 0.5, 'graze_move_prob': 0.05, 'collect_threshold_scale': 1.0, 'shepherd_speed': 1.5, 'shepherd_stop_multiple': 3.0, 'n_shepherds': 3, 'initial_spread': 30.0, 'shepherd_start_offset': 50.0, 'success_fraction': 1.0, 'sheep_model': 'strombom', 'dog_controller': 'collect_drive_multi', 'scenario_id': 'drive_to_goal', 'obs_mode': 'global', 'observation_frequency': 1, 'noise_sigma': 0.0, 'communication': 'none', 'stubborn_fraction': 0.0, 'stubborn_rs_scale': 0.25, 'stubborn_response_scale': 0.25, 'cohesion_scale': 1.0, 'initial_layout': 'compact', 'speed_scale': 1.0, 'failure_mode': 'none', 'failure_tick': -1, 'sensing_scale': 1.0, 'goal_mode': 'static', 'goal_velocity': [0.0, 0.0], 'latency': 0}",2.658160230454145,1.0,10.0,166.0,501.55741918370865,0.27865186910374784,2.9859080144612644,2.0411587267604494,9.351147397616863,2.9859080144612644,62.308918555726436,2.658160230454145,120.03120500026316,62.308918555726436,0.7144614767712231,0.0,0.9138624528225963,0.7144614767712231,0.9622754491017963,0.4,1.0,0.9622754491017963,0.2754491017964072,0.0,5.0,0.2754491017964072,3.331954618409676,0.5950168150571242,33.15610500480288,3.331954618409676,3.3669864334569777,2.295964596039899,10.981805983387227,3.3669864334569777,0.031285599745450005,0.0,0.3011997063659606,0.031285599745450005,1.0,1.0,1.0,1.0,0.23401716389887164,166.0,none,No failure (scenario success),[]
strombom_multi,drive_to_goal,paper,2027,strombom,collect_drive_multi,global,10,3,compact,10000,True,178,"{'world_width': 500.0, 'world_height': 500.0, 'goal_center': [370.0, 250.0], 'goal_radius': 6.7082039324993685, 'max_ticks': 10000, 'measurement_radius': 5.0, 'n_sheep': 10, 'r_a': 2.0, 'r_s': 65.0, 'rs_weight': 1.0, 'n_neighbors': -1, 'c': 1.05, 'noise_strength': 0.3, 'sheep_speed': 1.0, 'inertia': 0.5, 'graze_move_prob': 0.05, 'collect_threshold_scale': 1.0, 'shepherd_speed': 1.5, 'shepherd_stop_multiple': 3.0, 'n_shepherds': 3, 'initial_spread': 30.0, 'shepherd_start_offset': 50.0, 'success_fraction': 1.0, 'sheep_model': 'strombom', 'dog_controller': 'collect_drive_multi', 'scenario_id': 'drive_to_goal', 'obs_mode': 'global', 'observation_frequency': 1, 'noise_sigma': 0.0, 'communication': 'none', 'stubborn_fraction': 0.0, 'stubborn_rs_scale': 0.25, 'stubborn_response_scale': 0.25, 'cohesion_scale': 1.0, 'initial_layout': 'compact', 'speed_scale': 1.0, 'failure_mode': 'none', 'failure_tick': -1, 'sensing_scale': 1.0, 'goal_mode': 'static', 'goal_velocity': [0.0, 0.0], 'latency': 0}",3.0898194007274395,1.0,10.0,178.0,500.5191632848722,1.2451236271366146,2.935156328322401,2.1783280577238893,8.645480173784993,2.935156328322401,63.2684931050638,3.0898194007274395,123.57945505459357,63.2684931050638,0.6875307709404683,0.0,0.9363362418566787,0.6875307709404683,0.9692737430167597,0.3,1.0,0.9692737430167597,0.18994413407821228,0.0,3.0,0.18994413407821228,3.032898565922301,0.6306854304236276,26.06579240661795,3.032898565922301,3.3154157189473454,2.3942195594295073,9.737530789000802,3.3154157189473454,0.03915241346826439,0.0,0.29579382912950525,0.03915241346826439,1.0,1.0,1.0,1.0,0.2407293156631628,178.0,none,No failure (scenario success),[]
strombom_multi,drive_to_goal,paper,2026,strombom,collect_drive_multi,global,10,4,compact,10000,True,171,"{'world_width': 500.0, 'world_height': 500.0, 'goal_center': [370.0, 250.0], 'goal_radius': 6.7082039324993685, 'max_ticks': 10000, 'measurement_radius': 5.0, 'n_sheep': 10, 'r_a': 2.0, 'r_s': 65.0, 'rs_weight': 1.0, 'n_neighbors': -1, 'c': 1.05, 'noise_strength': 0.3, 'sheep_speed': 1.0, 'inertia': 0.5, 'graze_move_prob': 0.05, 'collect_threshold_scale': 1.0, 'shepherd_speed': 1.5, 'shepherd_stop_multiple': 3.0, 'n_shepherds': 4, 'initial_spread': 30.0, 'shepherd_start_offset': 50.0, 'success_fraction': 1.0, 'sheep_model': 'strombom', 'dog_controller': 'collect_drive_multi', 'scenario_id': 'drive_to_goal', 'obs_mode': 'global', 'observation_frequency': 1, 'noise_sigma': 0.0, 'communication': 'none', 'stubborn_fraction': 0.0, 'stubborn_rs_scale': 0.25, 'stubborn_response_scale': 0.25, 'cohesion_scale': 1.0, 'initial_layout': 'compact', 'speed_scale': 1.0, 'failure_mode': 'none', 'failure_tick': -1, 'sensing_scale': 1.0, 'goal_mode': 'static', 'goal_velocity': [0.0, 0.0], 'latency': 0}",2.4179867446008245,1.0,10.0,171.0,675.833799715027,0.8206255939646219,2.9872625874892726,2.2953418861187513,7.390508781172831,2.9872625874892726,64.26157531861391,2.4179867446008245,122.11388747526159,64.26157531861391,0.7076931556334475,0.0,0.924490656140825,0.7076931556334475,0.9703488372093022,0.5,1.0,0.9703488372093022,0.16279069767441862,0.0,3.0,0.16279069767441862,3.7899139446117354,0.4625570105813705,27.0899907147382,3.7899139446117354,3.467229509509979,2.4882406273489566,9.015872685036566,3.467229509509979,0.03807919620582522,0.0,0.33739881558663887,0.03807919620582522,1.0,1.0,1.0,1.0,0.17710848551985992,171.0,none,No failure (scenario success),[]
strombom_multi,drive_to_goal,paper,2029,strombom,collect_drive_multi,global,10,4,compact,10000,True,168,"{'world_width': 500.0, 'world_height': 500.0, 'goal_center': [370.0, 250.0], 'goal_radius': 6.7082039324993685, 'max_ticks': 10000, 'measurement_radius': 5.0, 'n_sheep': 10, 'r_a': 2.0, 'r_s': 65.0, 'rs_weight': 1.0, 'n_neighbors': -1, 'c': 1.05, 'noise_strength': 0.3, 'sheep_speed': 1.0, 'inertia': 0.5, 'graze_move_prob': 0.05, 'collect_threshold_scale': 1.0, 'shepherd_speed': 1.5, 'shepherd_stop_multiple': 3.0, 'n_shepherds': 4, 'initial_spread': 30.0, 'shepherd_start_offset': 50.0, 'success_fraction': 1.0, 'sheep_model': 'strombom', 'dog_controller': 'collect_drive_multi', 'scenario_id': 'drive_to_goal', 'obs_mode': 'global', 'observation_frequency': 1, 'noise_sigma': 0.0, 'communication': 'none', 'stubborn_fraction': 0.0, 'stubborn_rs_scale': 0.25, 'stubborn_response_scale': 0.25, 'cohesion_scale': 1.0, 'initial_layout': 'compact', 'speed_scale': 1.0, 'failure_mode': 'none', 'failure_tick': -1, 'sensing_scale': 1.0, 'goal_mode': 'static', 'goal_velocity': [0.0, 0.0], 'latency': 0}",3.18606831279021,1.0,10.0,168.0,668.7847491004682,1.602741911546924,2.972641378450392,2.1458445331116374,9.351147397616863,2.972641378450392,61.99879274318324,3.18606831279021,120.03120500026316,61.99879274318324,0.7038589530292638,0.0,0.9109937319653206,0.7038589530292638,0.9627218934911242,0.4,1.0,0.9627218934911242,0.27218934911242604,0.0,5.0,0.27218934911242604,3.2684465843024597,0.525524215018303,33.15610500480288,3.2684465843024597,3.337054602948935,2.2791199034078655,10.981805983387227,3.337054602948935,0.03842286606418049,0.0,0.19848938007889094,0.03842286606418049,1.0,1.0,1.0,1.0,0.1747126214295893,168.0,none,No failure (scenario success),[]
strombom_multi,drive_to_goal,paper,2030,strombom,collect_drive_multi,global,10,4,compact,10000,True,169,"{'world_width': 500.0, 'world_height': 500.0, 'goal_center': [370.0, 250.0], 'goal_radius': 6.7082039324993685, 'max_ticks': 10000, 'measurement_radius': 5.0, 'n_sheep': 10, 'r_a': 2.0, 'r_s': 65.0, 'rs_weight': 1.0, 'n_neighbors': -1, 'c': 1.05, 'noise_strength': 0.3, 'sheep_speed': 1.0, 'inertia': 0.5, 'graze_move_prob': 0.05, 'collect_threshold_scale': 1.0, 'shepherd_speed': 1.5, 'shepherd_stop_multiple': 3.0, 'n_shepherds': 4, 'initial_spread': 30.0, 'shepherd_start_offset': 50.0, 'success_fraction': 1.0, 'sheep_model': 'strombom', 'dog_controller': 'collect_drive_multi', 'scenario_id': 'drive_to_goal', 'obs_mode': 'global', 'observation_frequency': 1, 'noise_sigma': 0.0, 'communication': 'none', 'stubborn_fraction': 0.0, 'stubborn_rs_scale': 0.25, 'stubborn_response_scale': 0.25, 'cohesion_scale': 1.0, 'initial_layout': 'compact', 'speed_scale': 1.0, 'failure_mode': 'none', 'failure_tick': -1, 'sensing_scale': 1.0, 'goal_mode': 'static', 'goal_velocity': [0.0, 0.0], 'latency': 0}",3.6199567870087215,1.0,10.0,169.0,676.1758132117108,0.7906770068711626,3.6578280170538933,2.1112772096581045,16.176649280945135,3.6578280170538933,61.34139993208008,3.6199567870087215,119.12835006869135,61.34139993208008,0.6961710972554691,0.0,0.9290157367732559,0.6961710972554691,0.9076470588235295,0.1,1.0,0.9076470588235295,0.7058823529411765,0.0,8.0,0.7058823529411765,5.5176692357182215,0.5843530801618202,46.527678897666945,5.5176692357182215,4.100183357152433,2.3205205737414683,17.555957987428933,4.100183357152433,0.04606294206773921,0.0,0.2020010488621189,0.04606294206773921,0.9929411764705883,0.8,1.0,0.9929411764705883,0.17082597606240751,169.0,none,No failure (scenario success),[]
strombom_multi,drive_to_goal,paper,2028,strombom,collect_drive_multi,global,10,4,compact,10000,True,173,"{'world_width': 500.0, 'world_height': 500.0, 'goal_center': [370.0, 250.0], 'goal_radius': 6.7082039324993685, 'max_ticks': 10000, 'measurement_radius': 5.0, 'n_sheep': 10, 'r_a': 2.0, 'r_s': 65.0, 'rs_weight': 1.0, 'n_neighbors': -1, 'c': 1.05, 'noise_strength': 0.3, 'sheep_speed': 1.0, 'inertia': 0.5, 'graze_move_prob': 0.05, 'collect_threshold_scale': 1.0, 'shepherd_speed': 1.5, 'shepherd_stop_multiple': 3.0, 'n_shepherds': 4, 'initial_spread': 30.0, 'shepherd_start_offset': 50.0, 'success_fraction': 1.0, 'sheep_model': 'strombom', 'dog_controller': 'collect_drive_multi', 'scenario_id': 'drive_to_goal', 'obs_mode': 'global', 'observation_frequency': 1, 'noise_sigma': 0.0, 'communication': 'none', 'stubborn_fraction': 0.0, 'stubborn_rs_scale': 0.25, 'stubborn_response_scale': 0.25, 'cohesion_scale': 1.0, 'initial_layout': 'compact', 'speed_scale': 1.0, 'failure_mode': 'none', 'failure_tick': -1, 'sensing_scale': 1.0, 'goal_mode': 'static', 'goal_velocity': [0.0, 0.0], 'latency': 0}",2.730644220309286,1.0,10.0,173.0,676.4253866313207,1.3433946202115472,3.072307403096645,2.1856875337203268,10.92488360077546,3.072307403096645,63.46817015445597,2.730644220309286,123.21622990035598,63.46817015445597,0.7066125602376295,0.0,0.9475684236484582,0.7066125602376295,0.9683908045977011,0.6,1.0,0.9683908045977011,0.28160919540229884,0.0,5.0,0.28160919540229884,3.954997745183918,0.5904827720195533,39.800854764790394,3.954997745183918,3.466474910947615,2.4167883553971934,12.61562271373407,3.466474910947615,0.04094474695960053,0.0,0.2500169359905301,0.04094474695960053,1.0,1.0,1.0,1.0,0.17812102866227317,173.0,none,No failure (scenario success),[]
strombom_multi,drive_to_goal,paper,2027,strombom,collect_drive_multi,global,10,6,compact,10000,True,172,"{'world_width': 500.0, 'world_height': 500.0, 'goal_center': [370.0, 250.0], 'goal_radius': 6.7082039324993685, 'max_ticks': 10000, 'measurement_radius': 5.0, 'n_sheep': 10, 'r_a': 2.0, 'r_s': 65.0, 'rs_weight': 1.0, 'n_neighbors': -1, 'c': 1.05, 'noise_strength': 0.3, 'sheep_speed': 1.0, 'inertia': 0.5, 'graze_move_prob': 0.05, 'collect_threshold_scale': 1.0, 'shepherd_speed': 1.5, 'shepherd_stop_multiple': 3.0, 'n_shepherds': 6, 'initial_spread': 30.0, 'shepherd_start_offset': 50.0, 'success_fraction': 1.0, 'sheep_model': 'strombom', 'dog_controller': 'collect_drive_multi', 'scenario_id': 'drive_to_goal', 'obs_mode': 'global', 'observation_frequency': 1, 'noise_sigma': 0.0, 'communication': 'none', 'stubborn_fraction': 0.0, 'stubborn_rs_scale': 0.25, 'stubborn_response_scale': 0.25, 'cohesion_scale': 1.0, 'initial_layout': 'compact', 'speed_scale': 1.0, 'failure_mode': 'none', 'failure_tick': -1, 'sensing_scale': 1.0, 'goal_mode': 'static', 'goal_velocity': [0.0, 0.0], 'latency': 0}",3.9072923999995526,1.0,10.0,172.0,1009.4046303113662,0.6429836023101656,3.161576959885098,2.1521080302051736,8.645480173784993,3.161576959885098,61.90089646627392,3.9072923999995526,123.57945505459357,61.90089646627392,0.7012251117987934,0.0,0.9237665775360804,0.7012251117987934,0.9421965317919075,0.3,1.0,0.9421965317919075,0.4913294797687861,0.0,3.0,0.4913294797687861,5.506908295609435,0.5899185027761462,28.333498569973415,5.506908295609435,3.7504734741721992,2.3607242868753167,9.737530789000802,3.7504734741721992,0.05553164039247475,0.0,0.5563928494802888,0.05553164039247475,1.0,1.0,1.0,1.0,0.11855717624128524,172.0,none,No failure (scenario success),[]
strombom_multi,drive_to_goal,paper,2028,strombom,collect_drive_multi,global,10,6,compact,10000,True,173,"{'world_width': 500.0, 'world_height': 500.0, 'goal_center': [370.0, 250.0], 'goal_radius': 6.7082039324993685, 'max_ticks': 10000, 'measurement_radius': 5.0, 'n_sheep': 10, 'r_a': 2.0, 'r_s': 65.0, 'rs_weight': 1.0, 'n_neighbors': -1, 'c': 1.05, 'noise_strength': 0.3, 'sheep_speed': 1.0, 'inertia': 0.5, 'graze_move_prob': 0.05, 'collect_threshold_scale': 1.0, 'shepherd_speed': 1.5, 'shepherd_stop_multiple': 3.0, 'n_shepherds': 6, 'initial_spread': 30.0, 'shepherd_start_offset': 50.0, 'success_fraction': 1.0, 'sheep_model': 'strombom', 'dog_controller': 'collect_drive_multi', 'scenario_id': 'drive_to_goal', 'obs_mode': 'global', 'observation_frequency': 1, 'noise_sigma': 0.0, 'communication': 'none', 'stubborn_fraction': 0.0, 'stubborn_rs_scale': 0.25, 'stubborn_response_scale': 0.25, 'cohesion_scale': 1.0, 'initial_layout': 'compact', 'speed_scale': 1.0, 'failure_mode': 'none', 'failure_tick': -1, 'sensing_scale': 1.0, 'goal_mode': 'static', 'goal_velocity': [0.0, 0.0], 'latency': 0}",2.79010086892348,1.0,10.0,173.0,1009.8637395957736,0.7496069696745937,3.0471274787886333,2.082870635164714,10.92488360077546,3.0471274787886333,63.313534707455624,2.79010086892348,123.21622990035598,63.313534707455624,0.7066276825804736,0.0,0.8929327002748081,0.7066276825804736,0.9678160919540231,0.6,1.0,0.9678160919540231,0.29310344827586204,0.0,5.0,0.29310344827586204,4.074326255576613,0.4259783934415033,39.800854764790394,4.074326255576613,3.4468852213787238,2.2716505795738064,12.61562271373407,3.4468852213787238,0.039863357986826636,0.0,0.19072040072508345,0.039863357986826636,1.0,1.0,1.0,1.0,0.11924987927543221,173.0,none,No failure (scenario success),[]
strombom_multi,drive_to_goal,paper,2029,strombom,collect_drive_multi,global,10,6,compact,10000,True,168,"{'world_width': 500.0, 'world_height': 500.0, 'goal_center': [370.0, 250.0], 'goal_radius': 6.7082039324993685, 'max_ticks': 10000, 'measurement_radius': 5.0, 'n_sheep': 10, 'r_a': 2.0, 'r_s': 65.0, 'rs_weight': 1.0, 'n_neighbors': -1, 'c': 1.05, 'noise_strength': 0.3, 'sheep_speed': 1.0, 'inertia': 0.5, 'graze_move_prob': 0.05, 'collect_threshold_scale': 1.0, 'shepherd_speed': 1.5, 'shepherd_stop_multiple': 3.0, 'n_shepherds': 6, 'initial_spread': 30.0, 'shepherd_start_offset': 50.0, 'success_fraction': 1.0, 'sheep_model': 'strombom', 'dog_controller': 'collect_drive_multi', 'scenario_id': 'drive_to_goal', 'obs_mode': 'global', 'observation_frequency': 1, 'noise_sigma': 0.0, 'communication': 'none', 'stubborn_fraction': 0.0, 'stubborn_rs_scale': 0.25, 'stubborn_response_scale': 0.25, 'cohesion_scale': 1.0, 'initial_layout': 'compact', 'speed_scale': 1.0, 'failure_mode': 'none', 'failure_tick': -1, 'sensing_scale': 1.0, 'goal_mode': 'static', 'goal_velocity': [0.0, 0.0], 'latency': 0}",1.8450737952929208,1.0,10.0,168.0,1003.7952043651799,1.2140891356046783,3.0179314949991016,2.1782383026342185,9.351147397616863,3.0179314949991016,61.21296336488337,1.8450737952929208,120.03120500026316,61.21296336488337,0.7132450356921,0.0,0.8827447616028845,0.7132450356921,0.9568047337278106,0.4,1.0,0.9568047337278106,0.23668639053254437,0.0,5.0,0.23668639053254437,3.4468273684447364,0.4606754812665349,33.15610500480288,3.4468273684447364,3.425244016598796,2.4647322194135364,10.981805983387227,3.425244016598796,0.03502619454705416,0.0,0.17837071006935445,0.03502619454705416,1.0,1.0,1.0,1.0,0.11773928655069986,168.0,none,No failure (scenario success),[]
strombom_multi,drive_to_goal,paper,2026,strombom,collect_drive_multi,global,10,6,compact,10000,True,171,"{'world_width': 500.0, 'world_height': 500.0, 'goal_center': [370.0, 250.0], 'goal_radius': 6.7082039324993685, 'max_ticks': 10000, 'measurement_radius': 5.0, 'n_sheep': 10, 'r_a': 2.0, 'r_s': 65.0, 'rs_weight': 1.0, 'n_neighbors': -1, 'c': 1.05, 'noise_strength': 0.3, 'sheep_speed': 1.0, 'inertia': 0.5, 'graze_move_prob': 0.05, 'collect_threshold_scale': 1.0, 'shepherd_speed': 1.5, 'shepherd_stop_multiple': 3.0, 'n_shepherds': 6, 'initial_spread': 30.0, 'shepherd_start_offset': 50.0, 'success_fraction': 1.0, 'sheep_model': 'strombom', 'dog_controller': 'collect_drive_multi', 'scenario_id': 'drive_to_goal', 'obs_mode': 'global', 'observation_frequency': 1, 'noise_sigma': 0.0, 'communication': 'none', 'stubborn_fraction': 0.0, 'stubborn_rs_scale': 0.25, 'stubborn_response_scale': 0.25, 'cohesion_scale': 1.0, 'initial_layout': 'compact', 'speed_scale': 1.0, 'failure_mode': 'none', 'failure_tick': -1, 'sensing_scale': 1.0, 'goal_mode': 'static', 'goal_velocity': [0.0, 0.0], 'latency': 0}",3.086404881708627,1.0,10.0,171.0,1006.0107737724027,1.0359857564098949,2.8985724407245894,2.1752361646833998,7.390508781172831,2.8985724407245894,62.29348300534364,3.086404881708627,122.11388747526159,62.29348300534364,0.7047570735101831,0.0,0.924576981529122,0.7047570735101831,0.9674418604651163,0.5,1.0,0.9674418604651163,0.1744186046511628,0.0,3.0,0.1744186046511628,3.6453604317557846,0.5890976472506776,26.666340228195736,3.6453604317557846,3.3652479141760687,2.3298338810861523,9.015872685036566,3.3652479141760687,0.04027208119270728,0.0,0.1691555974063027,0.04027208119270728,1.0,1.0,1.0,1.0,0.11831631002043466,171.0,none,No failure (scenario success),[]
strombom_multi,drive_to_goal,paper,2026,strombom,collect_drive_multi,global,10,3,compact,10000,True,172,"{'world_width': 500.0, 'world_height': 500.0, 'goal_center': [370.0, 250.0], 'goal_radius': 6.7082039324993685, 'max_ticks': 10000, 'measurement_radius': 5.0, 'n_sheep': 10, 'r_a': 2.0, 'r_s': 65.0, 'rs_weight': 1.0, 'n_neighbors': -1, 'c': 1.05, 'noise_strength': 0.3, 'sheep_speed': 1.0, 'inertia': 0.5, 'graze_move_prob': 0.05, 'collect_threshold_scale': 1.0, 'shepherd_speed': 1.5, 'shepherd_stop_multiple': 3.0, 'n_shepherds': 3, 'initial_spread': 30.0, 'shepherd_start_offset': 50.0, 'success_fraction': 1.0, 'sheep_model': 'strombom', 'dog_controller': 'collect_drive_multi', 'scenario_id': 'drive_to_goal', 'obs_mode': 'global', 'observation_frequency': 1, 'noise_sigma': 0.0, 'communication': 'none', 'stubborn_fraction': 0.0, 'stubborn_rs_scale': 0.25, 'stubborn_response_scale': 0.25, 'cohesion_scale': 1.0, 'initial_layout': 'compact', 'speed_scale': 1.0, 'failure_mode': 'none', 'failure_tick': -1, 'sensing_scale': 1.0, 'goal_mode': 'static', 'goal_velocity': [0.0, 0.0], 'latency': 0}",2.677831171181053,1.0,10.0,172.0,500.85590607071026,1.0081521936429279,2.839739259849551,2.015989668927634,7.390508781172831,2.839739259849551,63.73727650634723,2.677831171181053,122.11388747526159,63.73727650634723,0.7018381999386107,0.0,0.9403227571101702,0.7018381999386107,0.9757225433526012,0.5,1.0,0.9757225433526012,0.16184971098265896,0.0,3.0,0.16184971098265896,3.3369744478038665,0.5787921867748815,27.220722274678536,3.3369744478038665,3.2646562509867074,2.275879318266709,9.015872685036566,3.2646562509867074,0.03194450619053803,0.0,0.16421860650913256,0.03194450619053803,1.0,1.0,1.0,1.0,0.2384639071965315,172.0,none,No failure (scenario success),[]
strombom_multi,drive_to_goal,paper,2026,strombom,collect_drive_multi,global,10,10,compact,10000,True,173,"{'world_width': 500.0, 'world_height': 500.0, 'goal_center': [370.0, 250.0], 'goal_radius': 6.7082039324993685, 'max_ticks': 10000, 'measurement_radius': 5.0, 'n_sheep': 10, 'r_a': 2.0, 'r_s': 65.0, 'rs_weight': 1.0, 'n_neighbors': -1, 'c': 1.05, 'noise_strength': 0.3, 'sheep_speed': 1.0, 'inertia': 0.5, 'graze_move_prob': 0.05, 'collect_threshold_scale': 1.0, 'shepherd_speed': 1.5, 'shepherd_stop_multiple': 3.0, 'n_shepherds': 10, 'initial_spread': 30.0, 'shepherd_start_offset': 50.0, 'success_fraction': 1.0, 'sheep_model': 'strombom', 'dog_controller': 'collect_drive_multi', 'scenario_id': 'drive_to_goal', 'obs_mode': 'global', 'observation_frequency': 1, 'noise_sigma': 0.0, 'communication': 'none', 'stubborn_fraction': 0.0, 'stubborn_rs_scale': 0.25, 'stubborn_response_scale': 0.25, 'cohesion_scale': 1.0, 'initial_layout': 'compact', 'speed_scale': 1.0, 'failure_mode': 'none', 'failure_tick': -1, 'sensing_scale': 1.0, 'goal_mode': 'static', 'goal_velocity': [0.0, 0.0], 'latency': 0}",2.8913452679716496,1.0,10.0,173.0,1669.120689172938,1.2839490887137532,2.843040991085476,2.18160920244251,7.390508781172831,2.843040991085476,64.27101005024414,2.8913452679716496,122.11388747526159,64.27101005024414,0.6975688288672077,0.0,0.922156199836077,0.6975688288672077,0.9758620689655173,0.5,1.0,0.9758620689655173,0.16666666666666666,0.0,3.0,0.16666666666666666,3.3655507143003254,0.5364265774551236,27.415158172348487,3.3655507143003254,3.2668564736874925,2.3851187670067353,9.015872685036566,3.2668564736874925,0.04444210336649837,0.0,0.1387945997864254,0.04444210336649837,1.0,1.0,1.0,1.0,0.07142835325249346,173.0,none,No failure (scenario success),[]
strombom_multi,drive_to_goal,paper,2027,strombom,collect_drive_multi,global,10,10,compact,10000,True,176,"{'world_width': 500.0, 'world_height': 500.0, 'goal_center': [370.0, 250.0], 'goal_radius': 6.7082039324993685, 'max_ticks': 10000, 'measurement_radius': 5.0, 'n_sheep': 10, 'r_a': 2.0, 'r_s': 65.0, 'rs_weight': 1.0, 'n_neighbors': -1, 'c': 1.05, 'noise_strength': 0.3, 'sheep_speed': 1.0, 'inertia': 0.5, 'graze_move_prob': 0.05, 'collect_threshold_scale': 1.0, 'shepherd_speed': 1.5, 'shepherd_stop_multiple': 3.0, 'n_shepherds': 10, 'initial_spread': 30.0, 'shepherd_start_offset': 50.0, 'success_fraction': 1.0, 'sheep_model': 'strombom', 'dog_controller': 'collect_drive_multi', 'scenario_id': 'drive_to_goal', 'obs_mode': 'global', 'observation_frequency': 1, 'noise_sigma': 0.0, 'communication': 'none', 'stubborn_fraction': 0.0, 'stubborn_rs_scale': 0.25, 'stubborn_response_scale': 0.25, 'cohesion_scale': 1.0, 'initial_layout': 'compact', 'speed_scale': 1.0, 'failure_mode': 'none', 'failure_tick': -1, 'sensing_scale': 1.0, 'goal_mode': 'static', 'goal_velocity': [0.0, 0.0], 'latency': 0}",3.0530646887486177,1.0,10.0,176.0,1652.8876475384359,1.4632604075308666,2.9096956139042844,2.1250986183926424,8.645480173784993,2.9096956139042844,62.56789435169032,3.0530646887486177,123.57945505459357,62.56789435169032,0.6949377206104118,0.0,0.9251668608543001,0.6949377206104118,0.9694915254237287,0.3,1.0,0.9694915254237287,0.1807909604519774,0.0,3.0,0.1807909604519774,2.626316073569659,0.5502258120634707,20.075178431429183,2.626316073569659,3.2517730857927925,2.300972150766428,9.737530789000802,3.2517730857927925,0.05118586385398729,0.0,0.2716188749267535,0.05118586385398729,1.0,1.0,1.0,1.0,0.0729186829760262,176.0,none,No failure (scenario success),[]
strombom_multi,drive_to_goal,paper,2030,strombom,collect_drive_multi,global,10,6,compact,10000,True,169,"{'world_width': 500.0, 'world_height': 500.0, 'goal_center': [370.0, 250.0], 'goal_radius': 6.7082039324993685, 'max_ticks': 10000, 'measurement_radius': 5.0, 'n_sheep': 10, 'r_a': 2.0, 'r_s': 65.0, 'rs_weight': 1.0, 'n_neighbors': -1, 'c': 1.05, 'noise_strength': 0.3, 'sheep_speed': 1.0, 'inertia': 0.5, 'graze_move_prob': 0.05, 'collect_threshold_scale': 1.0, 'shepherd_speed': 1.5, 'shepherd_stop_multiple': 3.0, 'n_shepherds': 6, 'initial_spread': 30.0, 'shepherd_start_offset': 50.0, 'success_fraction': 1.0, 'sheep_model': 'strombom', 'dog_controller': 'collect_drive_multi', 'scenario_id': 'drive_to_goal', 'obs_mode': 'global', 'observation_frequency': 1, 'noise_sigma': 0.0, 'communication': 'none', 'stubborn_fraction': 0.0, 'stubborn_rs_scale': 0.25, 'stubborn_response_scale': 0.25, 'cohesion_scale': 1.0, 'initial_layout': 'compact', 'speed_scale': 1.0, 'failure_mode': 'none', 'failure_tick': -1, 'sensing_scale': 1.0, 'goal_mode': 'static', 'goal_velocity': [0.0, 0.0], 'latency': 0}",2.9866200577962285,1.0,10.0,169.0,1012.3836326292156,1.3319571546931417,3.77556923818056,2.0880507230153382,16.176649280945135,3.77556923818056,61.533068220403926,2.9866200577962285,119.12835006869135,61.533068220403926,0.7045342076809866,0.0,0.9271017666632877,0.7045342076809866,0.8935294117647059,0.1,1.0,0.8935294117647059,0.7470588235294118,0.0,8.0,0.7470588235294118,5.955930004187184,0.6650497569748217,46.527678897666945,5.955930004187184,4.2260316938290385,2.2637615722757487,17.555957987428933,4.2260316938290385,0.03943297952175737,0.0,0.17287276190234946,0.03943297952175737,0.9917647058823531,0.8,1.0,0.9917647058823531,0.11472106646891228,169.0,none,No failure (scenario success),[]
strombom_multi,drive_to_goal,paper,2028,strombom,collect_drive_multi,global,10,10,compact,10000,True,170,"{'world_width': 500.0, 'world_height': 500.0, 'goal_center': [370.0, 250.0], 'goal_radius': 6.7082039324993685, 'max_ticks': 10000, 'measurement_radius': 5.0, 'n_sheep': 10, 'r_a': 2.0, 'r_s': 65.0, 'rs_weight': 1.0, 'n_neighbors': -1, 'c': 1.05, 'noise_strength': 0.3, 'sheep_speed': 1.0, 'inertia': 0.5, 'graze_move_prob': 0.05, 'collect_threshold_scale': 1.0, 'shepherd_speed': 1.5, 'shepherd_stop_multiple': 3.0, 'n_shepherds': 10, 'initial_spread': 30.0, 'shepherd_start_offset': 50.0, 'success_fraction': 1.0, 'sheep_model': 'strombom', 'dog_controller': 'collect_drive_multi', 'scenario_id': 'drive_to_goal', 'obs_mode': 'global', 'observation_frequency': 1, 'noise_sigma': 0.0, 'communication': 'none', 'stubborn_fraction': 0.0, 'stubborn_rs_scale': 0.25, 'stubborn_response_scale': 0.25, 'cohesion_scale': 1.0, 'initial_layout': 'compact', 'speed_scale': 1.0, 'failure_mode': 'none', 'failure_tick': -1, 'sensing_scale': 1.0, 'goal_mode': 'static', 'goal_velocity': [0.0, 0.0], 'latency': 0}",2.624841633184886,1.0,10.0,170.0,1685.3030257202208,1.0087182887037103,3.146342744758863,2.130178149958704,10.92488360077546,3.146342744758863,63.65282388655782,2.624841633184886,123.21622990035598,63.65282388655782,0.7180854122078659,0.0,0.9220070472001902,0.7180854122078659,0.9654970760233917,0.6,1.0,0.9654970760233917,0.2982456140350877,0.0,5.0,0.2982456140350877,4.255058046235296,0.6308800090868955,39.800854764790394,4.255058046235296,3.5685886288895157,2.3494073401204174,12.61562271373407,3.5685886288895157,0.04418848415334673,0.0,0.23958270489615752,0.04418848415334673,1.0,1.0,1.0,1.0,0.07155472127372221,170.0,none,No failure (scenario success),[]
strombom_multi,drive_to_goal,paper,2027,strombom,collect_drive_multi,global,10,4,compact,10000,True,174,"{'world_width': 500.0, 'world_height': 500.0, 'goal_center': [370.0, 250.0], 'goal_radius': 6.7082039324993685, 'max_ticks': 10000, 'measurement_radius': 5.0, 'n_sheep': 10, 'r_a': 2.0, 'r_s': 65.0, 'rs_weight': 1.0, 'n_neighbors': -1, 'c': 1.05, 'noise_strength': 0.3, 'sheep_speed': 1.0, 'inertia': 0.5, 'graze_move_prob': 0.05, 'collect_threshold_scale': 1.0, 'shepherd_speed': 1.5, 'shepherd_stop_multiple': 3.0, 'n_shepherds': 4, 'initial_spread': 30.0, 'shepherd_start_offset': 50.0, 'success_fraction': 1.0, 'sheep_model': 'strombom', 'dog_controller': 'collect_drive_multi', 'scenario_id': 'drive_to_goal', 'obs_mode': 'global', 'observation_frequency': 1, 'noise_sigma': 0.0, 'communication': 'none', 'stubborn_fraction': 0.0, 'stubborn_rs_scale': 0.25, 'stubborn_response_scale': 0.25, 'cohesion_scale': 1.0, 'initial_layout': 'compact', 'speed_scale': 1.0, 'failure_mode': 'none', 'failure_tick': -1, 'sensing_scale': 1.0, 'goal_mode': 'static', 'goal_velocity': [0.0, 0.0], 'latency': 0}",3.6170042974199554,1.0,10.0,174.0,672.3749728911903,0.8479010110283894,2.929107926388567,2.1723712690953207,8.645480173784993,2.929107926388567,62.7298054852964,3.6170042974199554,123.57945505459357,62.7298054852964,0.7004423568706946,0.0,0.912499341061449,0.7004423568706946,0.9628571428571429,0.3,1.0,0.9628571428571429,0.17714285714285713,0.0,3.0,0.17714285714285713,2.924055743698019,0.4531993357124636,20.075178431429183,2.924055743698019,3.308849972509115,2.4188430354344472,9.737530789000802,3.308849972509115,0.04106663966911249,0.0,0.14718198449748587,0.04106663966911249,1.0,1.0,1.0,1.0,0.17841599642137038,174.0,none,No failure (scenario success),[]
strombom_multi,drive_to_goal,paper,2029,strombom,collect_drive_multi,global,10,10,compact,10000,True,159,"{'world_width': 500.0, 'world_height': 500.0, 'goal_center': [370.0, 250.0], 'goal_radius': 6.7082039324993685, 'max_ticks': 10000, 'measurement_radius': 5.0, 'n_sheep': 10, 'r_a': 2.0, 'r_s': 65.0, 'rs_weight': 1.0, 'n_neighbors': -1, 'c': 1.05, 'noise_strength': 0.3, 'sheep_speed': 1.0, 'inertia': 0.5, 'graze_move_prob': 0.05, 'collect_threshold_scale': 1.0, 'shepherd_speed': 1.5, 'shepherd_stop_multiple': 3.0, 'n_shepherds': 10, 'initial_spread': 30.0, 'shepherd_start_offset': 50.0, 'success_fraction': 1.0, 'sheep_model': 'strombom', 'dog_controller': 'collect_drive_multi', 'scenario_id': 'drive_to_goal', 'obs_mode': 'global', 'observation_frequency': 1, 'noise_sigma': 0.0, 'communication': 'none', 'stubborn_fraction': 0.0, 'stubborn_rs_scale': 0.25, 'stubborn_response_scale': 0.25, 'cohesion_scale': 1.0, 'initial_layout': 'compact', 'speed_scale': 1.0, 'failure_mode': 'none', 'failure_tick': -1, 'sensing_scale': 1.0, 'goal_mode': 'static', 'goal_velocity': [0.0, 0.0], 'latency': 0}",3.5850711704291216,1.0,10.0,159.0,1658.7836727650133,1.2904526681925244,3.323506098410939,2.257232031535032,9.351147397616863,3.323506098410939,61.26177040997745,3.5850711704291216,120.03120500026316,61.26177040997745,0.7375439272408248,0.0,0.9513092572915609,0.7375439272408248,0.9324999999999999,0.4,1.0,0.9324999999999999,0.43125,0.0,5.0,0.43125,4.880420778789339,0.8041130140389592,33.15610500480288,4.880420778789339,3.832714948928505,2.4796235567007097,10.981805983387227,3.832714948928505,0.04603544480344777,0.0,0.18361117933066728,0.04603544480344777,1.0,1.0,1.0,1.0,0.0701997106323882,159.0,none,No failure (scenario success),[]
strombom_multi,drive_to_goal,paper,2026,strombom,collect_drive_multi,global,25,1,compact,10000,True,184,"{'world_width': 500.0, 'world_height': 500.0, 'goal_center': [370.0, 250.0], 'goal_radius': 10.606601717798213, 'max_ticks': 10000, 'measurement_radius': 5.0, 'n_sheep': 25, 'r_a': 2.0, 'r_s': 65.0, 'rs_weight': 1.0, 'n_neighbors': -1, 'c': 1.05, 'noise_strength': 0.3, 'sheep_speed': 1.0, 'inertia': 0.5, 'graze_move_prob': 0.05, 'collect_threshold_scale': 1.0, 'shepherd_speed': 1.5, 'shepherd_stop_multiple': 3.0, 'n_shepherds': 1, 'initial_spread': 30.0, 'shepherd_start_offset': 50.0, 'success_fraction': 1.0, 'sheep_model': 'strombom', 'dog_controller': 'collect_drive_multi', 'scenario_id': 'drive_to_goal', 'obs_mode': 'global', 'observation_frequency': 1, 'noise_sigma': 0.0, 'communication': 'none', 'stubborn_fraction': 0.0, 'stubborn_rs_scale': 0.25, 'stubborn_response_scale': 0.25, 'cohesion_scale': 1.0, 'initial_layout': 'compact', 'speed_scale': 1.0, 'failure_mode': 'none', 'failure_tick': -1, 'sensing_scale': 1.0, 'goal_mode': 'static', 'goal_velocity': [0.0, 0.0], 'latency': 0}",4.208781219454537,1.0,25.0,184.0,161.99999999999994,0.2797719336062131,4.324005454547231,3.238695812252197,10.457356904511927,4.324005454547231,61.55653011210641,4.208781219454537,120.38988384793788,61.55653011210641,0.6435746634986541,0.0,0.8032501878479227,0.6435746634986541,0.9736216216216217,0.4,1.0,0.9736216216216217,0.21081081081081082,0.0,3.0,0.21081081081081082,7.52023905690792,2.2978305711049614,44.0317075771251,7.52023905690792,4.99736120769488,3.6398798958550245,12.384991764448953,4.99736120769488,2.2204460492503132e-17,0.0,2.220446049250313e-16,2.2204460492503132e-17,0.9936936936936938,0.8333333333333334,1.0,0.9936936936936938,0.7171673001758234,184.0,none,No failure (scenario success),[]
strombom_multi,drive_to_goal,paper,2027,strombom,collect_drive_multi,global,25,1,compact,10000,True,175,"{'world_width': 500.0, 'world_height': 500.0, 'goal_center': [370.0, 250.0], 'goal_radius': 10.606601717798213, 'max_ticks': 10000, 'measurement_radius': 5.0, 'n_sheep': 25, 'r_a': 2.0, 'r_s': 65.0, 'rs_weight': 1.0, 'n_neighbors': -1, 'c': 1.05, 'noise_strength': 0.3, 'sheep_speed': 1.0, 'inertia': 0.5, 'graze_move_prob': 0.05, 'collect_threshold_scale': 1.0, 'shepherd_speed': 1.5, 'shepherd_stop_multiple': 3.0, 'n_shepherds': 1, 'initial_spread': 30.0, 'shepherd_start_offset': 50.0, 'success_fraction': 1.0, 'sheep_model': 'strombom', 'dog_controller': 'collect_drive_multi', 'scenario_id': 'drive_to_goal', 'obs_mode': 'global', 'observation_frequency': 1, 'noise_sigma': 0.0, 'communication': 'none', 'stubborn_fraction': 0.0, 'stubborn_rs_scale': 0.25, 'stubborn_response_scale': 0.25, 'cohesion_scale': 1.0, 'initial_layout': 'compact', 'speed_scale': 1.0, 'failure_mode': 'none', 'failure_tick': -1, 'sensing_scale': 1.0, 'goal_mode': 'static', 'goal_velocity': [0.0, 0.0], 'latency': 0}",5.316653259761608,1.0,25.0,175.0,152.9999999999999,0.697651664576539,4.621233679195826,3.3850120067798093,12.354373707550575,4.621233679195826,61.587002484339344,5.316653259761608,118.19085813421464,61.587002484339344,0.6501480122975478,0.0,0.8188509895119357,0.6501480122975478,0.9445454545454546,0.24,1.0,0.9445454545454546,0.30113636363636365,0.0,7.0,0.30113636363636365,7.443039406611976,2.6913007821976818,30.855227419114012,7.443039406611976,5.275457316686222,3.7615963457342354,13.506997018272722,5.275457316686222,2.0816681711721685e-17,-2.220446049250313e-16,1.1102230246251565e-16,2.0816681711721685e-17,0.9971590909090909,0.75,1.0,0.9971590909090909,0.7377399011402164,175.0,none,No failure (scenario success),[]
strombom_multi,drive_to_goal,paper,2029,strombom,collect_drive_multi,global,25,1,compact,10000,True,187,"{'world_width': 500.0, 'world_height': 500.0, 'goal_center': [370.0, 250.0], 'goal_radius': 10.606601717798213, 'max_ticks': 10000, 'measurement_radius': 5.0, 'n_sheep': 25, 'r_a': 2.0, 'r_s': 65.0, 'rs_weight': 1.0, 'n_neighbors': -1, 'c': 1.05, 'noise_strength': 0.3, 'sheep_speed': 1.0, 'inertia': 0.5, 'graze_move_prob': 0.05, 'collect_threshold_scale': 1.0, 'shepherd_speed': 1.5, 'shepherd_stop_multiple': 3.0, 'n_shepherds': 1, 'initial_spread': 30.0, 'shepherd_start_offset': 50.0, 'success_fraction': 1.0, 'sheep_model': 'strombom', 'dog_controller': 'collect_drive_multi', 'scenario_id': 'drive_to_goal', 'obs_mode': 'global', 'observation_frequency': 1, 'noise_sigma': 0.0, 'communication': 'none', 'stubborn_fraction': 0.0, 'stubborn_rs_scale': 0.25, 'stubborn_response_scale': 0.25, 'cohesion_scale': 1.0, 'initial_layout': 'compact', 'speed_scale': 1.0, 'failure_mode': 'none', 'failure_tick': -1, 'sensing_scale': 1.0, 'goal_mode': 'static', 'goal_velocity': [0.0, 0.0], 'latency': 0}",4.048586544833847,1.0,25.0,187.0,159.00000000000003,0.6337694997204216,4.473063007609685,3.56201887681925,10.798323063943558,4.473063007609685,61.976735264984164,4.048586544833847,120.4625055834117,61.976735264984164,0.630058657732046,0.0,0.8373989304186382,0.630058657732046,0.9519148936170213,0.4,1.0,0.9519148936170213,0.3351063829787234,0.0,5.0,0.3351063829787234,8.114844510341777,2.70504980537703,41.97390534478041,8.114844510341777,5.188834916580024,4.012601644717682,12.585404657314918,5.188834916580024,2.1259589833247678e-17,0.0,2.220446049250313e-16,2.1259589833247678e-17,1.0,1.0,1.0,1.0,0.7321630128212442,187.0,none,No failure (scenario success),[]
strombom_multi,drive_to_goal,paper,2027,strombom,collect_drive_multi,global,25,2,compact,10000,True,179,"{'world_width': 500.0, 'world_height': 500.0, 'goal_center': [370.0, 250.0], 'goal_radius': 10.606601717798213, 'max_ticks': 10000, 'measurement_radius': 5.0, 'n_sheep': 25, 'r_a': 2.0, 'r_s': 65.0, 'rs_weight': 1.0, 'n_neighbors': -1, 'c': 1.05, 'noise_strength': 0.3, 'sheep_speed': 1.0, 'inertia': 0.5, 'graze_move_prob': 0.05, 'collect_threshold_scale': 1.0, 'shepherd_speed': 1.5, 'shepherd_stop_multiple': 3.0, 'n_shepherds': 2, 'initial_spread': 30.0, 'shepherd_start_offset': 50.0, 'success_fraction': 1.0, 'sheep_model': 'strombom', 'dog_controller': 'collect_drive_multi', 'scenario_id': 'drive_to_goal', 'obs_mode': 'global', 'observation_frequency': 1, 'noise_sigma': 0.0, 'communication': 'none', 'stubborn_fraction': 0.0, 'stubborn_rs_scale': 0.25, 'stubborn_response_scale': 0.25, 'cohesion_scale': 1.0, 'initial_layout': 'compact', 'speed_scale': 1.0, 'failure_mode': 'none', 'failure_tick': -1, 'sensing_scale': 1.0, 'goal_mode': 'static', 'goal_velocity': [0.0, 0.0], 'latency': 0}",5.93450553039574,1.0,25.0,179.0,310.2740487898878,0.4752361865805416,4.2616287355294284,3.314751765000659,12.354373707550575,4.2616287355294284,62.15592262615133,5.93450553039574,118.19085813421464,62.15592262615133,0.6295551247520206,0.0,0.7699300526263505,0.6295551247520206,0.9633333333333334,0.24,1.0,0.9633333333333334,0.13333333333333333,0.0,7.0,0.13333333333333333,5.503371795735906,2.19494364904177,29.8084187458112,5.503371795735906,4.797505476989499,3.70683206748228,13.506997018272722,4.797505476989499,0.0114612231049705,-2.220446049250313e-16,0.1730816687179333,0.0114612231049705,0.9967592592592593,0.75,1.0,0.9967592592592593,0.36179742727964,179.0,none,No failure (scenario success),[]
strombom_multi,drive_to_goal,paper,2028,strombom,collect_drive_multi,global,25,2,compact,10000,True,180,"{'world_width': 500.0, 'world_height': 500.0, 'goal_center': [370.0, 250.0], 'goal_radius': 10.606601717798213, 'max_ticks': 10000, 'measurement_radius': 5.0, 'n_sheep': 25, 'r_a': 2.0, 'r_s': 65.0, 'rs_weight': 1.0, 'n_neighbors': -1, 'c': 1.05, 'noise_strength': 0.3, 'sheep_speed': 1.0, 'inertia': 0.5, 'graze_move_prob': 0.05, 'collect_threshold_scale': 1.0, 'shepherd_speed': 1.5, 'shepherd_stop_multiple': 3.0, 'n_shepherds': 2, 'initial_spread': 30.0, 'shepherd_start_offset': 50.0, 'success_fraction': 1.0, 'sheep_model': 'strombom', 'dog_controller': 'collect_drive_multi', 'scenario_id': 'drive_to_goal', 'obs_mode': 'global', 'observation_frequency': 1, 'noise_sigma': 0.0, 'communication': 'none', 'stubborn_fraction': 0.0, 'stubborn_rs_scale': 0.25, 'stubborn_response_scale': 0.25, 'cohesion_scale': 1.0, 'initial_layout': 'compact', 'speed_scale': 1.0, 'failure_mode': 'none', 'failure_tick': -1, 'sensing_scale': 1.0, 'goal_mode': 'static', 'goal_velocity': [0.0, 0.0], 'latency': 0}",6.222565154652232,1.0,25.0,180.0,315.19141196419093,0.4358145577823402,4.403370328957103,3.3600276162772844,12.774721369501812,4.403370328957103,63.892287548769715,6.222565154652232,121.73052037353695,63.892287548769715,0.6437921342803807,0.0,0.8154245397516372,0.6437921342803807,0.9507182320441989,0.4,1.0,0.9507182320441989,0.32044198895027626,0.0,9.0,0.32044198895027626,7.4311500078904125,2.553041180316875,49.701288773392015,7.4311500078904125,5.043004470263523,3.7804228264706063,14.590914804829694,5.043004470263523,0.010570485761059558,-2.220446049250313e-16,0.19811177347062858,0.010570485761059558,1.0,1.0,1.0,1.0,0.3664692337239431,180.0,none,No failure (scenario success),[]
strombom_multi,drive_to_goal,paper,2028,strombom,collect_drive_multi,global,25,1,compact,10000,True,185,"{'world_width': 500.0, 'world_height': 500.0, 'goal_center': [370.0, 250.0], 'goal_radius': 10.606601717798213, 'max_ticks': 10000, 'measurement_radius': 5.0, 'n_sheep': 25, 'r_a': 2.0, 'r_s': 65.0, 'rs_weight': 1.0, 'n_neighbors': -1, 'c': 1.05, 'noise_strength': 0.3, 'sheep_speed': 1.0, 'inertia': 0.5, 'graze_move_prob': 0.05, 'collect_threshold_scale': 1.0, 'shepherd_speed': 1.5, 'shepherd_stop_multiple': 3.0, 'n_shepherds': 1, 'initial_spread': 30.0, 'shepherd_start_offset': 50.0, 'success_fraction': 1.0, 'sheep_model': 'strombom', 'dog_controller': 'collect_drive_multi', 'scenario_id': 'drive_to_goal', 'obs_mode': 'global', 'observation_frequency': 1, 'noise_sigma': 0.0, 'communication': 'none', 'stubborn_fraction': 0.0, 'stubborn_rs_scale': 0.25, 'stubborn_response_scale': 0.25, 'cohesion_scale': 1.0, 'initial_layout': 'compact', 'speed_scale': 1.0, 'failure_mode': 'none', 'failure_tick': -1, 'sensing_scale': 1.0, 'goal_mode': 'static', 'goal_velocity': [0.0, 0.0], 'latency': 0}",4.303069925636513,1.0,25.0,185.0,165.00000000000006,0.4488726870473388,4.587517875020713,3.5694487874940637,12.774721369501812,4.587517875020713,62.619909620643966,4.303069925636513,121.73052037353695,62.619909620643966,0.6389840957588232,0.0,0.8261275735650947,0.6389840957588232,0.9453763440860216,0.4,1.0,0.9453763440860216,0.3548387096774194,0.0,9.0,0.3548387096774194,8.102642853828627,3.1299924412063187,49.701288773392015,8.102642853828627,5.270753178120071,4.014078502700406,14.590914804829694,5.270753178120071,2.686023446673766e-17,-2.220446049250313e-16,2.220446049250313e-16,2.686023446673766e-17,0.9950716845878135,0.75,1.0,0.9950716845878135,0.711681517866063,185.0,none,No failure (scenario success),[]
strombom_multi,drive_to_goal,paper,2030,strombom,collect_drive_multi,global,10,10,compact,10000,True,169,"{'world_width': 500.0, 'world_height': 500.0, 'goal_center': [370.0, 250.0], 'goal_radius': 6.7082039324993685, 'max_ticks': 10000, 'measurement_radius': 5.0, 'n_sheep': 10, 'r_a': 2.0, 'r_s': 65.0, 'rs_weight': 1.0, 'n_neighbors': -1, 'c': 1.05, 'noise_strength': 0.3, 'sheep_speed': 1.0, 'inertia': 0.5, 'graze_move_prob': 0.05, 'collect_threshold_scale': 1.0, 'shepherd_speed': 1.5, 'shepherd_stop_multiple': 3.0, 'n_shepherds': 10, 'initial_spread': 30.0, 'shepherd_start_offset': 50.0, 'success_fraction': 1.0, 'sheep_model': 'strombom', 'dog_controller': 'collect_drive_multi', 'scenario_id': 'drive_to_goal', 'obs_mode': 'global', 'observation_frequency': 1, 'noise_sigma': 0.0, 'communication': 'none', 'stubborn_fraction': 0.0, 'stubborn_rs_scale': 0.25, 'stubborn_response_scale': 0.25, 'cohesion_scale': 1.0, 'initial_layout': 'compact', 'speed_scale': 1.0, 'failure_mode': 'none', 'failure_tick': -1, 'sensing_scale': 1.0, 'goal_mode': 'static', 'goal_velocity': [0.0, 0.0], 'latency': 0}",2.930789215023643,1.0,10.0,169.0,1723.4271186538247,1.2415375813132887,3.8940264123156667,2.1770620641221123,16.176649280945135,3.8940264123156667,61.140723023652114,2.930789215023643,119.12835006869135,61.140723023652114,0.7062639446617586,0.0,0.8799487110021865,0.7062639446617586,0.8811764705882353,0.1,1.0,0.8811764705882353,0.9117647058823529,0.0,8.0,0.9117647058823529,7.632360557573285,0.41343402961309705,46.527678897666945,7.632360557573285,4.473224454095689,2.4361521743542927,17.555957987428933,4.473224454095689,0.058636606705153166,0.0,0.27182208441373534,0.058636606705153166,0.9894117647058823,0.8,1.0,0.9894117647058823,0.06742238160000062,169.0,none,No failure (scenario success),[]
strombom_multi,drive_to_goal,paper,2026,strombom,collect_drive_multi,global,25,2,compact,10000,True,181,"{'world_width': 500.0, 'world_height': 500.0, 'goal_center': [370.0, 250.0], 'goal_radius': 10.606601717798213, 'max_ticks': 10000, 'measurement_radius': 5.0, 'n_sheep': 25, 'r_a': 2.0, 'r_s': 65.0, 'rs_weight': 1.0, 'n_neighbors': -1, 'c': 1.05, 'noise_strength': 0.3, 'sheep_speed': 1.0, 'inertia': 0.5, 'graze_move_prob': 0.05, 'collect_threshold_scale': 1.0, 'shepherd_speed': 1.5, 'shepherd_stop_multiple': 3.0, 'n_shepherds': 2, 'initial_spread': 30.0, 'shepherd_start_offset': 50.0, 'success_fraction': 1.0, 'sheep_model': 'strombom', 'dog_controller': 'collect_drive_multi', 'scenario_id': 'drive_to_goal', 'obs_mode': 'global', 'observation_frequency': 1, 'noise_sigma': 0.0, 'communication': 'none', 'stubborn_fraction': 0.0, 'stubborn_rs_scale': 0.25, 'stubborn_response_scale': 0.25, 'cohesion_scale': 1.0, 'initial_layout': 'compact', 'speed_scale': 1.0, 'failure_mode': 'none', 'failure_tick': -1, 'sensing_scale': 1.0, 'goal_mode': 'static', 'goal_velocity': [0.0, 0.0], 'latency': 0}",5.503210691628405,1.0,25.0,181.0,314.61834003581106,0.32503990842099967,4.238691213499015,3.3288395045915706,10.457356904511927,4.238691213499015,62.333046925508604,5.503210691628405,120.38988384793788,62.333046925508604,0.6417208155999332,0.0,0.8197800960486443,0.6417208155999332,0.970989010989011,0.4,1.0,0.970989010989011,0.1978021978021978,0.0,3.0,0.1978021978021978,7.432260923676224,2.1937093636940257,44.0317075771251,7.432260923676224,4.91064277574597,3.6434711212006996,12.384991764448953,4.91064277574597,0.010252745292796524,0.0,0.09838711874302597,0.010252745292796524,0.994047619047619,0.8333333333333334,1.0,0.994047619047619,0.36516203455663976,181.0,none,No failure (scenario success),[]
strombom_multi,drive_to_goal,paper,2029,strombom,collect_drive_multi,global,25,2,compact,10000,True,180,"{'world_width': 500.0, 'world_height': 500.0, 'goal_center': [370.0, 250.0], 'goal_radius': 10.606601717798213, 'max_ticks': 10000, 'measurement_radius': 5.0, 'n_sheep': 25, 'r_a': 2.0, 'r_s': 65.0, 'rs_weight': 1.0, 'n_neighbors': -1, 'c': 1.05, 'noise_strength': 0.3, 'sheep_speed': 1.0, 'inertia': 0.5, 'graze_move_prob': 0.05, 'collect_threshold_scale': 1.0, 'shepherd_speed': 1.5, 'shepherd_stop_multiple': 3.0, 'n_shepherds': 2, 'initial_spread': 30.0, 'shepherd_start_offset': 50.0, 'success_fraction': 1.0, 'sheep_model': 'strombom', 'dog_controller': 'collect_drive_multi', 'scenario_id': 'drive_to_goal', 'obs_mode': 'global', 'observation_frequency': 1, 'noise_sigma': 0.0, 'communication': 'none', 'stubborn_fraction': 0.0, 'stubborn_rs_scale': 0.25, 'stubborn_response_scale': 0.25, 'cohesion_scale': 1.0, 'initial_layout': 'compact', 'speed_scale': 1.0, 'failure_mode': 'none', 'failure_tick': -1, 'sensing_scale': 1.0, 'goal_mode': 'static', 'goal_velocity': [0.0, 0.0], 'latency': 0}",5.6460818478516925,1.0,25.0,180.0,315.4893352852619,0.5843596713448082,4.256947656399097,3.4362939986402217,10.798323063943558,4.256947656399097,63.19889384771055,5.6460818478516925,120.4625055834117,63.19889384771055,0.6388595525551515,0.0,0.8064498884548513,0.6388595525551515,0.9604419889502762,0.4,1.0,0.9604419889502762,0.15469613259668508,0.0,4.0,0.15469613259668508,6.540793851308366,2.4194119691415583,41.78862939506865,6.540793851308366,4.872634969101477,3.803119774057734,12.585404657314918,4.872634969101477,0.016558122717824707,-2.220446049250313e-16,0.16562644271434002,0.016558122717824707,1.0,1.0,1.0,1.0,0.36393123600119254,180.0,none,No failure (scenario success),[]
strombom_multi,drive_to_goal,paper,2030,strombom,collect_drive_multi,global,25,2,compact,10000,True,189,"{'world_width': 500.0, 'world_height': 500.0, 'goal_center': [370.0, 250.0], 'goal_radius': 10.606601717798213, 'max_ticks': 10000, 'measurement_radius': 5.0, 'n_sheep': 25, 'r_a': 2.0, 'r_s': 65.0, 'rs_weight': 1.0, 'n_neighbors': -1, 'c': 1.05, 'noise_strength': 0.3, 'sheep_speed': 1.0, 'inertia': 0.5, 'graze_move_prob': 0.05, 'collect_threshold_scale': 1.0, 'shepherd_speed': 1.5, 'shepherd_stop_multiple': 3.0, 'n_shepherds': 2, 'initial_spread': 30.0, 'shepherd_start_offset': 50.0, 'success_fraction': 1.0, 'sheep_model': 'strombom', 'dog_controller': 'collect_drive_multi', 'scenario_id': 'drive_to_goal', 'obs_mode': 'global', 'observation_frequency': 1, 'noise_sigma': 0.0, 'communication': 'none', 'stubborn_fraction': 0.0, 'stubborn_rs_scale': 0.25, 'stubborn_response_scale': 0.25, 'cohesion_scale': 1.0, 'initial_layout': 'compact', 'speed_scale': 1.0, 'failure_mode': 'none', 'failure_tick': -1, 'sensing_scale': 1.0, 'goal_mode': 'static', 'goal_velocity': [0.0, 0.0], 'latency': 0}",3.2724077372008744,1.0,25.0,189.0,326.32373643254357,0.40729186248012106,4.461320658082393,3.461277432927878,13.320768856317263,4.461320658082393,63.82700163012351,3.2724077372008744,122.71737871172648,63.82700163012351,0.6373756913912467,0.0,0.8285778863649976,0.6373756913912467,0.9406315789473686,0.24,1.0,0.9406315789473686,0.3684210526315789,0.0,6.0,0.3684210526315789,8.129889656071963,2.282810243040668,42.99103422570869,8.129889656071963,5.160983700282276,3.839748522636299,14.847017112845958,5.160983700282276,0.011956198288005525,-2.220446049250313e-16,0.11619014683125672,0.011956198288005525,0.9969298245614034,0.9166666666666666,1.0,0.9969298245614034,0.36603212588924505,189.0,none,No failure (scenario success),[]
strombom_multi,drive_to_goal,paper,2026,strombom,collect_drive_multi,global,25,3,compact,10000,True,181,"{'world_width': 500.0, 'world_height': 500.0, 'goal_center': [370.0, 250.0], 'goal_radius': 10.606601717798213, 'max_ticks': 10000, 'measurement_radius': 5.0, 'n_sheep': 25, 'r_a': 2.0, 'r_s': 65.0, 'rs_weight': 1.0, 'n_neighbors': -1, 'c': 1.05, 'noise_strength': 0.3, 'sheep_speed': 1.0, 'inertia': 0.5, 'graze_move_prob': 0.05, 'collect_threshold_scale': 1.0, 'shepherd_speed': 1.5, 'shepherd_stop_multiple': 3.0, 'n_shepherds': 3, 'initial_spread': 30.0, 'shepherd_start_offset': 50.0, 'success_fraction': 1.0, 'sheep_model': 'strombom', 'dog_controller': 'collect_drive_multi', 'scenario_id': 'drive_to_goal', 'obs_mode': 'global', 'observation_frequency': 1, 'noise_sigma': 0.0, 'communication': 'none', 'stubborn_fraction': 0.0, 'stubborn_rs_scale': 0.25, 'stubborn_response_scale': 0.25, 'cohesion_scale': 1.0, 'initial_layout': 'compact', 'speed_scale': 1.0, 'failure_mode': 'none', 'failure_tick': -1, 'sensing_scale': 1.0, 'goal_mode': 'static', 'goal_velocity': [0.0, 0.0], 'latency': 0}",3.6422670800374077,1.0,25.0,181.0,493.81937600095125,0.38885965952720075,4.210479582141078,3.393189295493572,10.457356904511927,4.210479582141078,61.58674429611563,3.6422670800374077,120.38988384793788,61.58674429611563,0.6498901179404949,0.0,0.7930766099999221,0.6498901179404949,0.9698901098901099,0.4,1.0,0.9698901098901099,0.22527472527472528,0.0,3.0,0.22527472527472528,7.705019652346898,2.560456238244204,44.30011993913357,7.705019652346898,4.907561417552148,3.8461850075515374,12.384991764448953,4.907561417552148,0.037738567411858465,0.0,0.3192983937572492,0.037738567411858465,0.994047619047619,0.8333333333333334,1.0,0.994047619047619,0.23641765074782237,181.0,none,No failure (scenario success),[]
strombom_multi,drive_to_goal,paper,2027,strombom,collect_drive_multi,global,5,2,compact,10000,True,2563,"{'world_width': 500.0, 'world_height': 500.0, 'goal_center': [370.0, 250.0], 'goal_radius': 4.743416490252569, 'max_ticks': 10000, 'measurement_radius': 5.0, 'n_sheep': 5, 'r_a': 2.0, 'r_s': 65.0, 'rs_weight': 1.0, 'n_neighbors': -1, 'c': 1.05, 'noise_strength': 0.3, 'sheep_speed': 1.0, 'inertia': 0.5, 'graze_move_prob': 0.05, 'collect_threshold_scale': 1.0, 'shepherd_speed': 1.5, 'shepherd_stop_multiple': 3.0, 'n_shepherds': 2, 'initial_spread': 30.0, 'shepherd_start_offset': 50.0, 'success_fraction': 1.0, 'sheep_model': 'strombom', 'dog_controller': 'collect_drive_multi', 'scenario_id': 'drive_to_goal', 'obs_mode': 'global', 'observation_frequency': 1, 'noise_sigma': 0.0, 'communication': 'none', 'stubborn_fraction': 0.0, 'stubborn_rs_scale': 0.25, 'stubborn_response_scale': 0.25, 'cohesion_scale': 1.0, 'initial_layout': 'compact', 'speed_scale': 1.0, 'failure_mode': 'none', 'failure_tick': -1, 'sensing_scale': 1.0, 'goal_mode': 'static', 'goal_velocity': [0.0, 0.0], 'latency': 0}",2.257275815555057,1.0,5.0,2563.0,3863.263852300772,1.818428954114631,1.9717772735911379,0.9590710022007999,7.796767392544311,1.9717772735911379,103.18907873786003,2.257275815555057,280.5972266001207,103.18907873786003,0.7498903196055868,0.0,0.9862365218371519,0.7498903196055868,0.9954758190327614,0.4,1.0,0.9954758190327614,0.01950078003120125,0.0,3.0,0.01950078003120125,0.8557425493397961,0.047378266501949255,18.887587573109457,0.8557425493397961,2.1577873524260958,1.0585116646045154,8.926206884592787,2.1577873524260958,0.012859001085468958,-2.220446049250313e-16,0.2676269638426285,0.012859001085468958,1.0,1.0,1.0,1.0,0.03067345487994699,2563.0,none,No failure (scenario success),[]
strombom_multi,drive_to_goal,paper,2030,strombom,collect_drive_multi,global,25,3,compact,10000,True,185,"{'world_width': 500.0, 'world_height': 500.0, 'goal_center': [370.0, 250.0], 'goal_radius': 10.606601717798213, 'max_ticks': 10000, 'measurement_radius': 5.0, 'n_sheep': 25, 'r_a': 2.0, 'r_s': 65.0, 'rs_weight': 1.0, 'n_neighbors': -1, 'c': 1.05, 'noise_strength': 0.3, 'sheep_speed': 1.0, 'inertia': 0.5, 'graze_move_prob': 0.05, 'collect_threshold_scale': 1.0, 'shepherd_speed': 1.5, 'shepherd_stop_multiple': 3.0, 'n_shepherds': 3, 'initial_spread': 30.0, 'shepherd_start_offset': 50.0, 'success_fraction': 1.0, 'sheep_model': 'strombom', 'dog_controller': 'collect_drive_multi', 'scenario_id': 'drive_to_goal', 'obs_mode': 'global', 'observation_frequency': 1, 'noise_sigma': 0.0, 'communication': 'none', 'stubborn_fraction': 0.0, 'stubborn_rs_scale': 0.25, 'stubborn_response_scale': 0.25, 'cohesion_scale': 1.0, 'initial_layout': 'compact', 'speed_scale': 1.0, 'failure_mode': 'none', 'failure_tick': -1, 'sensing_scale': 1.0, 'goal_mode': 'static', 'goal_velocity': [0.0, 0.0], 'latency': 0}",5.161738940650748,1.0,25.0,185.0,495.33699241433493,0.6236906004861263,4.302750872020651,3.3487529630252606,13.320768856317263,4.302750872020651,64.14915397644988,5.161738940650748,122.71737871172648,64.14915397644988,0.6377014429600814,0.0,0.7904032673654204,0.6377014429600814,0.9455913978494623,0.24,1.0,0.9455913978494623,0.3387096774193548,0.0,6.0,0.3387096774193548,7.3532981806122075,2.2754325469668713,42.99103422570869,7.3532981806122075,4.945135509555854,3.7181133967160966,14.847017112845958,4.945135509555854,0.04632118725171906,0.0,0.3146019014300435,0.04632118725171906,0.996863799283154,0.9166666666666666,1.0,0.996863799283154,0.23732457210210514,185.0,none,No failure (scenario success),[]
strombom_multi,drive_to_goal,paper,2027,strombom,collect_drive_multi,global,25,3,compact,10000,True,178,"{'world_width': 500.0, 'world_height': 500.0, 'goal_center': [370.0, 250.0], 'goal_radius': 10.606601717798213, 'max_ticks': 10000, 'measurement_radius': 5.0, 'n_sheep': 25, 'r_a': 2.0, 'r_s': 65.0, 'rs_weight': 1.0, 'n_neighbors': -1, 'c': 1.05, 'noise_strength': 0.3, 'sheep_speed': 1.0, 'inertia': 0.5, 'graze_move_prob': 0.05, 'collect_threshold_scale': 1.0, 'shepherd_speed': 1.5, 'shepherd_stop_multiple': 3.0, 'n_shepherds': 3, 'initial_spread': 30.0, 'shepherd_start_offset': 50.0, 'success_fraction': 1.0, 'sheep_model': 'strombom', 'dog_controller': 'collect_drive_multi', 'scenario_id': 'drive_to_goal', 'obs_mode': 'global', 'observation_frequency': 1, 'noise_sigma': 0.0, 'communication': 'none', 'stubborn_fraction': 0.0, 'stubborn_rs_scale': 0.25, 'stubborn_response_scale': 0.25, 'cohesion_scale': 1.0, 'initial_layout': 'compact', 'speed_scale': 1.0, 'failure_mode': 'none', 'failure_tick': -1, 'sensing_scale': 1.0, 'goal_mode': 'static', 'goal_velocity': [0.0, 0.0], 'latency': 0}",5.77979735917676,1.0,25.0,178.0,473.6834282871469,0.5332925404214788,4.238354627214531,3.3503853048730394,12.354373707550575,4.238354627214531,61.977172550298874,5.77979735917676,118.19085813421464,61.977172550298874,0.6345813855823103,0.0,0.851695691322899,0.6345813855823103,0.9555307262569833,0.24,1.0,0.9555307262569833,0.19553072625698323,0.0,7.0,0.19553072625698323,5.712662931155208,2.1606277425854445,29.8084187458112,5.712662931155208,4.776029981168226,3.6823011290867584,13.506997018272722,4.776029981168226,0.041695957325080885,0.0,0.2893005391853658,0.041695957325080885,0.9972067039106145,0.75,1.0,0.9972067039106145,0.2373126313105771,178.0,none,No failure (scenario success),[]
strombom_multi,drive_to_goal,paper,2026,strombom,collect_drive_multi,global,25,4,compact,10000,True,179,"{'world_width': 500.0, 'world_height': 500.0, 'goal_center': [370.0, 250.0], 'goal_radius': 10.606601717798213, 'max_ticks': 10000, 'measurement_radius': 5.0, 'n_sheep': 25, 'r_a': 2.0, 'r_s': 65.0, 'rs_weight': 1.0, 'n_neighbors': -1, 'c': 1.05, 'noise_strength': 0.3, 'sheep_speed': 1.0, 'inertia': 0.5, 'graze_move_prob': 0.05, 'collect_threshold_scale': 1.0, 'shepherd_speed': 1.5, 'shepherd_stop_multiple': 3.0, 'n_shepherds': 4, 'initial_spread': 30.0, 'shepherd_start_offset': 50.0, 'success_fraction': 1.0, 'sheep_model': 'strombom', 'dog_controller': 'collect_drive_multi', 'scenario_id': 'drive_to_goal', 'obs_mode': 'global', 'observation_frequency': 1, 'noise_sigma': 0.0, 'communication': 'none', 'stubborn_fraction': 0.0, 'stubborn_rs_scale': 0.25, 'stubborn_response_scale': 0.25, 'cohesion_scale': 1.0, 'initial_layout': 'compact', 'speed_scale': 1.0, 'failure_mode': 'none', 'failure_tick': -1, 'sensing_scale': 1.0, 'goal_mode': 'static', 'goal_velocity': [0.0, 0.0], 'latency': 0}",5.489130147790052,1.0,25.0,179.0,649.3222543510517,0.07642631811868818,4.166047543224773,3.31102738856282,10.457356904511927,4.166047543224773,63.045971323397566,5.489130147790052,120.38988384793788,63.045971323397566,0.6460552928163741,0.0,0.8260427033415954,0.6460552928163741,0.9651111111111111,0.4,1.0,0.9651111111111111,0.2611111111111111,0.0,3.0,0.2611111111111111,8.144063025034486,2.1807450384887006,44.96854983662337,8.144063025034486,4.887606836716032,3.6829644214039994,12.384991764448953,4.887606836716032,0.049942106209916286,0.0,0.18908143317422288,0.049942106209916286,0.9949074074074075,0.8333333333333334,1.0,0.9949074074074075,0.176954898635012,179.0,none,No failure (scenario success),[]
strombom_multi,drive_to_goal,paper,2027,strombom,collect_drive_multi,global,25,4,compact,10000,True,178,"{'world_width': 500.0, 'world_height': 500.0, 'goal_center': [370.0, 250.0], 'goal_radius': 10.606601717798213, 'max_ticks': 10000, 'measurement_radius': 5.0, 'n_sheep': 25, 'r_a': 2.0, 'r_s': 65.0, 'rs_weight': 1.0, 'n_neighbors': -1, 'c': 1.05, 'noise_strength': 0.3, 'sheep_speed': 1.0, 'inertia': 0.5, 'graze_move_prob': 0.05, 'collect_threshold_scale': 1.0, 'shepherd_speed': 1.5, 'shepherd_stop_multiple': 3.0, 'n_shepherds': 4, 'initial_spread': 30.0, 'shepherd_start_offset': 50.0, 'success_fraction': 1.0, 'sheep_model': 'strombom', 'dog_controller': 'collect_drive_multi', 'scenario_id': 'drive_to_goal', 'obs_mode': 'global', 'observation_frequency': 1, 'noise_sigma': 0.0, 'communication': 'none', 'stubborn_fraction': 0.0, 'stubborn_rs_scale': 0.25, 'stubborn_response_scale': 0.25, 'cohesion_scale': 1.0, 'initial_layout': 'compact', 'speed_scale': 1.0, 'failure_mode': 'none', 'failure_tick': -1, 'sensing_scale': 1.0, 'goal_mode': 'static', 'goal_velocity': [0.0, 0.0], 'latency': 0}",6.149823135173561,1.0,25.0,178.0,635.1726208740142,0.5845193799830897,4.106455817649856,3.203330448477787,12.354373707550575,4.106455817649856,62.60258531126504,6.149823135173561,118.19085813421464,62.60258531126504,0.6319473126851625,0.0,0.7904256943872464,0.6319473126851625,0.962905027932961,0.24,1.0,0.962905027932961,0.16759776536312848,0.0,7.0,0.16759776536312848,5.101119193818498,1.9107601441132451,29.95393852008137,5.101119193818498,4.608589672615923,3.5844892406359117,13.506997018272722,4.608589672615923,0.046452816629817616,0.0,0.19008472625315598,0.046452816629817616,0.9972067039106145,0.75,1.0,0.9972067039106145,0.17639462300007464,178.0,none,No failure (scenario success),[]
strombom_multi,drive_to_goal,paper,2030,strombom,collect_drive_multi,global,25,1,compact,10000,True,193,"{'world_width': 500.0, 'world_height': 500.0, 'goal_center': [370.0, 250.0], 'goal_radius': 10.606601717798213, 'max_ticks': 10000, 'measurement_radius': 5.0, 'n_sheep': 25, 'r_a': 2.0, 'r_s': 65.0, 'rs_weight': 1.0, 'n_neighbors': -1, 'c': 1.05, 'noise_strength': 0.3, 'sheep_speed': 1.0, 'inertia': 0.5, 'graze_move_prob': 0.05, 'collect_threshold_scale': 1.0, 'shepherd_speed': 1.5, 'shepherd_stop_multiple': 3.0, 'n_shepherds': 1, 'initial_spread': 30.0, 'shepherd_start_offset': 50.0, 'success_fraction': 1.0, 'sheep_model': 'strombom', 'dog_controller': 'collect_drive_multi', 'scenario_id': 'drive_to_goal', 'obs_mode': 'global', 'observation_frequency': 1, 'noise_sigma': 0.0, 'communication': 'none', 'stubborn_fraction': 0.0, 'stubborn_rs_scale': 0.25, 'stubborn_response_scale': 0.25, 'cohesion_scale': 1.0, 'initial_layout': 'compact', 'speed_scale': 1.0, 'failure_mode': 'none', 'failure_tick': -1, 'sensing_scale': 1.0, 'goal_mode': 'static', 'goal_velocity': [0.0, 0.0], 'latency': 0}",2.4128748604113,1.0,25.0,193.0,164.99999999999994,0.28908294144196467,4.555484248195455,3.6496212966888946,13.320768856317263,4.555484248195455,62.368803078262346,2.4128748604113,122.71737871172648,62.368803078262346,0.6385941300142702,0.0,0.799664267700256,0.6385941300142702,0.9418556701030928,0.24,1.0,0.9418556701030928,0.3865979381443299,0.0,6.0,0.3865979381443299,8.719163101627299,2.881500017288396,43.83789547734227,8.719163101627299,5.298314068863558,4.061379256120112,14.847017112845958,5.298314068863558,2.3463476293624442e-17,-2.220446049250313e-16,2.220446049250313e-16,2.3463476293624442e-17,0.9969931271477662,0.9166666666666666,1.0,0.9969931271477662,0.7291182051594862,193.0,none,No failure (scenario success),[]
strombom_multi,drive_to_goal,paper,2029,strombom,collect_drive_multi,global,25,3,compact,10000,True,184,"{'world_width': 500.0, 'world_height': 500.0, 'goal_center': [370.0, 250.0], 'goal_radius': 10.606601717798213, 'max_ticks': 10000, 'measurement_radius': 5.0, 'n_sheep': 25, 'r_a': 2.0, 'r_s': 65.0, 'rs_weight': 1.0, 'n_neighbors': -1, 'c': 1.05, 'noise_strength': 0.3, 'sheep_speed': 1.0, 'inertia': 0.5, 'graze_move_prob': 0.05, 'collect_threshold_scale': 1.0, 'shepherd_speed': 1.5, 'shepherd_stop_multiple': 3.0, 'n_shepherds': 3, 'initial_spread': 30.0, 'shepherd_start_offset': 50.0, 'success_fraction': 1.0, 'sheep_model': 'strombom', 'dog_controller': 'collect_drive_multi', 'scenario_id': 'drive_to_goal', 'obs_mode': 'global', 'observation_frequency': 1, 'noise_sigma': 0.0, 'communication': 'none', 'stubborn_fraction': 0.0, 'stubborn_rs_scale': 0.25, 'stubborn_response_scale': 0.25, 'cohesion_scale': 1.0, 'initial_layout': 'compact', 'speed_scale': 1.0, 'failure_mode': 'none', 'failure_tick': -1, 'sensing_scale': 1.0, 'goal_mode': 'static', 'goal_velocity': [0.0, 0.0], 'latency': 0}",4.927827612220082,1.0,25.0,184.0,488.05557957690087,0.4353969078299909,4.24690079987967,3.3948047924063656,10.798323063943558,4.24690079987967,62.438930661543225,4.927827612220082,120.4625055834117,62.438930661543225,0.6299844709402043,0.0,0.8376297808351627,0.6299844709402043,0.9517837837837837,0.4,1.0,0.9517837837837837,0.1783783783783784,0.0,4.0,0.1783783783783784,7.047210251699281,2.316838944875519,41.78862939506865,7.047210251699281,4.899206799039008,3.854664105856774,12.585404657314918,4.899206799039008,0.04039357682499877,0.0,0.15977655783906564,0.04039357682499877,1.0,1.0,1.0,1.0,0.2367244281303976,184.0,none,No failure (scenario success),[]
strombom_multi,drive_to_goal,paper,2029,strombom,collect_drive_multi,global,25,4,compact,10000,True,185,"{'world_width': 500.0, 'world_height': 500.0, 'goal_center': [370.0, 250.0], 'goal_radius': 10.606601717798213, 'max_ticks': 10000, 'measurement_radius': 5.0, 'n_sheep': 25, 'r_a': 2.0, 'r_s': 65.0, 'rs_weight': 1.0, 'n_neighbors': -1, 'c': 1.05, 'noise_strength': 0.3, 'sheep_speed': 1.0, 'inertia': 0.5, 'graze_move_prob': 0.05, 'collect_threshold_scale': 1.0, 'shepherd_speed': 1.5, 'shepherd_stop_multiple': 3.0, 'n_shepherds': 4, 'initial_spread': 30.0, 'shepherd_start_offset': 50.0, 'success_fraction': 1.0, 'sheep_model': 'strombom', 'dog_controller': 'collect_drive_multi', 'scenario_id': 'drive_to_goal', 'obs_mode': 'global', 'observation_frequency': 1, 'noise_sigma': 0.0, 'communication': 'none', 'stubborn_fraction': 0.0, 'stubborn_rs_scale': 0.25, 'stubborn_response_scale': 0.25, 'cohesion_scale': 1.0, 'initial_layout': 'compact', 'speed_scale': 1.0, 'failure_mode': 'none', 'failure_tick': -1, 'sensing_scale': 1.0, 'goal_mode': 'static', 'goal_velocity': [0.0, 0.0], 'latency': 0}",5.676237583216311,1.0,25.0,185.0,651.4349881387398,0.06431204698068486,4.114653534340358,3.3105506517415155,10.798323063943558,4.114653534340358,63.618429374021765,5.676237583216311,120.4625055834117,63.618429374021765,0.6221818064167571,0.0,0.8077566221233293,0.6221818064167571,0.9617204301075271,0.4,1.0,0.9617204301075271,0.15053763440860216,0.0,4.0,0.15053763440860216,6.256569702665375,2.1728332132734183,41.78862939506865,6.256569702665375,4.7056011186670705,3.6975887054704786,12.585404657314918,4.7056011186670705,0.05082096971996126,0.0,0.31961329646350034,0.05082096971996126,1.0,1.0,1.0,1.0,0.17620525469189063,185.0,none,No failure (scenario success),[]
strombom_multi,drive_to_goal,paper,2026,strombom,collect_drive_multi,global,25,6,compact,10000,True,182,"{'world_width': 500.0, 'world_height': 500.0, 'goal_center': [370.0, 250.0], 'goal_radius': 10.606601717798213, 'max_ticks': 10000, 'measurement_radius': 5.0, 'n_sheep': 25, 'r_a': 2.0, 'r_s': 65.0, 'rs_weight': 1.0, 'n_neighbors': -1, 'c': 1.05, 'noise_strength': 0.3, 'sheep_speed': 1.0, 'inertia': 0.5, 'graze_move_prob': 0.05, 'collect_threshold_scale': 1.0, 'shepherd_speed': 1.5, 'shepherd_stop_multiple': 3.0, 'n_shepherds': 6, 'initial_spread': 30.0, 'shepherd_start_offset': 50.0, 'success_fraction': 1.0, 'sheep_model': 'strombom', 'dog_controller': 'collect_drive_multi', 'scenario_id': 'drive_to_goal', 'obs_mode': 'global', 'observation_frequency': 1, 'noise_sigma': 0.0, 'communication': 'none', 'stubborn_fraction': 0.0, 'stubborn_rs_scale': 0.25, 'stubborn_response_scale': 0.25, 'cohesion_scale': 1.0, 'initial_layout': 'compact', 'speed_scale': 1.0, 'failure_mode': 'none', 'failure_tick': -1, 'sensing_scale': 1.0, 'goal_mode': 'static', 'goal_velocity': [0.0, 0.0], 'latency': 0}",5.985445722361046,1.0,25.0,182.0,969.6446344390151,0.6005535931241521,4.036341848873957,3.3399174914206373,10.457356904511927,4.036341848873957,63.23336118144657,5.985445722361046,120.38988384793788,63.23336118144657,0.6323499700447499,0.0,0.7902424348779602,0.6323499700447499,0.9722404371584701,0.4,1.0,0.9722404371584701,0.18032786885245902,0.0,3.0,0.18032786885245902,6.657602333304707,2.2363100370050337,44.181948123164055,6.657602333304707,4.651106811178084,3.727427977655942,12.384991764448953,4.651106811178084,0.05156664453536712,0.0,0.23847873953171028,0.05156664453536712,0.9954462659380692,0.8333333333333334,1.0,0.9954462659380692,0.11798594460512346,182.0,none,No failure (scenario success),[]
strombom_multi,drive_to_goal,paper,2027,strombom,collect_drive_multi,global,25,6,compact,10000,True,172,"{'world_width': 500.0, 'world_height': 500.0, 'goal_center': [370.0, 250.0], 'goal_radius': 10.606601717798213, 'max_ticks': 10000, 'measurement_radius': 5.0, 'n_sheep': 25, 'r_a': 2.0, 'r_s': 65.0, 'rs_weight': 1.0, 'n_neighbors': -1, 'c': 1.05, 'noise_strength': 0.3, 'sheep_speed': 1.0, 'inertia': 0.5, 'graze_move_prob': 0.05, 'collect_threshold_scale': 1.0, 'shepherd_speed': 1.5, 'shepherd_stop_multiple': 3.0, 'n_shepherds': 6, 'initial_spread': 30.0, 'shepherd_start_offset': 50.0, 'success_fraction': 1.0, 'sheep_model': 'strombom', 'dog_controller': 'collect_drive_multi', 'scenario_id': 'drive_to_goal', 'obs_mode': 'global', 'observation_frequency': 1, 'noise_sigma': 0.0, 'communication': 'none', 'stubborn_fraction': 0.0, 'stubborn_rs_scale': 0.25, 'stubborn_response_scale': 0.25, 'cohesion_scale': 1.0, 'initial_layout': 'compact', 'speed_scale': 1.0, 'failure_mode': 'none', 'failure_tick': -1, 'sensing_scale': 1.0, 'goal_mode': 'static', 'goal_velocity': [0.0, 0.0], 'latency': 0}",5.006047137031621,1.0,25.0,172.0,952.6055035540998,0.6286270308085979,4.334014612384032,3.324803813521388,12.354373707550575,4.334014612384032,61.87040585088291,5.006047137031621,118.19085813421464,61.87040585088291,0.6607483001315422,0.0,0.8083738507875314,0.6607483001315422,0.943815028901734,0.24,1.0,0.943815028901734,0.17341040462427745,0.0,7.0,0.17341040462427745,6.305364851052478,2.473225840510504,29.8084187458112,6.305364851052478,4.9376524224244775,3.7275984624984653,13.506997018272722,4.9376524224244775,0.0428899691652617,0.0,0.21509307565405678,0.0428899691652617,0.9971098265895953,0.75,1.0,0.9971098265895953,0.11881603725246072,172.0,none,No failure (scenario success),[]
strombom_multi,drive_to_goal,paper,2030,strombom,collect_drive_multi,global,25,4,compact,10000,True,184,"{'world_width': 500.0, 'world_height': 500.0, 'goal_center': [370.0, 250.0], 'goal_radius': 10.606601717798213, 'max_ticks': 10000, 'measurement_radius': 5.0, 'n_sheep': 25, 'r_a': 2.0, 'r_s': 65.0, 'rs_weight': 1.0, 'n_neighbors': -1, 'c': 1.05, 'noise_strength': 0.3, 'sheep_speed': 1.0, 'inertia': 0.5, 'graze_move_prob': 0.05, 'collect_threshold_scale': 1.0, 'shepherd_speed': 1.5, 'shepherd_stop_multiple': 3.0, 'n_shepherds': 4, 'initial_spread': 30.0, 'shepherd_start_offset': 50.0, 'success_fraction': 1.0, 'sheep_model': 'strombom', 'dog_controller': 'collect_drive_multi', 'scenario_id': 'drive_to_goal', 'obs_mode': 'global', 'observation_frequency': 1, 'noise_sigma': 0.0, 'communication': 'none', 'stubborn_fraction': 0.0, 'stubborn_rs_scale': 0.25, 'stubborn_response_scale': 0.25, 'cohesion_scale': 1.0, 'initial_layout': 'compact', 'speed_scale': 1.0, 'failure_mode': 'none', 'failure_tick': -1, 'sensing_scale': 1.0, 'goal_mode': 'static', 'goal_velocity': [0.0, 0.0], 'latency': 0}",5.076419492689871,1.0,25.0,184.0,660.9679487246984,0.6212874095458987,4.362727968343037,3.274447552707785,13.320768856317263,4.362727968343037,64.44831340137503,5.076419492689871,122.71737871172648,64.44831340137503,0.642407000301397,0.0,0.8106444715591805,0.642407000301397,0.9385945945945948,0.24,1.0,0.9385945945945948,0.40540540540540543,0.0,6.0,0.40540540540540543,8.235545142973795,2.3348614930130838,45.60517870441574,8.235545142973795,5.073385521413334,3.6834576297035717,14.847017112845958,5.073385521413334,0.050616975092468756,0.0,0.42122388781181186,0.050616975092468756,0.9968468468468468,0.9166666666666666,1.0,0.9968468468468468,0.1779828499188477,184.0,none,No failure (scenario success),[]
strombom_multi,drive_to_goal,paper,2026,strombom,collect_drive_multi,global,25,10,compact,10000,True,180,"{'world_width': 500.0, 'world_height': 500.0, 'goal_center': [370.0, 250.0], 'goal_radius': 10.606601717798213, 'max_ticks': 10000, 'measurement_radius': 5.0, 'n_sheep': 25, 'r_a': 2.0, 'r_s': 65.0, 'rs_weight': 1.0, 'n_neighbors': -1, 'c': 1.05, 'noise_strength': 0.3, 'sheep_speed': 1.0, 'inertia': 0.5, 'graze_move_prob': 0.05, 'collect_threshold_scale': 1.0, 'shepherd_speed': 1.5, 'shepherd_stop_multiple': 3.0, 'n_shepherds': 10, 'initial_spread': 30.0, 'shepherd_start_offset': 50.0, 'success_fraction': 1.0, 'sheep_model': 'strombom', 'dog_controller': 'collect_drive_multi', 'scenario_id': 'drive_to_goal', 'obs_mode': 'global', 'observation_frequency': 1, 'noise_sigma': 0.0, 'communication': 'none', 'stubborn_fraction': 0.0, 'stubborn_rs_scale': 0.25, 'stubborn_response_scale': 0.25, 'cohesion_scale': 1.0, 'initial_layout': 'compact', 'speed_scale': 1.0, 'failure_mode': 'none', 'failure_tick': -1, 'sensing_scale': 1.0, 'goal_mode': 'static', 'goal_velocity': [0.0, 0.0], 'latency': 0}",4.641464992879064,1.0,25.0,180.0,1641.1239327678368,0.536641693852732,3.9894551124495745,3.0835756042441886,10.457356904511927,3.9894551124495745,62.46189422511056,4.641464992879064,120.38988384793788,62.46189422511056,0.6473503050091377,0.0,0.816994964258452,0.6473503050091377,0.972817679558011,0.4,1.0,0.972817679558011,0.1878453038674033,0.0,3.0,0.1878453038674033,6.8968486152791835,1.8233181495674557,44.0317075771251,6.8968486152791835,4.627322649542179,3.4125789019577777,12.384991764448953,4.627322649542179,0.05722614628710422,0.0,0.231470303971118,0.05722614628710422,0.9963167587476979,0.9166666666666666,1.0,0.9963167587476979,0.07052996823941467,180.0,none,No failure (scenario success),[]
strombom_multi,drive_to_goal,paper,2028,strombom,collect_drive_multi,global,25,6,compact,10000,True,182,"{'world_width': 500.0, 'world_height': 500.0, 'goal_center': [370.0, 250.0], 'goal_radius': 10.606601717798213, 'max_ticks': 10000, 'measurement_radius': 5.0, 'n_sheep': 25, 'r_a': 2.0, 'r_s': 65.0, 'rs_weight': 1.0, 'n_neighbors': -1, 'c': 1.05, 'noise_strength': 0.3, 'sheep_speed': 1.0, 'inertia': 0.5, 'graze_move_prob': 0.05, 'collect_threshold_scale': 1.0, 'shepherd_speed': 1.5, 'shepherd_stop_multiple': 3.0, 'n_shepherds': 6, 'initial_spread': 30.0, 'shepherd_start_offset': 50.0, 'success_fraction': 1.0, 'sheep_model': 'strombom', 'dog_controller': 'collect_drive_multi', 'scenario_id': 'drive_to_goal', 'obs_mode': 'global', 'observation_frequency': 1, 'noise_sigma': 0.0, 'communication': 'none', 'stubborn_fraction': 0.0, 'stubborn_rs_scale': 0.25, 'stubborn_response_scale': 0.25, 'cohesion_scale': 1.0, 'initial_layout': 'compact', 'speed_scale': 1.0, 'failure_mode': 'none', 'failure_tick': -1, 'sensing_scale': 1.0, 'goal_mode': 'static', 'goal_velocity': [0.0, 0.0], 'latency': 0}",5.492675771073156,1.0,25.0,182.0,967.6702493011403,0.6362563602921969,4.260934831765074,3.3202079249659646,12.774721369501812,4.260934831765074,63.46876719356631,5.492675771073156,121.73052037353695,63.46876719356631,0.6407359682712179,0.0,0.7952191689175194,0.6407359682712179,0.9499453551912569,0.4,1.0,0.9499453551912569,0.366120218579235,0.0,9.0,0.366120218579235,7.131735299042208,2.0753064947627977,50.29106790734113,7.131735299042208,4.860624661951294,3.649664577448658,14.590914804829694,4.860624661951294,0.04394148654844481,0.0,0.23413807077576199,0.04394148654844481,1.0,1.0,1.0,1.0,0.12012133749736727,182.0,none,No failure (scenario success),[]
strombom_multi,drive_to_goal,paper,2027,strombom,collect_drive_multi,global,25,10,compact,10000,True,180,"{'world_width': 500.0, 'world_height': 500.0, 'goal_center': [370.0, 250.0], 'goal_radius': 10.606601717798213, 'max_ticks': 10000, 'measurement_radius': 5.0, 'n_sheep': 25, 'r_a': 2.0, 'r_s': 65.0, 'rs_weight': 1.0, 'n_neighbors': -1, 'c': 1.05, 'noise_strength': 0.3, 'sheep_speed': 1.0, 'inertia': 0.5, 'graze_move_prob': 0.05, 'collect_threshold_scale': 1.0, 'shepherd_speed': 1.5, 'shepherd_stop_multiple': 3.0, 'n_shepherds': 10, 'initial_spread': 30.0, 'shepherd_start_offset': 50.0, 'success_fraction': 1.0, 'sheep_model': 'strombom', 'dog_controller': 'collect_drive_multi', 'scenario_id': 'drive_to_goal', 'obs_mode': 'global', 'observation_frequency': 1, 'noise_sigma': 0.0, 'communication': 'none', 'stubborn_fraction': 0.0, 'stubborn_rs_scale': 0.25, 'stubborn_response_scale': 0.25, 'cohesion_scale': 1.0, 'initial_layout': 'compact', 'speed_scale': 1.0, 'failure_mode': 'none', 'failure_tick': -1, 'sensing_scale': 1.0, 'goal_mode': 'static', 'goal_velocity': [0.0, 0.0], 'latency': 0}",5.207433383667687,1.0,25.0,180.0,1601.2569783600302,0.7844840066086065,4.219175701933853,3.331681511288968,12.354373707550575,4.219175701933853,61.26036118864887,5.207433383667687,118.19085813421464,61.26036118864887,0.6312411475845487,0.0,0.8511526705302895,0.6312411475845487,0.958232044198895,0.24,1.0,0.958232044198895,0.1712707182320442,0.0,7.0,0.1712707182320442,5.598873450581005,2.1518641749125473,29.8084187458112,5.598873450581005,4.751875902473922,3.756294491420031,13.506997018272722,4.751875902473922,0.055956861159387014,0.0,0.2184903928869033,0.055956861159387014,0.9972375690607734,0.75,1.0,0.9972375690607734,0.07055920834534748,180.0,none,No failure (scenario success),[]
strombom_multi,drive_to_goal,paper,2030,strombom,collect_drive_multi,global,25,6,compact,10000,True,187,"{'world_width': 500.0, 'world_height': 500.0, 'goal_center': [370.0, 250.0], 'goal_radius': 10.606601717798213, 'max_ticks': 10000, 'measurement_radius': 5.0, 'n_sheep': 25, 'r_a': 2.0, 'r_s': 65.0, 'rs_weight': 1.0, 'n_neighbors': -1, 'c': 1.05, 'noise_strength': 0.3, 'sheep_speed': 1.0, 'inertia': 0.5, 'graze_move_prob': 0.05, 'collect_threshold_scale': 1.0, 'shepherd_speed': 1.5, 'shepherd_stop_multiple': 3.0, 'n_shepherds': 6, 'initial_spread': 30.0, 'shepherd_start_offset': 50.0, 'success_fraction': 1.0, 'sheep_model': 'strombom', 'dog_controller': 'collect_drive_multi', 'scenario_id': 'drive_to_goal', 'obs_mode': 'global', 'observation_frequency': 1, 'noise_sigma': 0.0, 'communication': 'none', 'stubborn_fraction': 0.0, 'stubborn_rs_scale': 0.25, 'stubborn_response_scale': 0.25, 'cohesion_scale': 1.0, 'initial_layout': 'compact', 'speed_scale': 1.0, 'failure_mode': 'none', 'failure_tick': -1, 'sensing_scale': 1.0, 'goal_mode': 'static', 'goal_velocity': [0.0, 0.0], 'latency': 0}",5.261420368418099,1.0,25.0,187.0,993.8132560576815,0.43932818358982495,4.366375493603052,3.28510507023696,13.320768856317263,4.366375493603052,63.849832570812076,5.261420368418099,122.71737871172648,63.849832570812076,0.630960460518111,0.0,0.7875508564448989,0.630960460518111,0.9457446808510639,0.24,1.0,0.9457446808510639,0.5053191489361702,0.0,6.0,0.5053191489361702,8.689382544640768,2.228631561649726,45.609586534964066,8.689382544640768,5.100189424633543,3.6487465514681157,14.847017112845958,5.100189424633543,0.06189555511709679,0.0,0.6822679909617098,0.06189555511709679,0.9968971631205673,0.9166666666666666,1.0,0.9968971631205673,0.11818715198994202,187.0,none,No failure (scenario success),[]
strombom_multi,drive_to_goal,paper,2029,strombom,collect_drive_multi,global,25,6,compact,10000,True,184,"{'world_width': 500.0, 'world_height': 500.0, 'goal_center': [370.0, 250.0], 'goal_radius': 10.606601717798213, 'max_ticks': 10000, 'measurement_radius': 5.0, 'n_sheep': 25, 'r_a': 2.0, 'r_s': 65.0, 'rs_weight': 1.0, 'n_neighbors': -1, 'c': 1.05, 'noise_strength': 0.3, 'sheep_speed': 1.0, 'inertia': 0.5, 'graze_move_prob': 0.05, 'collect_threshold_scale': 1.0, 'shepherd_speed': 1.5, 'shepherd_stop_multiple': 3.0, 'n_shepherds': 6, 'initial_spread': 30.0, 'shepherd_start_offset': 50.0, 'success_fraction': 1.0, 'sheep_model': 'strombom', 'dog_controller': 'collect_drive_multi', 'scenario_id': 'drive_to_goal', 'obs_mode': 'global', 'observation_frequency': 1, 'noise_sigma': 0.0, 'communication': 'none', 'stubborn_fraction': 0.0, 'stubborn_rs_scale': 0.25, 'stubborn_response_scale': 0.25, 'cohesion_scale': 1.0, 'initial_layout': 'compact', 'speed_scale': 1.0, 'failure_mode': 'none', 'failure_tick': -1, 'sensing_scale': 1.0, 'goal_mode': 'static', 'goal_velocity': [0.0, 0.0], 'latency': 0}",4.28173151890401,1.0,25.0,184.0,972.5461576458783,0.7207297169983915,4.103484617310993,3.2559612850684783,10.798323063943558,4.103484617310993,62.79253924593224,4.28173151890401,120.4625055834117,62.79253924593224,0.633544293792207,0.0,0.7870430178859134,0.633544293792207,0.9623783783783785,0.4,1.0,0.9623783783783785,0.1783783783783784,0.0,4.0,0.1783783783783784,6.2689548303521185,1.8603240723935743,41.78862939506865,6.2689548303521185,4.700070813777624,3.6162890235725436,12.585404657314918,4.700070813777624,0.04441440559266203,0.0,0.24362595623186056,0.04441440559266203,1.0,1.0,1.0,1.0,0.11946042164798847,184.0,none,No failure (scenario success),[]
strombom_multi,drive_to_goal,paper,2028,strombom,collect_drive_multi,global,25,3,compact,10000,True,180,"{'world_width': 500.0, 'world_height': 500.0, 'goal_center': [370.0, 250.0], 'goal_radius': 10.606601717798213, 'max_ticks': 10000, 'measurement_radius': 5.0, 'n_sheep': 25, 'r_a': 2.0, 'r_s': 65.0, 'rs_weight': 1.0, 'n_neighbors': -1, 'c': 1.05, 'noise_strength': 0.3, 'sheep_speed': 1.0, 'inertia': 0.5, 'graze_move_prob': 0.05, 'collect_threshold_scale': 1.0, 'shepherd_speed': 1.5, 'shepherd_stop_multiple': 3.0, 'n_shepherds': 3, 'initial_spread': 30.0, 'shepherd_start_offset': 50.0, 'success_fraction': 1.0, 'sheep_model': 'strombom', 'dog_controller': 'collect_drive_multi', 'scenario_id': 'drive_to_goal', 'obs_mode': 'global', 'observation_frequency': 1, 'noise_sigma': 0.0, 'communication': 'none', 'stubborn_fraction': 0.0, 'stubborn_rs_scale': 0.25, 'stubborn_response_scale': 0.25, 'cohesion_scale': 1.0, 'initial_layout': 'compact', 'speed_scale': 1.0, 'failure_mode': 'none', 'failure_tick': -1, 'sensing_scale': 1.0, 'goal_mode': 'static', 'goal_velocity': [0.0, 0.0], 'latency': 0}",4.8699526186081625,1.0,25.0,180.0,485.60723127145934,0.29279691987287615,4.328738580927559,3.2454313319706403,12.774721369501812,4.328738580927559,62.46294191992342,4.8699526186081625,121.73052037353695,62.46294191992342,0.6499576386602988,0.0,0.8165255108871295,0.6499576386602988,0.9394475138121546,0.4,1.0,0.9394475138121546,0.34806629834254144,0.0,9.0,0.34806629834254144,7.660465326685583,2.001013611414943,49.701288773392015,7.660465326685583,4.967314430852102,3.5665268808905877,14.590914804829694,4.967314430852102,0.04221112685391108,0.0,0.19127102080809744,0.04221112685391108,1.0,1.0,1.0,1.0,0.24064832693894245,180.0,none,No failure (scenario success),[]
strombom_multi,drive_to_goal,paper,2029,strombom,collect_drive_multi,global,25,10,compact,10000,True,179,"{'world_width': 500.0, 'world_height': 500.0, 'goal_center': [370.0, 250.0], 'goal_radius': 10.606601717798213, 'max_ticks': 10000, 'measurement_radius': 5.0, 'n_sheep': 25, 'r_a': 2.0, 'r_s': 65.0, 'rs_weight': 1.0, 'n_neighbors': -1, 'c': 1.05, 'noise_strength': 0.3, 'sheep_speed': 1.0, 'inertia': 0.5, 'graze_move_prob': 0.05, 'collect_threshold_scale': 1.0, 'shepherd_speed': 1.5, 'shepherd_stop_multiple': 3.0, 'n_shepherds': 10, 'initial_spread': 30.0, 'shepherd_start_offset': 50.0, 'success_fraction': 1.0, 'sheep_model': 'strombom', 'dog_controller': 'collect_drive_multi', 'scenario_id': 'drive_to_goal', 'obs_mode': 'global', 'observation_frequency': 1, 'noise_sigma': 0.0, 'communication': 'none', 'stubborn_fraction': 0.0, 'stubborn_rs_scale': 0.25, 'stubborn_response_scale': 0.25, 'cohesion_scale': 1.0, 'initial_layout': 'compact', 'speed_scale': 1.0, 'failure_mode': 'none', 'failure_tick': -1, 'sensing_scale': 1.0, 'goal_mode': 'static', 'goal_velocity': [0.0, 0.0], 'latency': 0}",4.840937584180941,1.0,25.0,179.0,1619.824688161235,0.718645638602028,4.233924860374619,3.254447703473859,10.798323063943558,4.233924860374619,62.89420639202353,4.840937584180941,120.4625055834117,62.89420639202353,0.6478582346110187,0.0,0.860280918527877,0.6478582346110187,0.9508888888888889,0.4,1.0,0.9508888888888889,0.16666666666666666,0.0,4.0,0.16666666666666666,7.042993526333478,2.4324618199672714,41.92660107178173,7.042993526333478,4.886785493178782,3.696109883835339,12.585404657314918,4.886785493178782,0.04961913273407915,0.0,0.14840822472245596,0.04961913273407915,1.0,1.0,1.0,1.0,0.07137906271232357,179.0,none,No failure (scenario success),[]
strombom_multi,drive_to_goal,paper,2028,strombom,collect_drive_multi,global,25,4,compact,10000,True,184,"{'world_width': 500.0, 'world_height': 500.0, 'goal_center': [370.0, 250.0], 'goal_radius': 10.606601717798213, 'max_ticks': 10000, 'measurement_radius': 5.0, 'n_sheep': 25, 'r_a': 2.0, 'r_s': 65.0, 'rs_weight': 1.0, 'n_neighbors': -1, 'c': 1.05, 'noise_strength': 0.3, 'sheep_speed': 1.0, 'inertia': 0.5, 'graze_move_prob': 0.05, 'collect_threshold_scale': 1.0, 'shepherd_speed': 1.5, 'shepherd_stop_multiple': 3.0, 'n_shepherds': 4, 'initial_spread': 30.0, 'shepherd_start_offset': 50.0, 'success_fraction': 1.0, 'sheep_model': 'strombom', 'dog_controller': 'collect_drive_multi', 'scenario_id': 'drive_to_goal', 'obs_mode': 'global', 'observation_frequency': 1, 'noise_sigma': 0.0, 'communication': 'none', 'stubborn_fraction': 0.0, 'stubborn_rs_scale': 0.25, 'stubborn_response_scale': 0.25, 'cohesion_scale': 1.0, 'initial_layout': 'compact', 'speed_scale': 1.0, 'failure_mode': 'none', 'failure_tick': -1, 'sensing_scale': 1.0, 'goal_mode': 'static', 'goal_velocity': [0.0, 0.0], 'latency': 0}",6.622475099570376,1.0,25.0,184.0,645.7995559362344,0.587523419313432,4.249818368019949,3.316914997626294,12.774721369501812,4.249818368019949,63.998674632968815,6.622475099570376,121.73052037353695,63.998674632968815,0.626664754971554,0.0,0.8028952152224376,0.626664754971554,0.9507027027027026,0.4,1.0,0.9507027027027026,0.34594594594594597,0.0,9.0,0.34594594594594597,7.011284492108399,2.0460366039295868,49.71978822698364,7.011284492108399,4.84114509725388,3.74744099143464,14.590914804829694,4.84114509725388,0.05702934183928869,0.0,0.29230688004551364,0.05702934183928869,1.0,1.0,1.0,1.0,0.1782411341350198,184.0,none,No failure (scenario success),[]
strombom_multi,drive_to_goal,paper,2028,strombom,collect_drive_multi,global,25,10,compact,10000,True,184,"{'world_width': 500.0, 'world_height': 500.0, 'goal_center': [370.0, 250.0], 'goal_radius': 10.606601717798213, 'max_ticks': 10000, 'measurement_radius': 5.0, 'n_sheep': 25, 'r_a': 2.0, 'r_s': 65.0, 'rs_weight': 1.0, 'n_neighbors': -1, 'c': 1.05, 'noise_strength': 0.3, 'sheep_speed': 1.0, 'inertia': 0.5, 'graze_move_prob': 0.05, 'collect_threshold_scale': 1.0, 'shepherd_speed': 1.5, 'shepherd_stop_multiple': 3.0, 'n_shepherds': 10, 'initial_spread': 30.0, 'shepherd_start_offset': 50.0, 'success_fraction': 1.0, 'sheep_model': 'strombom', 'dog_controller': 'collect_drive_multi', 'scenario_id': 'drive_to_goal', 'obs_mode': 'global', 'observation_frequency': 1, 'noise_sigma': 0.0, 'communication': 'none', 'stubborn_fraction': 0.0, 'stubborn_rs_scale': 0.25, 'stubborn_response_scale': 0.25, 'cohesion_scale': 1.0, 'initial_layout': 'compact', 'speed_scale': 1.0, 'failure_mode': 'none', 'failure_tick': -1, 'sensing_scale': 1.0, 'goal_mode': 'static', 'goal_velocity': [0.0, 0.0], 'latency': 0}",4.947750625168062,1.0,25.0,184.0,1639.414449966736,0.9700437445390042,4.245952104397165,3.26008201587123,12.774721369501812,4.245952104397165,63.833476382966,4.947750625168062,121.73052037353695,63.833476382966,0.6360043465490479,0.0,0.7865173682342115,0.6360043465490479,0.947027027027027,0.4,1.0,0.947027027027027,0.33513513513513515,0.0,9.0,0.33513513513513515,7.09476640043379,2.074714623971311,49.701288773392015,7.09476640043379,4.853141635563211,3.5994175899484,14.590914804829694,4.853141635563211,0.05566636984594521,0.0,0.24576773534462237,0.05566636984594521,1.0,1.0,1.0,1.0,0.07123443968103271,184.0,none,No failure (scenario success),[]
strombom_multi,drive_to_goal,paper,2026,strombom,collect_drive_multi,global,50,1,compact,10000,True,198,"{'world_width': 500.0, 'world_height': 500.0, 'goal_center': [370.0, 250.0], 'goal_radius': 15.0, 'max_ticks': 10000, 'measurement_radius': 5.0, 'n_sheep': 50, 'r_a': 2.0, 'r_s': 65.0, 'rs_weight': 1.0, 'n_neighbors': -1, 'c': 1.05, 'noise_strength': 0.3, 'sheep_speed': 1.0, 'inertia': 0.5, 'graze_move_prob': 0.05, 'collect_threshold_scale': 1.0, 'shepherd_speed': 1.5, 'shepherd_stop_multiple': 3.0, 'n_shepherds': 1, 'initial_spread': 30.0, 'shepherd_start_offset': 50.0, 'success_fraction': 1.0, 'sheep_model': 'strombom', 'dog_controller': 'collect_drive_multi', 'scenario_id': 'drive_to_goal', 'obs_mode': 'global', 'observation_frequency': 1, 'noise_sigma': 0.0, 'communication': 'none', 'stubborn_fraction': 0.0, 'stubborn_rs_scale': 0.25, 'stubborn_response_scale': 0.25, 'cohesion_scale': 1.0, 'initial_layout': 'compact', 'speed_scale': 1.0, 'failure_mode': 'none', 'failure_tick': -1, 'sensing_scale': 1.0, 'goal_mode': 'static', 'goal_velocity': [0.0, 0.0], 'latency': 0}",5.248581942178107,1.0,50.0,198.0,157.49999999999991,0.09299420258428401,5.674742594909943,4.557108063326922,11.10817369177783,5.674742594909943,62.051243374945145,5.248581942178107,120.61711919953515,62.051243374945145,0.5853868607232654,0.0,0.7203012417311827,0.5853868607232654,0.9754773869346733,0.54,1.0,0.9754773869346733,0.07035175879396985,0.0,1.0,0.07035175879396985,11.430046831870186,6.11331932400854,42.59761404440921,11.430046831870186,6.557354882508606,5.1992024320388515,12.88367714633964,6.557354882508606,2.4547644765581352e-17,0.0,2.220446049250313e-16,2.4547644765581352e-17,0.9977889447236181,0.88,1.0,0.9977889447236181,0.732498649253061,198.0,none,No failure (scenario success),[]
strombom_multi,drive_to_goal,paper,2030,strombom,collect_drive_multi,global,25,10,compact,10000,True,185,"{'world_width': 500.0, 'world_height': 500.0, 'goal_center': [370.0, 250.0], 'goal_radius': 10.606601717798213, 'max_ticks': 10000, 'measurement_radius': 5.0, 'n_sheep': 25, 'r_a': 2.0, 'r_s': 65.0, 'rs_weight': 1.0, 'n_neighbors': -1, 'c': 1.05, 'noise_strength': 0.3, 'sheep_speed': 1.0, 'inertia': 0.5, 'graze_move_prob': 0.05, 'collect_threshold_scale': 1.0, 'shepherd_speed': 1.5, 'shepherd_stop_multiple': 3.0, 'n_shepherds': 10, 'initial_spread': 30.0, 'shepherd_start_offset': 50.0, 'success_fraction': 1.0, 'sheep_model': 'strombom', 'dog_controller': 'collect_drive_multi', 'scenario_id': 'drive_to_goal', 'obs_mode': 'global', 'observation_frequency': 1, 'noise_sigma': 0.0, 'communication': 'none', 'stubborn_fraction': 0.0, 'stubborn_rs_scale': 0.25, 'stubborn_response_scale': 0.25, 'cohesion_scale': 1.0, 'initial_layout': 'compact', 'speed_scale': 1.0, 'failure_mode': 'none', 'failure_tick': -1, 'sensing_scale': 1.0, 'goal_mode': 'static', 'goal_velocity': [0.0, 0.0], 'latency': 0}",4.838164504675789,1.0,25.0,185.0,1657.091684327248,0.4823705928129468,4.343096028944739,3.3307782301592272,13.320768856317263,4.343096028944739,64.12395832689722,4.838164504675789,122.71737871172648,64.12395832689722,0.6409933954385241,0.0,0.8253367138136352,0.6409933954385241,0.9436559139784946,0.24,1.0,0.9436559139784946,0.3602150537634409,0.0,6.0,0.3602150537634409,7.567465822914704,2.057337014928597,42.99103422570869,7.567465822914704,4.995941072546066,3.662268567210039,14.847017112845958,4.995941072546066,0.05994065800908929,0.0,0.23011373316239614,0.05994065800908929,0.9973118279569892,0.9166666666666666,1.0,0.9973118279569892,0.07113620526972092,185.0,none,No failure (scenario success),[]
strombom_multi,drive_to_goal,paper,2027,strombom,collect_drive_multi,global,50,1,compact,10000,True,191,"{'world_width': 500.0, 'world_height': 500.0, 'goal_center': [370.0, 250.0], 'goal_radius': 15.0, 'max_ticks': 10000, 'measurement_radius': 5.0, 'n_sheep': 50, 'r_a': 2.0, 'r_s': 65.0, 'rs_weight': 1.0, 'n_neighbors': -1, 'c': 1.05, 'noise_strength': 0.3, 'sheep_speed': 1.0, 'inertia': 0.5, 'graze_move_prob': 0.05, 'collect_threshold_scale': 1.0, 'shepherd_speed': 1.5, 'shepherd_stop_multiple': 3.0, 'n_shepherds': 1, 'initial_spread': 30.0, 'shepherd_start_offset': 50.0, 'success_fraction': 1.0, 'sheep_model': 'strombom', 'dog_controller': 'collect_drive_multi', 'scenario_id': 'drive_to_goal', 'obs_mode': 'global', 'observation_frequency': 1, 'noise_sigma': 0.0, 'communication': 'none', 'stubborn_fraction': 0.0, 'stubborn_rs_scale': 0.25, 'stubborn_response_scale': 0.25, 'cohesion_scale': 1.0, 'initial_layout': 'compact', 'speed_scale': 1.0, 'failure_mode': 'none', 'failure_tick': -1, 'sensing_scale': 1.0, 'goal_mode': 'static', 'goal_velocity': [0.0, 0.0], 'latency': 0}",6.97632756718115,1.0,50.0,191.0,155.99999999999997,0.3010102057803359,5.538085583624735,4.431204765085116,11.912336281292205,5.538085583624735,63.21934706056553,6.97632756718115,120.41995269046326,63.21934706056553,0.5946378203704749,0.0,0.7356029846105429,0.5946378203704749,0.9772916666666666,0.68,1.0,0.9772916666666666,0.020833333333333332,0.0,1.0,0.020833333333333332,9.727896443697736,5.091735847659993,35.68265246007985,9.727896443697736,6.315696685575863,5.018073443453275,13.326155039570507,6.315696685575863,2.1973164029039556e-17,0.0,2.220446049250313e-16,2.1973164029039556e-17,0.9970833333333333,0.88,1.0,0.9970833333333333,0.7272027251492444,191.0,none,No failure (scenario success),[]
strombom_multi,drive_to_goal,paper,2030,strombom,collect_drive_multi,global,50,1,compact,10000,True,194,"{'world_width': 500.0, 'world_height': 500.0, 'goal_center': [370.0, 250.0], 'goal_radius': 15.0, 'max_ticks': 10000, 'measurement_radius': 5.0, 'n_sheep': 50, 'r_a': 2.0, 'r_s': 65.0, 'rs_weight': 1.0, 'n_neighbors': -1, 'c': 1.05, 'noise_strength': 0.3, 'sheep_speed': 1.0, 'inertia': 0.5, 'graze_move_prob': 0.05, 'collect_threshold_scale': 1.0, 'shepherd_speed': 1.5, 'shepherd_stop_multiple': 3.0, 'n_shepherds': 1, 'initial_spread': 30.0, 'shepherd_start_offset': 50.0, 'success_fraction': 1.0, 'sheep_model': 'strombom', 'dog_controller': 'collect_drive_multi', 'scenario_id': 'drive_to_goal', 'obs_mode': 'global', 'observation_frequency': 1, 'noise_sigma': 0.0, 'communication': 'none', 'stubborn_fraction': 0.0, 'stubborn_rs_scale': 0.25, 'stubborn_response_scale': 0.25, 'cohesion_scale': 1.0, 'initial_layout': 'compact', 'speed_scale': 1.0, 'failure_mode': 'none', 'failure_tick': -1, 'sensing_scale': 1.0, 'goal_mode': 'static', 'goal_velocity': [0.0, 0.0], 'latency': 0}",7.505093416700276,1.0,50.0,194.0,160.49999999999963,0.24972655398172788,5.638174410650465,4.560819135001469,12.488365974382011,5.638174410650465,63.53722598413553,7.505093416700276,120.27941576877133,63.53722598413553,0.5858042621452442,0.0,0.7279059075332422,0.5858042621452442,0.9773333333333334,0.64,1.0,0.9773333333333334,0.041025641025641026,0.0,1.0,0.041025641025641026,11.169602178139664,4.911570244766563,46.33089801130521,11.169602178139664,6.48658518417965,5.184636886323692,14.213638037814528,6.48658518417965,2.2773805633336544e-17,0.0,2.220446049250313e-16,2.2773805633336544e-17,0.9897435897435898,0.68,1.0,0.9897435897435898,0.7026437529724069,194.0,none,No failure (scenario success),[]
strombom_multi,drive_to_goal,paper,2028,strombom,collect_drive_multi,global,50,2,compact,10000,True,189,"{'world_width': 500.0, 'world_height': 500.0, 'goal_center': [370.0, 250.0], 'goal_radius': 15.0, 'max_ticks': 10000, 'measurement_radius': 5.0, 'n_sheep': 50, 'r_a': 2.0, 'r_s': 65.0, 'rs_weight': 1.0, 'n_neighbors': -1, 'c': 1.05, 'noise_strength': 0.3, 'sheep_speed': 1.0, 'inertia': 0.5, 'graze_move_prob': 0.05, 'collect_threshold_scale': 1.0, 'shepherd_speed': 1.5, 'shepherd_stop_multiple': 3.0, 'n_shepherds': 2, 'initial_spread': 30.0, 'shepherd_start_offset': 50.0, 'success_fraction': 1.0, 'sheep_model': 'strombom', 'dog_controller': 'collect_drive_multi', 'scenario_id': 'drive_to_goal', 'obs_mode': 'global', 'observation_frequency': 1, 'noise_sigma': 0.0, 'communication': 'none', 'stubborn_fraction': 0.0, 'stubborn_rs_scale': 0.25, 'stubborn_response_scale': 0.25, 'cohesion_scale': 1.0, 'initial_layout': 'compact', 'speed_scale': 1.0, 'failure_mode': 'none', 'failure_tick': -1, 'sensing_scale': 1.0, 'goal_mode': 'static', 'goal_velocity': [0.0, 0.0], 'latency': 0}",7.525611646628364,1.0,50.0,189.0,306.24114943329533,0.3316504634914113,5.1409019269182314,4.324380548675759,11.862355236872611,5.1409019269182314,63.989597968766596,7.525611646628364,119.52032385728934,63.989597968766596,0.59242458157632,0.0,0.7178684964606268,0.59242458157632,0.979684210526316,0.64,1.0,0.979684210526316,0.0,0.0,0.0,0.0,8.342246205516805,4.543334394692929,38.86328068246716,8.342246205516805,5.8387698001691275,4.841322897150275,13.400699699949486,5.8387698001691275,0.013242095504970856,-2.220446049250313e-16,0.14546897461053687,0.013242095504970856,0.9993684210526316,0.92,1.0,0.9993684210526316,0.3657075883430727,189.0,none,No failure (scenario success),[]
strombom_multi,drive_to_goal,paper,2028,strombom,collect_drive_multi,global,50,1,compact,10000,True,199,"{'world_width': 500.0, 'world_height': 500.0, 'goal_center': [370.0, 250.0], 'goal_radius': 15.0, 'max_ticks': 10000, 'measurement_radius': 5.0, 'n_sheep': 50, 'r_a': 2.0, 'r_s': 65.0, 'rs_weight': 1.0, 'n_neighbors': -1, 'c': 1.05, 'noise_strength': 0.3, 'sheep_speed': 1.0, 'inertia': 0.5, 'graze_move_prob': 0.05, 'collect_threshold_scale': 1.0, 'shepherd_speed': 1.5, 'shepherd_stop_multiple': 3.0, 'n_shepherds': 1, 'initial_spread': 30.0, 'shepherd_start_offset': 50.0, 'success_fraction': 1.0, 'sheep_model': 'strombom', 'dog_controller': 'collect_drive_multi', 'scenario_id': 'drive_to_goal', 'obs_mode': 'global', 'observation_frequency': 1, 'noise_sigma': 0.0, 'communication': 'none', 'stubborn_fraction': 0.0, 'stubborn_rs_scale': 0.25, 'stubborn_response_scale': 0.25, 'cohesion_scale': 1.0, 'initial_layout': 'compact', 'speed_scale': 1.0, 'failure_mode': 'none', 'failure_tick': -1, 'sensing_scale': 1.0, 'goal_mode': 'static', 'goal_velocity': [0.0, 0.0], 'latency': 0}",4.475217467403637,1.0,50.0,199.0,157.49999999999994,0.4692802971994848,5.59884623496515,4.509290629282297,11.862355236872611,5.59884623496515,61.76573929001328,4.475217467403637,119.52032385728934,61.76573929001328,0.5792951462709123,0.0,0.7274959695159775,0.5792951462709123,0.9756999999999999,0.64,1.0,0.9756999999999999,0.0,0.0,0.0,0.0,10.013041569699107,5.145317883464701,38.86328068246716,10.013041569699107,6.393420687987059,5.114876748998966,13.400699699949486,6.393420687987059,1.9428902930940238e-17,-2.220446049250313e-16,2.220446049250313e-16,1.9428902930940238e-17,0.9994,0.92,1.0,0.9994,0.7304451199357825,199.0,none,No failure (scenario success),[]
strombom_multi,drive_to_goal,paper,2030,strombom,collect_drive_multi,global,50,2,compact,10000,True,192,"{'world_width': 500.0, 'world_height': 500.0, 'goal_center': [370.0, 250.0], 'goal_radius': 15.0, 'max_ticks': 10000, 'measurement_radius': 5.0, 'n_sheep': 50, 'r_a': 2.0, 'r_s': 65.0, 'rs_weight': 1.0, 'n_neighbors': -1, 'c': 1.05, 'noise_strength': 0.3, 'sheep_speed': 1.0, 'inertia': 0.5, 'graze_move_prob': 0.05, 'collect_threshold_scale': 1.0, 'shepherd_speed': 1.5, 'shepherd_stop_multiple': 3.0, 'n_shepherds': 2, 'initial_spread': 30.0, 'shepherd_start_offset': 50.0, 'success_fraction': 1.0, 'sheep_model': 'strombom', 'dog_controller': 'collect_drive_multi', 'scenario_id': 'drive_to_goal', 'obs_mode': 'global', 'observation_frequency': 1, 'noise_sigma': 0.0, 'communication': 'none', 'stubborn_fraction': 0.0, 'stubborn_rs_scale': 0.25, 'stubborn_response_scale': 0.25, 'cohesion_scale': 1.0, 'initial_layout': 'compact', 'speed_scale': 1.0, 'failure_mode': 'none', 'failure_tick': -1, 'sensing_scale': 1.0, 'goal_mode': 'static', 'goal_velocity': [0.0, 0.0], 'latency': 0}",6.522220708495509,1.0,50.0,192.0,313.0486870817905,0.40562641909696906,5.239358615504925,4.325374641794851,12.488365974382011,5.239358615504925,63.291942324766545,6.522220708495509,120.27941576877133,63.291942324766545,0.5932363011291101,0.0,0.7204945790796113,0.5932363011291101,0.9757512953367875,0.64,1.0,0.9757512953367875,0.03626943005181347,0.0,1.0,0.03626943005181347,9.705532481392433,5.216301860463975,46.068221559905716,9.705532481392433,6.021107113307701,4.920502005636633,14.213638037814528,6.021107113307701,0.015534484349333496,0.0,0.27624408641596543,0.015534484349333496,0.9956476683937824,0.84,1.0,0.9956476683937824,0.36338499330793994,192.0,none,No failure (scenario success),[]
strombom_multi,drive_to_goal,paper,2026,strombom,collect_drive_multi,global,50,3,compact,10000,True,185,"{'world_width': 500.0, 'world_height': 500.0, 'goal_center': [370.0, 250.0], 'goal_radius': 15.0, 'max_ticks': 10000, 'measurement_radius': 5.0, 'n_sheep': 50, 'r_a': 2.0, 'r_s': 65.0, 'rs_weight': 1.0, 'n_neighbors': -1, 'c': 1.05, 'noise_strength': 0.3, 'sheep_speed': 1.0, 'inertia': 0.5, 'graze_move_prob': 0.05, 'collect_threshold_scale': 1.0, 'shepherd_speed': 1.5, 'shepherd_stop_multiple': 3.0, 'n_shepherds': 3, 'initial_spread': 30.0, 'shepherd_start_offset': 50.0, 'success_fraction': 1.0, 'sheep_model': 'strombom', 'dog_controller': 'collect_drive_multi', 'scenario_id': 'drive_to_goal', 'obs_mode': 'global', 'observation_frequency': 1, 'noise_sigma': 0.0, 'communication': 'none', 'stubborn_fraction': 0.0, 'stubborn_rs_scale': 0.25, 'stubborn_response_scale': 0.25, 'cohesion_scale': 1.0, 'initial_layout': 'compact', 'speed_scale': 1.0, 'failure_mode': 'none', 'failure_tick': -1, 'sensing_scale': 1.0, 'goal_mode': 'static', 'goal_velocity': [0.0, 0.0], 'latency': 0}",8.440624454665855,1.0,50.0,185.0,469.92844913676566,0.35248574632584245,5.086625336599848,4.267520280409224,11.10817369177783,5.086625336599848,64.34233082347636,8.440624454665855,120.61711919953515,64.34233082347636,0.6075591049622002,0.0,0.7451697469209275,0.6075591049622002,0.971720430107527,0.54,1.0,0.971720430107527,0.08064516129032258,0.0,1.0,0.08064516129032258,9.357523542425932,4.731217999977019,42.59761404440921,9.357523542425932,5.868119869784031,4.84076783813013,12.88367714633964,5.868119869784031,0.03812909070301409,0.0,0.38921344763745624,0.03812909070301409,0.9976344086021506,0.88,1.0,0.9976344086021506,0.23870973326031172,185.0,none,No failure (scenario success),[]
strombom_multi,drive_to_goal,paper,2027,strombom,collect_drive_multi,global,50,2,compact,10000,True,188,"{'world_width': 500.0, 'world_height': 500.0, 'goal_center': [370.0, 250.0], 'goal_radius': 15.0, 'max_ticks': 10000, 'measurement_radius': 5.0, 'n_sheep': 50, 'r_a': 2.0, 'r_s': 65.0, 'rs_weight': 1.0, 'n_neighbors': -1, 'c': 1.05, 'noise_strength': 0.3, 'sheep_speed': 1.0, 'inertia': 0.5, 'graze_move_prob': 0.05, 'collect_threshold_scale': 1.0, 'shepherd_speed': 1.5, 'shepherd_stop_multiple': 3.0, 'n_shepherds': 2, 'initial_spread': 30.0, 'shepherd_start_offset': 50.0, 'success_fraction': 1.0, 'sheep_model': 'strombom', 'dog_controller': 'collect_drive_multi', 'scenario_id': 'drive_to_goal', 'obs_mode': 'global', 'observation_frequency': 1, 'noise_sigma': 0.0, 'communication': 'none', 'stubborn_fraction': 0.0, 'stubborn_rs_scale': 0.25, 'stubborn_response_scale': 0.25, 'cohesion_scale': 1.0, 'initial_layout': 'compact', 'speed_scale': 1.0, 'failure_mode': 'none', 'failure_tick': -1, 'sensing_scale': 1.0, 'goal_mode': 'static', 'goal_velocity': [0.0, 0.0], 'latency': 0}",8.225814040025037,1.0,50.0,188.0,303.3650073043998,0.3692053931850977,5.206639325662227,4.482311930590786,11.912336281292205,5.206639325662227,63.95593903770678,8.225814040025037,120.41995269046326,63.95593903770678,0.5971158916380253,0.0,0.7105039148778269,0.5971158916380253,0.9736507936507939,0.68,1.0,0.9736507936507939,0.015873015873015872,0.0,1.0,0.015873015873015872,9.069552867513488,4.635590124180172,35.68265246007985,9.069552867513488,5.9587131680535625,5.03369060491949,13.326155039570507,5.9587131680535625,0.011973640196853447,-2.220446049250313e-16,0.13543748053159266,0.011973640196853447,0.9972486772486772,0.88,1.0,0.9972486772486772,0.3698321690011577,188.0,none,No failure (scenario success),[]
strombom_multi,drive_to_goal,paper,2027,strombom,collect_drive_multi,global,50,3,compact,10000,True,190,"{'world_width': 500.0, 'world_height': 500.0, 'goal_center': [370.0, 250.0], 'goal_radius': 15.0, 'max_ticks': 10000, 'measurement_radius': 5.0, 'n_sheep': 50, 'r_a': 2.0, 'r_s': 65.0, 'rs_weight': 1.0, 'n_neighbors': -1, 'c': 1.05, 'noise_strength': 0.3, 'sheep_speed': 1.0, 'inertia': 0.5, 'graze_move_prob': 0.05, 'collect_threshold_scale': 1.0, 'shepherd_speed': 1.5, 'shepherd_stop_multiple': 3.0, 'n_shepherds': 3, 'initial_spread': 30.0, 'shepherd_start_offset': 50.0, 'success_fraction': 1.0, 'sheep_model': 'strombom', 'dog_controller': 'collect_drive_multi', 'scenario_id': 'drive_to_goal', 'obs_mode': 'global', 'observation_frequency': 1, 'noise_sigma': 0.0, 'communication': 'none', 'stubborn_fraction': 0.0, 'stubborn_rs_scale': 0.25, 'stubborn_response_scale': 0.25, 'cohesion_scale': 1.0, 'initial_layout': 'compact', 'speed_scale': 1.0, 'failure_mode': 'none', 'failure_tick': -1, 'sensing_scale': 1.0, 'goal_mode': 'static', 'goal_velocity': [0.0, 0.0], 'latency': 0}",7.149160236948395,1.0,50.0,190.0,465.0005562668599,0.27416286645325777,5.161979324061517,4.4953973677490575,11.912336281292205,5.161979324061517,63.42487672926694,7.149160236948395,120.41995269046326,63.42487672926694,0.5962798204509733,0.0,0.700932709156798,0.5962798204509733,0.9736125654450261,0.66,1.0,0.9736125654450261,0.015706806282722512,0.0,1.0,0.015706806282722512,8.60978122111454,5.20459270126673,35.68265246007985,8.60978122111454,5.89428762850495,5.103693984276235,13.326155039570507,5.89428762850495,0.03880919891276125,0.0,0.3113674966349743,0.03880919891276125,0.9985340314136125,0.88,1.0,0.9985340314136125,0.24359281064711183,190.0,none,No failure (scenario success),[]
strombom_multi,drive_to_goal,paper,2029,strombom,collect_drive_multi,global,50,2,compact,10000,True,191,"{'world_width': 500.0, 'world_height': 500.0, 'goal_center': [370.0, 250.0], 'goal_radius': 15.0, 'max_ticks': 10000, 'measurement_radius': 5.0, 'n_sheep': 50, 'r_a': 2.0, 'r_s': 65.0, 'rs_weight': 1.0, 'n_neighbors': -1, 'c': 1.05, 'noise_strength': 0.3, 'sheep_speed': 1.0, 'inertia': 0.5, 'graze_move_prob': 0.05, 'collect_threshold_scale': 1.0, 'shepherd_speed': 1.5, 'shepherd_stop_multiple': 3.0, 'n_shepherds': 2, 'initial_spread': 30.0, 'shepherd_start_offset': 50.0, 'success_fraction': 1.0, 'sheep_model': 'strombom', 'dog_controller': 'collect_drive_multi', 'scenario_id': 'drive_to_goal', 'obs_mode': 'global', 'observation_frequency': 1, 'noise_sigma': 0.0, 'communication': 'none', 'stubborn_fraction': 0.0, 'stubborn_rs_scale': 0.25, 'stubborn_response_scale': 0.25, 'cohesion_scale': 1.0, 'initial_layout': 'compact', 'speed_scale': 1.0, 'failure_mode': 'none', 'failure_tick': -1, 'sensing_scale': 1.0, 'goal_mode': 'static', 'goal_velocity': [0.0, 0.0], 'latency': 0}",7.671773757587023,1.0,50.0,191.0,306.48320258895774,0.3699460187191163,5.11065868697996,4.570456646676351,11.708472691668124,5.11065868697996,64.56252932313994,7.671773757587023,121.16951190358674,64.56252932313994,0.5939702304775699,0.0,0.7212231807886462,0.5939702304775699,0.9851041666666666,0.62,1.0,0.9851041666666666,0.0,0.0,0.0,0.0,7.9552553994706585,4.869814324416189,26.97393897327832,7.9552553994706585,5.810189659036759,5.172192845117178,12.80867954727639,5.810189659036759,0.010473768842551412,0.0,0.11589404812543003,0.010473768842551412,0.9995833333333334,0.96,1.0,0.9995833333333334,0.370322866595133,191.0,none,No failure (scenario success),[]
strombom_multi,drive_to_goal,paper,2026,strombom,collect_drive_multi,global,5,1,compact,10000,False,10000,"{'world_width': 500.0, 'world_height': 500.0, 'goal_center': [370.0, 250.0], 'goal_radius': 4.743416490252569, 'max_ticks': 10000, 'measurement_radius': 5.0, 'n_sheep': 5, 'r_a': 2.0, 'r_s': 65.0, 'rs_weight': 1.0, 'n_neighbors': -1, 'c': 1.05, 'noise_strength': 0.3, 'sheep_speed': 1.0, 'inertia': 0.5, 'graze_move_prob': 0.05, 'collect_threshold_scale': 1.0, 'shepherd_speed': 1.5, 'shepherd_stop_multiple': 3.0, 'n_shepherds': 1, 'initial_spread': 30.0, 'shepherd_start_offset': 50.0, 'success_fraction': 1.0, 'sheep_model': 'strombom', 'dog_controller': 'collect_drive_multi', 'scenario_id': 'drive_to_goal', 'obs_mode': 'global', 'observation_frequency': 1, 'noise_sigma': 0.0, 'communication': 'none', 'stubborn_fraction': 0.0, 'stubborn_rs_scale': 0.25, 'stubborn_response_scale': 0.25, 'cohesion_scale': 1.0, 'initial_layout': 'compact', 'speed_scale': 1.0, 'failure_mode': 'none', 'failure_tick': -1, 'sensing_scale': 1.0, 'goal_mode': 'static', 'goal_velocity': [0.0, 0.0], 'latency': 0}",444.40502614591213,0.0,0.0,-1.0,2718.0,1.374596737112277,1.6984252289092807,0.6541554694472187,7.418264163003316,1.6984252289092807,410.6083652473294,62.406099847398586,445.67440279515927,410.6083652473294,0.6284028977952579,0.0,0.9957633338131175,0.6284028977952579,0.9995200479952006,0.6,1.0,0.9995200479952006,0.0025997400259974,0.0,2.0,0.0025997400259974,0.7019034730447797,0.005220563352307036,29.97789344051098,0.7019034730447797,1.8816768291741928,0.7125887089991682,9.220007409574585,1.8816768291741928,7.10471688591241e-18,-2.220446049250313e-16,2.220446049250313e-16,7.10471688591241e-18,1.0,1.0,1.0,1.0,-0.11760242245033317,-1.0,oscillation,GCM-to-goal distance oscillated without settling,"['stuck', 'oscillation']"
strombom_multi,drive_to_goal,paper,2030,strombom,collect_drive_multi,global,50,3,compact,10000,True,183,"{'world_width': 500.0, 'world_height': 500.0, 'goal_center': [370.0, 250.0], 'goal_radius': 15.0, 'max_ticks': 10000, 'measurement_radius': 5.0, 'n_sheep': 50, 'r_a': 2.0, 'r_s': 65.0, 'rs_weight': 1.0, 'n_neighbors': -1, 'c': 1.05, 'noise_strength': 0.3, 'sheep_speed': 1.0, 'inertia': 0.5, 'graze_move_prob': 0.05, 'collect_threshold_scale': 1.0, 'shepherd_speed': 1.5, 'shepherd_stop_multiple': 3.0, 'n_shepherds': 3, 'initial_spread': 30.0, 'shepherd_start_offset': 50.0, 'success_fraction': 1.0, 'sheep_model': 'strombom', 'dog_controller': 'collect_drive_multi', 'scenario_id': 'drive_to_goal', 'obs_mode': 'global', 'observation_frequency': 1, 'noise_sigma': 0.0, 'communication': 'none', 'stubborn_fraction': 0.0, 'stubborn_rs_scale': 0.25, 'stubborn_response_scale': 0.25, 'cohesion_scale': 1.0, 'initial_layout': 'compact', 'speed_scale': 1.0, 'failure_mode': 'none', 'failure_tick': -1, 'sensing_scale': 1.0, 'goal_mode': 'static', 'goal_velocity': [0.0, 0.0], 'latency': 0}",8.192254190981357,1.0,50.0,183.0,469.0485042364189,0.4541682644677017,5.206416129140693,4.388557327771233,12.488365974382011,5.206416129140693,64.05895282407221,8.192254190981357,120.27941576877133,64.05895282407221,0.6139444261154519,0.0,0.7770798398272196,0.6139444261154519,0.969891304347826,0.64,1.0,0.969891304347826,0.03804347826086957,0.0,1.0,0.03804347826086957,10.218209090624898,4.678481678188901,46.068221559905716,10.218209090624898,6.009075815571376,4.963646080032274,14.213638037814528,6.009075815571376,0.04787908354173674,0.0,0.40762621054524517,0.04787908354173674,0.9956521739130434,0.84,1.0,0.9956521739130434,0.23896710162259388,183.0,none,No failure (scenario success),[]
strombom_multi,drive_to_goal,paper,2029,strombom,collect_drive_multi,global,50,3,compact,10000,True,191,"{'world_width': 500.0, 'world_height': 500.0, 'goal_center': [370.0, 250.0], 'goal_radius': 15.0, 'max_ticks': 10000, 'measurement_radius': 5.0, 'n_sheep': 50, 'r_a': 2.0, 'r_s': 65.0, 'rs_weight': 1.0, 'n_neighbors': -1, 'c': 1.05, 'noise_strength': 0.3, 'sheep_speed': 1.0, 'inertia': 0.5, 'graze_move_prob': 0.05, 'collect_threshold_scale': 1.0, 'shepherd_speed': 1.5, 'shepherd_stop_multiple': 3.0, 'n_shepherds': 3, 'initial_spread': 30.0, 'shepherd_start_offset': 50.0, 'success_fraction': 1.0, 'sheep_model': 'strombom', 'dog_controller': 'collect_drive_multi', 'scenario_id': 'drive_to_goal', 'obs_mode': 'global', 'observation_frequency': 1, 'noise_sigma': 0.0, 'communication': 'none', 'stubborn_fraction': 0.0, 'stubborn_rs_scale': 0.25, 'stubborn_response_scale': 0.25, 'cohesion_scale': 1.0, 'initial_layout': 'compact', 'speed_scale': 1.0, 'failure_mode': 'none', 'failure_tick': -1, 'sensing_scale': 1.0, 'goal_mode': 'static', 'goal_velocity': [0.0, 0.0], 'latency': 0}",7.563860183697914,1.0,50.0,191.0,467.5998483936561,0.3208914455300982,5.062819589224894,4.369516856779419,11.708472691668124,5.062819589224894,64.3658719375535,7.563860183697914,121.16951190358674,64.3658719375535,0.5940766481821105,0.0,0.7453757674503807,0.5940766481821105,0.9870833333333332,0.62,1.0,0.9870833333333332,0.0,0.0,0.0,0.0,7.819471656769842,4.844994041926101,27.82567783915917,7.819471656769842,5.746951563996421,4.953966079307522,12.80867954727639,5.746951563996421,0.046494820098010904,0.0,0.5310514013305518,0.046494820098010904,0.9995833333333334,0.96,1.0,0.9995833333333334,0.24295485148286056,191.0,none,No failure (scenario success),[]
strombom_multi,drive_to_goal,paper,2028,strombom,collect_drive_multi,global,50,3,compact,10000,True,187,"{'world_width': 500.0, 'world_height': 500.0, 'goal_center': [370.0, 250.0], 'goal_radius': 15.0, 'max_ticks': 10000, 'measurement_radius': 5.0, 'n_sheep': 50, 'r_a': 2.0, 'r_s': 65.0, 'rs_weight': 1.0, 'n_neighbors': -1, 'c': 1.05, 'noise_strength': 0.3, 'sheep_speed': 1.0, 'inertia': 0.5, 'graze_move_prob': 0.05, 'collect_threshold_scale': 1.0, 'shepherd_speed': 1.5, 'shepherd_stop_multiple': 3.0, 'n_shepherds': 3, 'initial_spread': 30.0, 'shepherd_start_offset': 50.0, 'success_fraction': 1.0, 'sheep_model': 'strombom', 'dog_controller': 'collect_drive_multi', 'scenario_id': 'drive_to_goal', 'obs_mode': 'global', 'observation_frequency': 1, 'noise_sigma': 0.0, 'communication': 'none', 'stubborn_fraction': 0.0, 'stubborn_rs_scale': 0.25, 'stubborn_response_scale': 0.25, 'cohesion_scale': 1.0, 'initial_layout': 'compact', 'speed_scale': 1.0, 'failure_mode': 'none', 'failure_tick': -1, 'sensing_scale': 1.0, 'goal_mode': 'static', 'goal_velocity': [0.0, 0.0], 'latency': 0}",8.190930259870562,1.0,50.0,187.0,462.5843968122356,0.3506271891703923,5.122476846031083,4.266706443126344,11.862355236872611,5.122476846031083,63.5348133625511,8.190930259870562,119.52032385728934,63.5348133625511,0.5947339380949568,0.0,0.706941214843884,0.5947339380949568,0.9765957446808511,0.64,1.0,0.9765957446808511,0.0,0.0,0.0,0.0,8.460870309129605,4.278791293290344,38.86328068246716,8.460870309129605,5.822281992232852,4.778263242485771,13.400699699949486,5.822281992232852,0.047511653615301415,0.0,0.26096444318493084,0.047511653615301415,1.0,1.0,1.0,1.0,0.24066828532179765,187.0,none,No failure (scenario success),[]
strombom_multi,drive_to_goal,paper,2027,strombom,collect_drive_multi,global,50,4,compact,10000,True,188,"{'world_width': 500.0, 'world_height': 500.0, 'goal_center': [370.0, 250.0], 'goal_radius': 15.0, 'max_ticks': 10000, 'measurement_radius': 5.0, 'n_sheep': 50, 'r_a': 2.0, 'r_s': 65.0, 'rs_weight': 1.0, 'n_neighbors': -1, 'c': 1.05, 'noise_strength': 0.3, 'sheep_speed': 1.0, 'inertia': 0.5, 'graze_move_prob': 0.05, 'collect_threshold_scale': 1.0, 'shepherd_speed': 1.5, 'shepherd_stop_multiple': 3.0, 'n_shepherds': 4, 'initial_spread': 30.0, 'shepherd_start_offset': 50.0, 'success_fraction': 1.0, 'sheep_model': 'strombom', 'dog_controller': 'collect_drive_multi', 'scenario_id': 'drive_to_goal', 'obs_mode': 'global', 'observation_frequency': 1, 'noise_sigma': 0.0, 'communication': 'none', 'stubborn_fraction': 0.0, 'stubborn_rs_scale': 0.25, 'stubborn_response_scale': 0.25, 'cohesion_scale': 1.0, 'initial_layout': 'compact', 'speed_scale': 1.0, 'failure_mode': 'none', 'failure_tick': -1, 'sensing_scale': 1.0, 'goal_mode': 'static', 'goal_velocity': [0.0, 0.0], 'latency': 0}",8.178038157642325,1.0,50.0,188.0,623.613855970514,0.456239817176689,5.109336554147146,4.4466320267411925,11.912336281292205,5.109336554147146,63.84802483705623,8.178038157642325,120.41995269046326,63.84802483705623,0.5972181862543117,0.0,0.7273899286035217,0.5972181862543117,0.9770370370370371,0.68,1.0,0.9770370370370371,0.021164021164021163,0.0,1.0,0.021164021164021163,8.266319265714518,4.637519395629739,35.68265246007985,8.266319265714518,5.804285112161951,4.995609287964153,13.326155039570507,5.804285112161951,0.05162130614955587,0.0,0.28117389805768633,0.05162130614955587,0.998095238095238,0.88,1.0,0.998095238095238,0.1799862422205834,188.0,none,No failure (scenario success),[]
strombom_multi,drive_to_goal,paper,2026,strombom,collect_drive_multi,global,50,2,compact,10000,True,190,"{'world_width': 500.0, 'world_height': 500.0, 'goal_center': [370.0, 250.0], 'goal_radius': 15.0, 'max_ticks': 10000, 'measurement_radius': 5.0, 'n_sheep': 50, 'r_a': 2.0, 'r_s': 65.0, 'rs_weight': 1.0, 'n_neighbors': -1, 'c': 1.05, 'noise_strength': 0.3, 'sheep_speed': 1.0, 'inertia': 0.5, 'graze_move_prob': 0.05, 'collect_threshold_scale': 1.0, 'shepherd_speed': 1.5, 'shepherd_stop_multiple': 3.0, 'n_shepherds': 2, 'initial_spread': 30.0, 'shepherd_start_offset': 50.0, 'success_fraction': 1.0, 'sheep_model': 'strombom', 'dog_controller': 'collect_drive_multi', 'scenario_id': 'drive_to_goal', 'obs_mode': 'global', 'observation_frequency': 1, 'noise_sigma': 0.0, 'communication': 'none', 'stubborn_fraction': 0.0, 'stubborn_rs_scale': 0.25, 'stubborn_response_scale': 0.25, 'cohesion_scale': 1.0, 'initial_layout': 'compact', 'speed_scale': 1.0, 'failure_mode': 'none', 'failure_tick': -1, 'sensing_scale': 1.0, 'goal_mode': 'static', 'goal_velocity': [0.0, 0.0], 'latency': 0}",7.696663027847131,1.0,50.0,190.0,310.103944451195,0.4575867810622977,5.163589783123863,4.506791773864313,11.10817369177783,5.163589783123863,63.49314766787561,7.696663027847131,120.61711919953515,63.49314766787561,0.5957880617823895,0.0,0.7372721372423544,0.5957880617823895,0.9725654450261783,0.54,1.0,0.9725654450261783,0.09424083769633508,0.0,1.0,0.09424083769633508,9.58220796911891,4.6641435950253225,42.59761404440921,9.58220796911891,5.955201876132935,5.103553958879246,12.88367714633964,5.955201876132935,0.01264700460566889,0.0,0.16391056702286289,0.01264700460566889,0.9976963350785341,0.88,1.0,0.9976963350785341,0.3641374390497627,190.0,none,No failure (scenario success),[]
strombom_multi,drive_to_goal,paper,2029,strombom,collect_drive_multi,global,50,4,compact,10000,True,193,"{'world_width': 500.0, 'world_height': 500.0, 'goal_center': [370.0, 250.0], 'goal_radius': 15.0, 'max_ticks': 10000, 'measurement_radius': 5.0, 'n_sheep': 50, 'r_a': 2.0, 'r_s': 65.0, 'rs_weight': 1.0, 'n_neighbors': -1, 'c': 1.05, 'noise_strength': 0.3, 'sheep_speed': 1.0, 'inertia': 0.5, 'graze_move_prob': 0.05, 'collect_threshold_scale': 1.0, 'shepherd_speed': 1.5, 'shepherd_stop_multiple': 3.0, 'n_shepherds': 4, 'initial_spread': 30.0, 'shepherd_start_offset': 50.0, 'success_fraction': 1.0, 'sheep_model': 'strombom', 'dog_controller': 'collect_drive_multi', 'scenario_id': 'drive_to_goal', 'obs_mode': 'global', 'observation_frequency': 1, 'noise_sigma': 0.0, 'communication': 'none', 'stubborn_fraction': 0.0, 'stubborn_rs_scale': 0.25, 'stubborn_response_scale': 0.25, 'cohesion_scale': 1.0, 'initial_layout': 'compact', 'speed_scale': 1.0, 'failure_mode': 'none', 'failure_tick': -1, 'sensing_scale': 1.0, 'goal_mode': 'static', 'goal_velocity': [0.0, 0.0], 'latency': 0}",6.735473804745165,1.0,50.0,193.0,634.9780511699063,0.15513694821537674,5.036091242173042,4.408228200430625,11.708472691668124,5.036091242173042,63.9221198177187,6.735473804745165,121.16951190358674,63.9221198177187,0.5929732336911419,0.0,0.6864253468406964,0.5929732336911419,0.9868041237113403,0.62,1.0,0.9868041237113403,0.0,0.0,0.0,0.0,7.658518265627429,4.312291046774398,26.97393897327832,7.658518265627429,5.7154790574053616,4.935874736760485,12.80867954727639,5.7154790574053616,0.05615768804698985,0.0,0.26700024879953377,0.05615768804698985,0.9995876288659795,0.96,1.0,0.9995876288659795,0.1802173128472775,193.0,none,No failure (scenario success),[]
strombom_multi,drive_to_goal,paper,2027,strombom,collect_drive_multi,global,5,1,compact,10000,False,10000,"{'world_width': 500.0, 'world_height': 500.0, 'goal_center': [370.0, 250.0], 'goal_radius': 4.743416490252569, 'max_ticks': 10000, 'measurement_radius': 5.0, 'n_sheep': 5, 'r_a': 2.0, 'r_s': 65.0, 'rs_weight': 1.0, 'n_neighbors': -1, 'c': 1.05, 'noise_strength': 0.3, 'sheep_speed': 1.0, 'inertia': 0.5, 'graze_move_prob': 0.05, 'collect_threshold_scale': 1.0, 'shepherd_speed': 1.5, 'shepherd_stop_multiple': 3.0, 'n_shepherds': 1, 'initial_spread': 30.0, 'shepherd_start_offset': 50.0, 'success_fraction': 1.0, 'sheep_model': 'strombom', 'dog_controller': 'collect_drive_multi', 'scenario_id': 'drive_to_goal', 'obs_mode': 'global', 'observation_frequency': 1, 'noise_sigma': 0.0, 'communication': 'none', 'stubborn_fraction': 0.0, 'stubborn_rs_scale': 0.25, 'stubborn_response_scale': 0.25, 'cohesion_scale': 1.0, 'initial_layout': 'compact', 'speed_scale': 1.0, 'failure_mode': 'none', 'failure_tick': -1, 'sensing_scale': 1.0, 'goal_mode': 'static', 'goal_velocity': [0.0, 0.0], 'latency': 0}",444.57227618728,0.0,0.0,-1.0,3220.4706256493837,0.8938363505304228,1.7424269499846772,0.5349077416032616,7.796767392544311,1.7424269499846772,406.75349093624664,52.49643923087724,445.5435706260321,406.75349093624664,0.6438676467298418,0.0,0.9934570456855984,0.6438676467298418,0.9994800519948005,0.4,1.0,0.9994800519948005,0.0022997700229977,0.0,3.0,0.0022997700229977,0.7482867299768624,0.004745878320917952,18.887587573109457,0.7482867299768624,1.9358818450780313,0.6280257269856147,8.926206884592787,1.9358818450780313,8.792087146316608e-18,-2.220446049250313e-16,2.220446049250313e-16,8.792087146316608e-18,0.9999500049995,0.5,1.0,0.9999500049995,-0.10054907761922283,-1.0,oscillation,GCM-to-goal distance oscillated without settling,"['stuck', 'oscillation']"
strombom_multi,drive_to_goal,paper,2026,strombom,collect_drive_multi,global,50,6,compact,10000,True,187,"{'world_width': 500.0, 'world_height': 500.0, 'goal_center': [370.0, 250.0], 'goal_radius': 15.0, 'max_ticks': 10000, 'measurement_radius': 5.0, 'n_sheep': 50, 'r_a': 2.0, 'r_s': 65.0, 'rs_weight': 1.0, 'n_neighbors': -1, 'c': 1.05, 'noise_strength': 0.3, 'sheep_speed': 1.0, 'inertia': 0.5, 'graze_move_prob': 0.05, 'collect_threshold_scale': 1.0, 'shepherd_speed': 1.5, 'shepherd_stop_multiple': 3.0, 'n_shepherds': 6, 'initial_spread': 30.0, 'shepherd_start_offset': 50.0, 'success_fraction': 1.0, 'sheep_model': 'strombom', 'dog_controller': 'collect_drive_multi', 'scenario_id': 'drive_to_goal', 'obs_mode': 'global', 'observation_frequency': 1, 'noise_sigma': 0.0, 'communication': 'none', 'stubborn_fraction': 0.0, 'stubborn_rs_scale': 0.25, 'stubborn_response_scale': 0.25, 'cohesion_scale': 1.0, 'initial_layout': 'compact', 'speed_scale': 1.0, 'failure_mode': 'none', 'failure_tick': -1, 'sensing_scale': 1.0, 'goal_mode': 'static', 'goal_velocity': [0.0, 0.0], 'latency': 0}",7.908558665018964,1.0,50.0,187.0,951.7294982760334,0.4955251989089844,5.0082616402479605,4.368439488176872,11.10817369177783,5.0082616402479605,63.64517020912112,7.908558665018964,120.61711919953515,63.64517020912112,0.6036298388277211,0.0,0.760078853451842,0.6036298388277211,0.9785106382978724,0.54,1.0,0.9785106382978724,0.0797872340425532,0.0,1.0,0.0797872340425532,8.84863984835653,4.618310941832928,42.59761404440921,8.84863984835653,5.750472791355188,4.9863036008064245,12.88367714633964,5.750472791355188,0.049780515874118685,0.0,0.20381226030674315,0.049780515874118685,0.9976595744680851,0.88,1.0,0.9976595744680851,0.11842499443242742,187.0,none,No failure (scenario success),[]
strombom_multi,drive_to_goal,paper,2029,strombom,collect_drive_multi,global,50,1,compact,10000,True,195,"{'world_width': 500.0, 'world_height': 500.0, 'goal_center': [370.0, 250.0], 'goal_radius': 15.0, 'max_ticks': 10000, 'measurement_radius': 5.0, 'n_sheep': 50, 'r_a': 2.0, 'r_s': 65.0, 'rs_weight': 1.0, 'n_neighbors': -1, 'c': 1.05, 'noise_strength': 0.3, 'sheep_speed': 1.0, 'inertia': 0.5, 'graze_move_prob': 0.05, 'collect_threshold_scale': 1.0, 'shepherd_speed': 1.5, 'shepherd_stop_multiple': 3.0, 'n_shepherds': 1, 'initial_spread': 30.0, 'shepherd_start_offset': 50.0, 'success_fraction': 1.0, 'sheep_model': 'strombom', 'dog_controller': 'collect_drive_multi', 'scenario_id': 'drive_to_goal', 'obs_mode': 'global', 'observation_frequency': 1, 'noise_sigma': 0.0, 'communication': 'none', 'stubborn_fraction': 0.0, 'stubborn_rs_scale': 0.25, 'stubborn_response_scale': 0.25, 'cohesion_scale': 1.0, 'initial_layout': 'compact', 'speed_scale': 1.0, 'failure_mode': 'none', 'failure_tick': -1, 'sensing_scale': 1.0, 'goal_mode': 'static', 'goal_velocity': [0.0, 0.0], 'latency': 0}",6.1805680028287435,1.0,50.0,195.0,159.00000000000034,0.11055289951281272,5.636179253630194,4.53089908801376,11.708472691668124,5.636179253630194,63.69267134888672,6.1805680028287435,121.16951190358674,63.69267134888672,0.5912642670129791,0.0,0.7278106551225546,0.5912642670129791,0.9808163265306122,0.62,1.0,0.9808163265306122,0.0,0.0,0.0,0.0,10.097073591114626,5.297214178327184,27.31462165643833,10.097073591114626,6.447567222416305,5.138062761803595,12.80867954727639,6.447567222416305,2.1524732110079565e-17,-2.220446049250313e-16,2.220446049250313e-16,2.1524732110079565e-17,0.9975510204081633,0.8,1.0,0.9975510204081633,0.7232009050362123,195.0,none,No failure (scenario success),[]
strombom_multi,drive_to_goal,paper,2026,strombom,collect_drive_multi,global,50,4,compact,10000,True,185,"{'world_width': 500.0, 'world_height': 500.0, 'goal_center': [370.0, 250.0], 'goal_radius': 15.0, 'max_ticks': 10000, 'measurement_radius': 5.0, 'n_sheep': 50, 'r_a': 2.0, 'r_s': 65.0, 'rs_weight': 1.0, 'n_neighbors': -1, 'c': 1.05, 'noise_strength': 0.3, 'sheep_speed': 1.0, 'inertia': 0.5, 'graze_move_prob': 0.05, 'collect_threshold_scale': 1.0, 'shepherd_speed': 1.5, 'shepherd_stop_multiple': 3.0, 'n_shepherds': 4, 'initial_spread': 30.0, 'shepherd_start_offset': 50.0, 'success_fraction': 1.0, 'sheep_model': 'strombom', 'dog_controller': 'collect_drive_multi', 'scenario_id': 'drive_to_goal', 'obs_mode': 'global', 'observation_frequency': 1, 'noise_sigma': 0.0, 'communication': 'none', 'stubborn_fraction': 0.0, 'stubborn_rs_scale': 0.25, 'stubborn_response_scale': 0.25, 'cohesion_scale': 1.0, 'initial_layout': 'compact', 'speed_scale': 1.0, 'failure_mode': 'none', 'failure_tick': -1, 'sensing_scale': 1.0, 'goal_mode': 'static', 'goal_velocity': [0.0, 0.0], 'latency': 0}",8.360758742824594,1.0,50.0,185.0,630.8514050283248,0.17898210413784157,5.103816750910015,4.40312121307073,11.10817369177783,5.103816750910015,64.20614845869252,8.360758742824594,120.61711919953515,64.20614845869252,0.6077843335913355,0.0,0.7415054259814947,0.6077843335913355,0.9713978494623656,0.54,1.0,0.9713978494623656,0.08602150537634409,0.0,1.0,0.08602150537634409,9.767341832461074,4.153594491309291,42.59761404440921,9.767341832461074,5.913724272923856,4.951556582935,12.88367714633964,5.913724272923856,0.047936095807858216,0.0,0.2043096955771314,0.047936095807858216,0.9976344086021506,0.88,1.0,0.9976344086021506,0.1779442188159513,185.0,none,No failure (scenario success),[]
strombom_multi,drive_to_goal,paper,2028,strombom,collect_drive_multi,global,50,4,compact,10000,True,182,"{'world_width': 500.0, 'world_height': 500.0, 'goal_center': [370.0, 250.0], 'goal_radius': 15.0, 'max_ticks': 10000, 'measurement_radius': 5.0, 'n_sheep': 50, 'r_a': 2.0, 'r_s': 65.0, 'rs_weight': 1.0, 'n_neighbors': -1, 'c': 1.05, 'noise_strength': 0.3, 'sheep_speed': 1.0, 'inertia': 0.5, 'graze_move_prob': 0.05, 'collect_threshold_scale': 1.0, 'shepherd_speed': 1.5, 'shepherd_stop_multiple': 3.0, 'n_shepherds': 4, 'initial_spread': 30.0, 'shepherd_start_offset': 50.0, 'success_fraction': 1.0, 'sheep_model': 'strombom', 'dog_controller': 'collect_drive_multi', 'scenario_id': 'drive_to_goal', 'obs_mode': 'global', 'observation_frequency': 1, 'noise_sigma': 0.0, 'communication': 'none', 'stubborn_fraction': 0.0, 'stubborn_rs_scale': 0.25, 'stubborn_response_scale': 0.25, 'cohesion_scale': 1.0, 'initial_layout': 'compact', 'speed_scale': 1.0, 'failure_mode': 'none', 'failure_tick': -1, 'sensing_scale': 1.0, 'goal_mode': 'static', 'goal_velocity': [0.0, 0.0], 'latency': 0}",8.726352392232547,1.0,50.0,182.0,621.0048835528507,0.44263355588905523,5.138990333432934,4.378144189938292,11.862355236872611,5.138990333432934,63.8808333223057,8.726352392232547,119.52032385728934,63.8808333223057,0.6079999561901743,0.0,0.7134426118822749,0.6079999561901743,0.9703825136612022,0.64,1.0,0.9703825136612022,0.0,0.0,0.0,0.0,9.206384114455409,4.789935731057692,38.86328068246716,9.206384114455409,5.9061143402743745,4.93709571473807,13.400699699949486,5.9061143402743745,0.04712735084688249,0.0,0.27707353304972127,0.04712735084688249,1.0,1.0,1.0,1.0,0.17841078935030252,182.0,none,No failure (scenario success),[]
strombom_multi,drive_to_goal,paper,2028,strombom,collect_drive_multi,global,50,6,compact,10000,True,181,"{'world_width': 500.0, 'world_height': 500.0, 'goal_center': [370.0, 250.0], 'goal_radius': 15.0, 'max_ticks': 10000, 'measurement_radius': 5.0, 'n_sheep': 50, 'r_a': 2.0, 'r_s': 65.0, 'rs_weight': 1.0, 'n_neighbors': -1, 'c': 1.05, 'noise_strength': 0.3, 'sheep_speed': 1.0, 'inertia': 0.5, 'graze_move_prob': 0.05, 'collect_threshold_scale': 1.0, 'shepherd_speed': 1.5, 'shepherd_stop_multiple': 3.0, 'n_shepherds': 6, 'initial_spread': 30.0, 'shepherd_start_offset': 50.0, 'success_fraction': 1.0, 'sheep_model': 'strombom', 'dog_controller': 'collect_drive_multi', 'scenario_id': 'drive_to_goal', 'obs_mode': 'global', 'observation_frequency': 1, 'noise_sigma': 0.0, 'communication': 'none', 'stubborn_fraction': 0.0, 'stubborn_rs_scale': 0.25, 'stubborn_response_scale': 0.25, 'cohesion_scale': 1.0, 'initial_layout': 'compact', 'speed_scale': 1.0, 'failure_mode': 'none', 'failure_tick': -1, 'sensing_scale': 1.0, 'goal_mode': 'static', 'goal_velocity': [0.0, 0.0], 'latency': 0}",9.249896234041051,1.0,50.0,181.0,931.9241325424025,0.27123780230524314,5.153479197315028,4.2775322995642275,11.862355236872611,5.153479197315028,63.96793092896911,9.249896234041051,119.52032385728934,63.96793092896911,0.6080628180768557,0.0,0.7926296802541034,0.6080628180768557,0.9696703296703297,0.64,1.0,0.9696703296703297,0.0,0.0,0.0,0.0,9.340347793992454,4.631909703800627,38.86328068246716,9.340347793992454,5.9278062313526085,4.879985624926585,13.400699699949486,5.9278062313526085,0.058283165304164775,0.0,0.23499343841567855,0.058283165304164775,1.0,1.0,1.0,1.0,0.11832554150348822,181.0,none,No failure (scenario success),[]
strombom_multi,drive_to_goal,paper,2027,strombom,collect_drive_multi,global,50,6,compact,10000,True,185,"{'world_width': 500.0, 'world_height': 500.0, 'goal_center': [370.0, 250.0], 'goal_radius': 15.0, 'max_ticks': 10000, 'measurement_radius': 5.0, 'n_sheep': 50, 'r_a': 2.0, 'r_s': 65.0, 'rs_weight': 1.0, 'n_neighbors': -1, 'c': 1.05, 'noise_strength': 0.3, 'sheep_speed': 1.0, 'inertia': 0.5, 'graze_move_prob': 0.05, 'collect_threshold_scale': 1.0, 'shepherd_speed': 1.5, 'shepherd_stop_multiple': 3.0, 'n_shepherds': 6, 'initial_spread': 30.0, 'shepherd_start_offset': 50.0, 'success_fraction': 1.0, 'sheep_model': 'strombom', 'dog_controller': 'collect_drive_multi', 'scenario_id': 'drive_to_goal', 'obs_mode': 'global', 'observation_frequency': 1, 'noise_sigma': 0.0, 'communication': 'none', 'stubborn_fraction': 0.0, 'stubborn_rs_scale': 0.25, 'stubborn_response_scale': 0.25, 'cohesion_scale': 1.0, 'initial_layout': 'compact', 'speed_scale': 1.0, 'failure_mode': 'none', 'failure_tick': -1, 'sensing_scale': 1.0, 'goal_mode': 'static', 'goal_velocity': [0.0, 0.0], 'latency': 0}",8.229372450964927,1.0,50.0,185.0,944.7269933406246,0.3107680494683975,5.126618719952642,4.2817308825088265,11.912336281292205,5.126618719952642,64.03522495765385,8.229372450964927,120.41995269046326,64.03522495765385,0.6062538295684078,0.0,0.7198957148237362,0.6062538295684078,0.9725806451612904,0.66,1.0,0.9725806451612904,0.021505376344086023,0.0,1.0,0.021505376344086023,8.726791689548632,4.67521637961122,35.68265246007985,8.726791689548632,5.844557541835808,4.877144787005139,13.326155039570507,5.844557541835808,0.05457524325537426,0.0,0.2861627089474985,0.05457524325537426,0.998494623655914,0.88,1.0,0.998494623655914,0.1187544984215854,185.0,none,No failure (scenario success),[]
strombom_multi,drive_to_goal,paper,2030,strombom,collect_drive_multi,global,50,6,compact,10000,True,188,"{'world_width': 500.0, 'world_height': 500.0, 'goal_center': [370.0, 250.0], 'goal_radius': 15.0, 'max_ticks': 10000, 'measurement_radius': 5.0, 'n_sheep': 50, 'r_a': 2.0, 'r_s': 65.0, 'rs_weight': 1.0, 'n_neighbors': -1, 'c': 1.05, 'noise_strength': 0.3, 'sheep_speed': 1.0, 'inertia': 0.5, 'graze_move_prob': 0.05, 'collect_threshold_scale': 1.0, 'shepherd_speed': 1.5, 'shepherd_stop_multiple': 3.0, 'n_shepherds': 6, 'initial_spread': 30.0, 'shepherd_start_offset': 50.0, 'success_fraction': 1.0, 'sheep_model': 'strombom', 'dog_controller': 'collect_drive_multi', 'scenario_id': 'drive_to_goal', 'obs_mode': 'global', 'observation_frequency': 1, 'noise_sigma': 0.0, 'communication': 'none', 'stubborn_fraction': 0.0, 'stubborn_rs_scale': 0.25, 'stubborn_response_scale': 0.25, 'cohesion_scale': 1.0, 'initial_layout': 'compact', 'speed_scale': 1.0, 'failure_mode': 'none', 'failure_tick': -1, 'sensing_scale': 1.0, 'goal_mode': 'static', 'goal_velocity': [0.0, 0.0], 'latency': 0}",7.739915334583859,1.0,50.0,188.0,940.5195416078849,0.618054072924698,5.088063011385521,4.205974839741922,12.488365974382011,5.088063011385521,64.35663995441753,7.739915334583859,120.27941576877133,64.35663995441753,0.5997748051379532,0.0,0.7269162491872231,0.5997748051379532,0.9775661375661375,0.64,1.0,0.9775661375661375,0.05291005291005291,0.0,1.0,0.05291005291005291,8.96588714761809,4.099666672544704,46.068221559905716,8.96588714761809,5.816164757036108,4.667964334170387,14.213638037814528,5.816164757036108,0.05544243323254669,0.0,0.21338443361918402,0.05544243323254669,0.9972486772486772,0.88,1.0,0.9972486772486772,0.11965673806393562,188.0,none,No failure (scenario success),[]
strombom_multi,drive_to_goal,paper,2029,strombom,collect_drive_multi,global,50,6,compact,10000,True,187,"{'world_width': 500.0, 'world_height': 500.0, 'goal_center': [370.0, 250.0], 'goal_radius': 15.0, 'max_ticks': 10000, 'measurement_radius': 5.0, 'n_sheep': 50, 'r_a': 2.0, 'r_s': 65.0, 'rs_weight': 1.0, 'n_neighbors': -1, 'c': 1.05, 'noise_strength': 0.3, 'sheep_speed': 1.0, 'inertia': 0.5, 'graze_move_prob': 0.05, 'collect_threshold_scale': 1.0, 'shepherd_speed': 1.5, 'shepherd_stop_multiple': 3.0, 'n_shepherds': 6, 'initial_spread': 30.0, 'shepherd_start_offset': 50.0, 'success_fraction': 1.0, 'sheep_model': 'strombom', 'dog_controller': 'collect_drive_multi', 'scenario_id': 'drive_to_goal', 'obs_mode': 'global', 'observation_frequency': 1, 'noise_sigma': 0.0, 'communication': 'none', 'stubborn_fraction': 0.0, 'stubborn_rs_scale': 0.25, 'stubborn_response_scale': 0.25, 'cohesion_scale': 1.0, 'initial_layout': 'compact', 'speed_scale': 1.0, 'failure_mode': 'none', 'failure_tick': -1, 'sensing_scale': 1.0, 'goal_mode': 'static', 'goal_velocity': [0.0, 0.0], 'latency': 0}",8.287749015501307,1.0,50.0,187.0,939.6643901820421,0.32512342202601396,5.020123314286382,4.368698575827363,11.708472691668124,5.020123314286382,64.30102565265106,8.287749015501307,121.16951190358674,64.30102565265106,0.6026875732431834,0.0,0.7165218087376742,0.6026875732431834,0.9806382978723405,0.62,1.0,0.9806382978723405,0.0,0.0,0.0,0.0,7.925725442103738,4.343416215548575,27.24757764102929,7.925725442103738,5.711464117254567,4.918757081334957,12.80867954727639,5.711464117254567,0.058274885038962054,0.0,0.19112414671358746,0.058274885038962054,1.0,1.0,1.0,1.0,0.12012987197079665,187.0,none,No failure (scenario success),[]
strombom_multi,drive_to_goal,paper,2027,strombom,collect_drive_multi,global,50,10,compact,10000,True,187,"{'world_width': 500.0, 'world_height': 500.0, 'goal_center': [370.0, 250.0], 'goal_radius': 15.0, 'max_ticks': 10000, 'measurement_radius': 5.0, 'n_sheep': 50, 'r_a': 2.0, 'r_s': 65.0, 'rs_weight': 1.0, 'n_neighbors': -1, 'c': 1.05, 'noise_strength': 0.3, 'sheep_speed': 1.0, 'inertia': 0.5, 'graze_move_prob': 0.05, 'collect_threshold_scale': 1.0, 'shepherd_speed': 1.5, 'shepherd_stop_multiple': 3.0, 'n_shepherds': 10, 'initial_spread': 30.0, 'shepherd_start_offset': 50.0, 'success_fraction': 1.0, 'sheep_model': 'strombom', 'dog_controller': 'collect_drive_multi', 'scenario_id': 'drive_to_goal', 'obs_mode': 'global', 'observation_frequency': 1, 'noise_sigma': 0.0, 'communication': 'none', 'stubborn_fraction': 0.0, 'stubborn_rs_scale': 0.25, 'stubborn_response_scale': 0.25, 'cohesion_scale': 1.0, 'initial_layout': 'compact', 'speed_scale': 1.0, 'failure_mode': 'none', 'failure_tick': -1, 'sensing_scale': 1.0, 'goal_mode': 'static', 'goal_velocity': [0.0, 0.0], 'latency': 0}",8.473271034836497,1.0,50.0,187.0,1564.0994862650066,0.40237427140685583,5.047401448111421,4.377465491351009,11.912336281292205,5.047401448111421,64.13956255880268,8.473271034836497,120.41995269046326,64.13956255880268,0.598545720069395,0.0,0.7189992996055413,0.598545720069395,0.9743617021276596,0.62,1.0,0.9743617021276596,0.02127659574468085,0.0,1.0,0.02127659574468085,8.606693184752643,4.219333206073601,35.68265246007985,8.606693184752643,5.77571027058945,4.890827697612772,13.326155039570507,5.77571027058945,0.06596423633982952,0.0,0.18060890242636773,0.06596423633982952,0.9987234042553191,0.88,1.0,0.9987234042553191,0.07157260943992123,187.0,none,No failure (scenario success),[]
strombom_multi,drive_to_goal,paper,2030,strombom,collect_drive_multi,global,50,4,compact,10000,True,192,"{'world_width': 500.0, 'world_height': 500.0, 'goal_center': [370.0, 250.0], 'goal_radius': 15.0, 'max_ticks': 10000, 'measurement_radius': 5.0, 'n_sheep': 50, 'r_a': 2.0, 'r_s': 65.0, 'rs_weight': 1.0, 'n_neighbors': -1, 'c': 1.05, 'noise_strength': 0.3, 'sheep_speed': 1.0, 'inertia': 0.5, 'graze_move_prob': 0.05, 'collect_threshold_scale': 1.0, 'shepherd_speed': 1.5, 'shepherd_stop_multiple': 3.0, 'n_shepherds': 4, 'initial_spread': 30.0, 'shepherd_start_offset': 50.0, 'success_fraction': 1.0, 'sheep_model': 'strombom', 'dog_controller': 'collect_drive_multi', 'scenario_id': 'drive_to_goal', 'obs_mode': 'global', 'observation_frequency': 1, 'noise_sigma': 0.0, 'communication': 'none', 'stubborn_fraction': 0.0, 'stubborn_rs_scale': 0.25, 'stubborn_response_scale': 0.25, 'cohesion_scale': 1.0, 'initial_layout': 'compact', 'speed_scale': 1.0, 'failure_mode': 'none', 'failure_tick': -1, 'sensing_scale': 1.0, 'goal_mode': 'static', 'goal_velocity': [0.0, 0.0], 'latency': 0}",6.785775956678676,1.0,50.0,192.0,632.1132541784641,0.22930770581471485,5.117527121717873,4.436907166160951,12.488365974382011,5.117527121717873,63.6156560284285,6.785775956678676,120.27941576877133,63.6156560284285,0.5923347701121987,0.0,0.6900109591304938,0.5923347701121987,0.9767875647668395,0.64,1.0,0.9767875647668395,0.03626943005181347,0.0,1.0,0.03626943005181347,9.043238838134677,4.492609263153926,46.068221559905716,9.043238838134677,5.8479360288180215,4.987229403282524,14.213638037814528,5.8479360288180215,0.05185517333886933,0.0,0.2632518558232414,0.05185517333886933,0.9973056994818652,0.88,1.0,0.9973056994818652,0.17954636936002305,192.0,none,No failure (scenario success),[]
strombom_multi,drive_to_goal,paper,2029,strombom,collect_drive_multi,global,50,10,compact,10000,True,186,"{'world_width': 500.0, 'world_height': 500.0, 'goal_center': [370.0, 250.0], 'goal_radius': 15.0, 'max_ticks': 10000, 'measurement_radius': 5.0, 'n_sheep': 50, 'r_a': 2.0, 'r_s': 65.0, 'rs_weight': 1.0, 'n_neighbors': -1, 'c': 1.05, 'noise_strength': 0.3, 'sheep_speed': 1.0, 'inertia': 0.5, 'graze_move_prob': 0.05, 'collect_threshold_scale': 1.0, 'shepherd_speed': 1.5, 'shepherd_stop_multiple': 3.0, 'n_shepherds': 10, 'initial_spread': 30.0, 'shepherd_start_offset': 50.0, 'success_fraction': 1.0, 'sheep_model': 'strombom', 'dog_controller': 'collect_drive_multi', 'scenario_id': 'drive_to_goal', 'obs_mode': 'global', 'observation_frequency': 1, 'noise_sigma': 0.0, 'communication': 'none', 'stubborn_fraction': 0.0, 'stubborn_rs_scale': 0.25, 'stubborn_response_scale': 0.25, 'cohesion_scale': 1.0, 'initial_layout': 'compact', 'speed_scale': 1.0, 'failure_mode': 'none', 'failure_tick': -1, 'sensing_scale': 1.0, 'goal_mode': 'static', 'goal_velocity': [0.0, 0.0], 'latency': 0}",7.894937111740317,1.0,50.0,186.0,1559.4122150313774,0.22297068674362264,5.098920881843541,4.272789013004877,11.708472691668124,5.098920881843541,64.2321915871846,7.894937111740317,121.16951190358674,64.2321915871846,0.6086209335657469,0.0,0.7754668195383819,0.6086209335657469,0.9809625668449198,0.62,1.0,0.9809625668449198,0.0,0.0,0.0,0.0,8.492000383926504,4.747472004763725,26.97393897327832,8.492000383926504,5.834285280951175,4.832797307678034,12.80867954727639,5.834285280951175,0.060917106495400684,0.0,0.17620120864829636,0.060917106495400684,1.0,1.0,1.0,1.0,0.07263927632474469,186.0,none,No failure (scenario success),[]
strombom_multi,drive_to_goal,paper,2030,strombom,collect_drive_multi,global,50,10,compact,10000,True,184,"{'world_width': 500.0, 'world_height': 500.0, 'goal_center': [370.0, 250.0], 'goal_radius': 15.0, 'max_ticks': 10000, 'measurement_radius': 5.0, 'n_sheep': 50, 'r_a': 2.0, 'r_s': 65.0, 'rs_weight': 1.0, 'n_neighbors': -1, 'c': 1.05, 'noise_strength': 0.3, 'sheep_speed': 1.0, 'inertia': 0.5, 'graze_move_prob': 0.05, 'collect_threshold_scale': 1.0, 'shepherd_speed': 1.5, 'shepherd_stop_multiple': 3.0, 'n_shepherds': 10, 'initial_spread': 30.0, 'shepherd_start_offset': 50.0, 'success_fraction': 1.0, 'sheep_model': 'strombom', 'dog_controller': 'collect_drive_multi', 'scenario_id': 'drive_to_goal', 'obs_mode': 'global', 'observation_frequency': 1, 'noise_sigma': 0.0, 'communication': 'none', 'stubborn_fraction': 0.0, 'stubborn_rs_scale': 0.25, 'stubborn_response_scale': 0.25, 'cohesion_scale': 1.0, 'initial_layout': 'compact', 'speed_scale': 1.0, 'failure_mode': 'none', 'failure_tick': -1, 'sensing_scale': 1.0, 'goal_mode': 'static', 'goal_velocity': [0.0, 0.0], 'latency': 0}",8.750349888918858,1.0,50.0,184.0,1554.5280899532152,0.2611735462554515,5.163938987714333,4.131346281022114,12.488365974382011,5.163938987714333,64.37328090759266,8.750349888918858,120.27941576877133,64.37328090759266,0.6069327661581863,0.0,0.7552975425085668,0.6069327661581863,0.971891891891892,0.64,1.0,0.971891891891892,0.04864864864864865,0.0,1.0,0.04864864864864865,10.283554233045653,4.449645253866435,46.068221559905716,10.283554233045653,5.983871015559902,4.684095609656302,14.213638037814528,5.983871015559902,0.0656388038225815,0.0,0.21920606929663933,0.0656388038225815,0.9969729729729729,0.88,1.0,0.9969729729729729,0.07174464495087318,184.0,none,No failure (scenario success),[]
strombom_multi,drive_to_goal,paper,2029,strombom,collect_drive_multi,global,5,1,compact,10000,False,10000,"{'world_width': 500.0, 'world_height': 500.0, 'goal_center': [370.0, 250.0], 'goal_radius': 4.743416490252569, 'max_ticks': 10000, 'measurement_radius': 5.0, 'n_sheep': 5, 'r_a': 2.0, 'r_s': 65.0, 'rs_weight': 1.0, 'n_neighbors': -1, 'c': 1.05, 'noise_strength': 0.3, 'sheep_speed': 1.0, 'inertia': 0.5, 'graze_move_prob': 0.05, 'collect_threshold_scale': 1.0, 'shepherd_speed': 1.5, 'shepherd_stop_multiple': 3.0, 'n_shepherds': 1, 'initial_spread': 30.0, 'shepherd_start_offset': 50.0, 'success_fraction': 1.0, 'sheep_model': 'strombom', 'dog_controller': 'collect_drive_multi', 'scenario_id': 'drive_to_goal', 'obs_mode': 'global', 'observation_frequency': 1, 'noise_sigma': 0.0, 'communication': 'none', 'stubborn_fraction': 0.0, 'stubborn_rs_scale': 0.25, 'stubborn_response_scale': 0.25, 'cohesion_scale': 1.0, 'initial_layout': 'compact', 'speed_scale': 1.0, 'failure_mode': 'none', 'failure_tick': -1, 'sensing_scale': 1.0, 'goal_mode': 'static', 'goal_velocity': [0.0, 0.0], 'latency': 0}",444.7605402916535,0.0,0.0,-1.0,1809.0000000000002,0.8324025127066942,1.6599672127392429,0.7333925737385283,8.967113777422664,1.6599672127392429,413.6939903853635,6.778719322102094,445.53531061673266,413.6939903853635,0.600287769431769,0.0,0.9910864811017625,0.600287769431769,0.9993000699930007,0.4,1.0,0.9993000699930007,0.0034996500349965005,0.0,3.0,0.0034996500349965005,0.6387852269149789,0.0023568889080087885,22.562447635751568,0.6387852269149789,1.8328623396432906,0.8008680661546203,10.147491174324566,1.8328623396432906,4.729077177185448e-18,-2.220446049250313e-16,2.220446049250313e-16,4.729077177185448e-18,1.0,1.0,1.0,1.0,-0.1785890801413425,-1.0,oscillation,GCM-to-goal distance oscillated without settling,"['stuck', 'oscillation']"
strombom_multi,drive_to_goal,paper,2026,strombom,collect_drive_multi,global,100,1,compact,10000,True,205,"{'world_width': 500.0, 'world_height': 500.0, 'goal_center': [370.0, 250.0], 'goal_radius': 21.213203435596427, 'max_ticks': 10000, 'measurement_radius': 5.0, 'n_sheep': 100, 'r_a': 2.0, 'r_s': 65.0, 'rs_weight': 1.0, 'n_neighbors': -1, 'c': 1.05, 'noise_strength': 0.3, 'sheep_speed': 1.0, 'inertia': 0.5, 'graze_move_prob': 0.05, 'collect_threshold_scale': 1.0, 'shepherd_speed': 1.5, 'shepherd_stop_multiple': 3.0, 'n_shepherds': 1, 'initial_spread': 30.0, 'shepherd_start_offset': 50.0, 'success_fraction': 1.0, 'sheep_model': 'strombom', 'dog_controller': 'collect_drive_multi', 'scenario_id': 'drive_to_goal', 'obs_mode': 'global', 'observation_frequency': 1, 'noise_sigma': 0.0, 'communication': 'none', 'stubborn_fraction': 0.0, 'stubborn_rs_scale': 0.25, 'stubborn_response_scale': 0.25, 'cohesion_scale': 1.0, 'initial_layout': 'compact', 'speed_scale': 1.0, 'failure_mode': 'none', 'failure_tick': -1, 'sensing_scale': 1.0, 'goal_mode': 'static', 'goal_velocity': [0.0, 0.0], 'latency': 0}",8.026383345237251,1.0,100.0,205.0,163.22603904471472,0.19362716802861893,6.948612962070897,5.81365392297864,12.195365145314325,6.948612962070897,62.94896841371116,8.026383345237251,119.84119113895139,62.94896841371116,0.5456343119694572,0.0,0.6651115585719192,0.5456343119694572,0.9836893203883496,0.81,1.0,0.9836893203883496,0.0,0.0,0.0,0.0,17.14886259716241,12.629329051378965,43.76377952501448,17.14886259716241,8.069832313473292,6.867465471341979,13.874102153024603,8.069832313473292,3.9881797971971643e-17,-2.220446049250313e-16,2.220446049250313e-16,3.9881797971971643e-17,0.9961165048543689,0.82,1.0,0.9961165048543689,0.6850304549942745,205.0,none,No failure (scenario success),[]
strombom_multi,drive_to_goal,paper,2028,strombom,collect_drive_multi,global,5,1,compact,10000,False,10000,"{'world_width': 500.0, 'world_height': 500.0, 'goal_center': [370.0, 250.0], 'goal_radius': 4.743416490252569, 'max_ticks': 10000, 'measurement_radius': 5.0, 'n_sheep': 5, 'r_a': 2.0, 'r_s': 65.0, 'rs_weight': 1.0, 'n_neighbors': -1, 'c': 1.05, 'noise_strength': 0.3, 'sheep_speed': 1.0, 'inertia': 0.5, 'graze_move_prob': 0.05, 'collect_threshold_scale': 1.0, 'shepherd_speed': 1.5, 'shepherd_stop_multiple': 3.0, 'n_shepherds': 1, 'initial_spread': 30.0, 'shepherd_start_offset': 50.0, 'success_fraction': 1.0, 'sheep_model': 'strombom', 'dog_controller': 'collect_drive_multi', 'scenario_id': 'drive_to_goal', 'obs_mode': 'global', 'observation_frequency': 1, 'noise_sigma': 0.0, 'communication': 'none', 'stubborn_fraction': 0.0, 'stubborn_rs_scale': 0.25, 'stubborn_response_scale': 0.25, 'cohesion_scale': 1.0, 'initial_layout': 'compact', 'speed_scale': 1.0, 'failure_mode': 'none', 'failure_tick': -1, 'sensing_scale': 1.0, 'goal_mode': 'static', 'goal_velocity': [0.0, 0.0], 'latency': 0}",444.93762519660766,0.0,0.0,-1.0,802.4999999999999,0.6746842194934182,1.6006222752534325,0.653420986844411,9.616218832477644,1.6006222752534325,423.2511289624649,9.943207088103165,445.56526479154445,423.2511289624649,0.5700463934693877,0.0,0.9892019703739974,0.5700463934693877,0.9994800519948005,0.4,1.0,0.9994800519948005,0.003999600039996,0.0,4.0,0.003999600039996,0.5852989921202091,0.011236903903609503,35.01720615091912,0.5852989921202091,1.7615344735684375,0.6760552327159612,11.291096969958978,1.7615344735684375,1.798381461746579e-18,-2.220446049250313e-16,2.220446049250313e-16,1.798381461746579e-18,1.0,1.0,1.0,1.0,-0.39796365028903335,-1.0,oscillation,GCM-to-goal distance oscillated without settling,"['stuck', 'oscillation']"
strombom_multi,drive_to_goal,paper,2030,strombom,collect_drive_multi,global,5,1,compact,10000,False,10000,"{'world_width': 500.0, 'world_height': 500.0, 'goal_center': [370.0, 250.0], 'goal_radius': 4.743416490252569, 'max_ticks': 10000, 'measurement_radius': 5.0, 'n_sheep': 5, 'r_a': 2.0, 'r_s': 65.0, 'rs_weight': 1.0, 'n_neighbors': -1, 'c': 1.05, 'noise_strength': 0.3, 'sheep_speed': 1.0, 'inertia': 0.5, 'graze_move_prob': 0.05, 'collect_threshold_scale': 1.0, 'shepherd_speed': 1.5, 'shepherd_stop_multiple': 3.0, 'n_shepherds': 1, 'initial_spread': 30.0, 'shepherd_start_offset': 50.0, 'success_fraction': 1.0, 'sheep_model': 'strombom', 'dog_controller': 'collect_drive_multi', 'scenario_id': 'drive_to_goal', 'obs_mode': 'global', 'observation_frequency': 1, 'noise_sigma': 0.0, 'communication': 'none', 'stubborn_fraction': 0.0, 'stubborn_rs_scale': 0.25, 'stubborn_response_scale': 0.25, 'cohesion_scale': 1.0, 'initial_layout': 'compact', 'speed_scale': 1.0, 'failure_mode': 'none', 'failure_tick': -1, 'sensing_scale': 1.0, 'goal_mode': 'static', 'goal_velocity': [0.0, 0.0], 'latency': 0}",444.6879739185465,0.0,0.0,-1.0,2200.5,1.3822588860436156,1.690539306273309,0.6116568499490789,16.849493972505904,1.690539306273309,415.68211011176885,60.46311753881802,445.55332297657566,415.68211011176885,0.6133397616464671,0.0,0.9876586992235966,0.6133397616464671,0.9980801919808019,0.2,1.0,0.9980801919808019,0.010698930106989302,0.0,5.0,0.010698930106989302,0.7906339029259488,0.009825091555541536,63.089594948488205,0.7906339029259488,1.8706192568505706,0.6731958274033432,18.507609238508987,1.8706192568505706,6.127818314099454e-18,-2.220446049250313e-16,2.220446049250313e-16,6.127818314099454e-18,0.9996500349965004,0.5,1.0,0.9996500349965004,-0.1492892159394433,-1.0,oscillation,GCM-to-goal distance oscillated without settling,"['stuck', 'oscillation']"
strombom_multi,drive_to_goal,paper,2030,strombom,collect_drive_multi,global,10,1,compact,10000,False,10000,"{'world_width': 500.0, 'world_height': 500.0, 'goal_center': [370.0, 250.0], 'goal_radius': 6.7082039324993685, 'max_ticks': 10000, 'measurement_radius': 5.0, 'n_sheep': 10, 'r_a': 2.0, 'r_s': 65.0, 'rs_weight': 1.0, 'n_neighbors': -1, 'c': 1.05, 'noise_strength': 0.3, 'sheep_speed': 1.0, 'inertia': 0.5, 'graze_move_prob': 0.05, 'collect_threshold_scale': 1.0, 'shepherd_speed': 1.5, 'shepherd_stop_multiple': 3.0, 'n_shepherds': 1, 'initial_spread': 30.0, 'shepherd_start_offset': 50.0, 'success_fraction': 1.0, 'sheep_model': 'strombom', 'dog_controller': 'collect_drive_multi', 'scenario_id': 'drive_to_goal', 'obs_mode': 'global', 'observation_frequency': 1, 'noise_sigma': 0.0, 'communication': 'none', 'stubborn_fraction': 0.0, 'stubborn_rs_scale': 0.25, 'stubborn_response_scale': 0.25, 'cohesion_scale': 1.0, 'initial_layout': 'compact', 'speed_scale': 1.0, 'failure_mode': 'none', 'failure_tick': -1, 'sensing_scale': 1.0, 'goal_mode': 'static', 'goal_velocity': [0.0, 0.0], 'latency': 0}",372.7989208719847,0.0,0.0,-1.0,6096.266955186601,1.1859000388327252,2.652727960287414,1.2736864624704023,16.176649280945135,2.652727960287414,378.2673208161283,7.077242841763476,444.6164237618101,378.2673208161283,0.6715833469637174,0.0,0.9580319599716035,0.6715833469637174,0.9959204079592041,0.1,1.0,0.9959204079592041,0.014698530146985302,0.0,8.0,0.014698530146985302,1.9696888331120104,0.23737362861436676,46.527678897666945,1.9696888331120104,2.985837296407811,1.421392178231682,17.555957987428933,2.985837296407811,1.636305107786702e-17,-2.220446049250313e-16,2.220446049250313e-16,1.636305107786702e-17,0.9998000199980002,0.4,1.0,0.9998000199980002,-0.0416108042295416,-1.0,stuck,Little GCM-to-goal progress near the end of the run,['stuck']
strombom_multi,drive_to_goal,paper,2027,strombom,collect_drive_multi,global,100,1,compact,10000,True,199,"{'world_width': 500.0, 'world_height': 500.0, 'goal_center': [370.0, 250.0], 'goal_radius': 21.213203435596427, 'max_ticks': 10000, 'measurement_radius': 5.0, 'n_sheep': 100, 'r_a': 2.0, 'r_s': 65.0, 'rs_weight': 1.0, 'n_neighbors': -1, 'c': 1.05, 'noise_strength': 0.3, 'sheep_speed': 1.0, 'inertia': 0.5, 'graze_move_prob': 0.05, 'collect_threshold_scale': 1.0, 'shepherd_speed': 1.5, 'shepherd_stop_multiple': 3.0, 'n_shepherds': 1, 'initial_spread': 30.0, 'shepherd_start_offset': 50.0, 'success_fraction': 1.0, 'sheep_model': 'strombom', 'dog_controller': 'collect_drive_multi', 'scenario_id': 'drive_to_goal', 'obs_mode': 'global', 'observation_frequency': 1, 'noise_sigma': 0.0, 'communication': 'none', 'stubborn_fraction': 0.0, 'stubborn_rs_scale': 0.25, 'stubborn_response_scale': 0.25, 'cohesion_scale': 1.0, 'initial_layout': 'compact', 'speed_scale': 1.0, 'failure_mode': 'none', 'failure_tick': -1, 'sensing_scale': 1.0, 'goal_mode': 'static', 'goal_velocity': [0.0, 0.0], 'latency': 0}",9.278151424056981,1.0,100.0,199.0,156.99663376300782,0.028595665491823876,6.92012104587999,5.505543889528646,11.974873727693602,6.92012104587999,63.467992037394,9.278151424056981,118.70628234556301,63.467992037394,0.5488573426361749,0.0,0.6475114555896465,0.5488573426361749,0.9883500000000001,0.89,1.0,0.9883500000000001,0.0,0.0,0.0,0.0,15.518061174603295,7.867129307563639,33.83655619292399,15.518061174603295,7.946980589615098,6.197456419791196,13.3129319455607,7.946980589615098,3.164135620181696e-17,-2.220446049250313e-16,2.220446049250313e-16,3.164135620181696e-17,0.9991,0.9,1.0,0.9991,0.6970094090468959,199.0,none,No failure (scenario success),[]
strombom_multi,drive_to_goal,paper,2028,strombom,collect_drive_multi,global,100,1,compact,10000,True,204,"{'world_width': 500.0, 'world_height': 500.0, 'goal_center': [370.0, 250.0], 'goal_radius': 21.213203435596427, 'max_ticks': 10000, 'measurement_radius': 5.0, 'n_sheep': 100, 'r_a': 2.0, 'r_s': 65.0, 'rs_weight': 1.0, 'n_neighbors': -1, 'c': 1.05, 'noise_strength': 0.3, 'sheep_speed': 1.0, 'inertia': 0.5, 'graze_move_prob': 0.05, 'collect_threshold_scale': 1.0, 'shepherd_speed': 1.5, 'shepherd_stop_multiple': 3.0, 'n_shepherds': 1, 'initial_spread': 30.0, 'shepherd_start_offset': 50.0, 'success_fraction': 1.0, 'sheep_model': 'strombom', 'dog_controller': 'collect_drive_multi', 'scenario_id': 'drive_to_goal', 'obs_mode': 'global', 'observation_frequency': 1, 'noise_sigma': 0.0, 'communication': 'none', 'stubborn_fraction': 0.0, 'stubborn_rs_scale': 0.25, 'stubborn_response_scale': 0.25, 'cohesion_scale': 1.0, 'initial_layout': 'compact', 'speed_scale': 1.0, 'failure_mode': 'none', 'failure_tick': -1, 'sensing_scale': 1.0, 'goal_mode': 'static', 'goal_velocity': [0.0, 0.0], 'latency': 0}",9.703386548476578,1.0,100.0,204.0,164.62649213997386,0.1218873427220529,6.748197645785921,5.465961967108617,11.063974804786936,6.748197645785921,65.03166193675396,9.703386548476578,121.30250887459776,65.03166193675396,0.5466902583763742,0.0,0.6474707113982349,0.5466902583763742,0.9872195121951219,0.86,1.0,0.9872195121951219,0.0,0.0,0.0,0.0,14.968903064439138,7.78442669785985,41.855293069901585,14.968903064439138,7.757414462306286,6.1559014731292585,12.81666226249493,7.757414462306286,2.978647139238225e-17,-2.220446049250313e-16,2.220446049250313e-16,2.978647139238225e-17,0.9970731707317073,0.82,1.0,0.9970731707317073,0.6778928523316521,204.0,none,No failure (scenario success),[]
strombom_multi,drive_to_goal,paper,2026,strombom,collect_drive_multi,global,50,10,compact,10000,True,186,"{'world_width': 500.0, 'world_height': 500.0, 'goal_center': [370.0, 250.0], 'goal_radius': 15.0, 'max_ticks': 10000, 'measurement_radius': 5.0, 'n_sheep': 50, 'r_a': 2.0, 'r_s': 65.0, 'rs_weight': 1.0, 'n_neighbors': -1, 'c': 1.05, 'noise_strength': 0.3, 'sheep_speed': 1.0, 'inertia': 0.5, 'graze_move_prob': 0.05, 'collect_threshold_scale': 1.0, 'shepherd_speed': 1.5, 'shepherd_stop_multiple': 3.0, 'n_shepherds': 10, 'initial_spread': 30.0, 'shepherd_start_offset': 50.0, 'success_fraction': 1.0, 'sheep_model': 'strombom', 'dog_controller': 'collect_drive_multi', 'scenario_id': 'drive_to_goal', 'obs_mode': 'global', 'observation_frequency': 1, 'noise_sigma': 0.0, 'communication': 'none', 'stubborn_fraction': 0.0, 'stubborn_rs_scale': 0.25, 'stubborn_response_scale': 0.25, 'cohesion_scale': 1.0, 'initial_layout': 'compact', 'speed_scale': 1.0, 'failure_mode': 'none', 'failure_tick': -1, 'sensing_scale': 1.0, 'goal_mode': 'static', 'goal_velocity': [0.0, 0.0], 'latency': 0}",7.374524200516307,1.0,50.0,186.0,1594.450914918259,0.22268742281909326,5.048136257650079,4.409078184680887,11.10817369177783,5.048136257650079,63.704260716240476,7.374524200516307,120.61711919953515,63.704260716240476,0.6093270065014161,0.0,0.7690172675958183,0.6093270065014161,0.978288770053476,0.54,1.0,0.978288770053476,0.08021390374331551,0.0,1.0,0.08021390374331551,9.099434870472514,4.318205665205003,42.59761404440921,9.099434870472514,5.801544727269068,4.963236272868377,12.88367714633964,5.801544727269068,0.06568840335378147,0.0,0.23002835658743348,0.06568840335378147,0.9976470588235294,0.88,1.0,0.9976470588235294,0.07102294209215235,186.0,none,No failure (scenario success),[]
strombom_multi,drive_to_goal,paper,2029,strombom,collect_drive_multi,global,100,1,compact,10000,True,201,"{'world_width': 500.0, 'world_height': 500.0, 'goal_center': [370.0, 250.0], 'goal_radius': 21.213203435596427, 'max_ticks': 10000, 'measurement_radius': 5.0, 'n_sheep': 100, 'r_a': 2.0, 'r_s': 65.0, 'rs_weight': 1.0, 'n_neighbors': -1, 'c': 1.05, 'noise_strength': 0.3, 'sheep_speed': 1.0, 'inertia': 0.5, 'graze_move_prob': 0.05, 'collect_threshold_scale': 1.0, 'shepherd_speed': 1.5, 'shepherd_stop_multiple': 3.0, 'n_shepherds': 1, 'initial_spread': 30.0, 'shepherd_start_offset': 50.0, 'success_fraction': 1.0, 'sheep_model': 'strombom', 'dog_controller': 'collect_drive_multi', 'scenario_id': 'drive_to_goal', 'obs_mode': 'global', 'observation_frequency': 1, 'noise_sigma': 0.0, 'communication': 'none', 'stubborn_fraction': 0.0, 'stubborn_rs_scale': 0.25, 'stubborn_response_scale': 0.25, 'cohesion_scale': 1.0, 'initial_layout': 'compact', 'speed_scale': 1.0, 'failure_mode': 'none', 'failure_tick': -1, 'sensing_scale': 1.0, 'goal_mode': 'static', 'goal_velocity': [0.0, 0.0], 'latency': 0}",9.429254301230227,1.0,100.0,201.0,157.77710916256873,0.17808137741621774,6.898759705738329,5.819699286658557,11.392425001976669,6.898759705738329,64.05955836390746,9.429254301230227,120.35620786445227,64.05955836390746,0.5508340104639408,0.0,0.649521096617969,0.5508340104639408,0.9884653465346536,0.88,1.0,0.9884653465346536,0.0,0.0,0.0,0.0,16.382418968185988,12.131690534739926,35.735133035099594,16.382418968185988,7.9885157014180965,6.816659444365452,12.865554028519826,7.9885157014180965,4.067153654567405e-17,-2.220446049250313e-16,2.220446049250313e-16,4.067153654567405e-17,0.9982178217821781,0.86,1.0,0.9982178217821781,0.7030611357502201,201.0,none,No failure (scenario success),[]
strombom_multi,drive_to_goal,paper,2030,strombom,collect_drive_multi,global,100,1,compact,10000,True,204,"{'world_width': 500.0, 'world_height': 500.0, 'goal_center': [370.0, 250.0], 'goal_radius': 21.213203435596427, 'max_ticks': 10000, 'measurement_radius': 5.0, 'n_sheep': 100, 'r_a': 2.0, 'r_s': 65.0, 'rs_weight': 1.0, 'n_neighbors': -1, 'c': 1.05, 'noise_strength': 0.3, 'sheep_speed': 1.0, 'inertia': 0.5, 'graze_move_prob': 0.05, 'collect_threshold_scale': 1.0, 'shepherd_speed': 1.5, 'shepherd_stop_multiple': 3.0, 'n_shepherds': 1, 'initial_spread': 30.0, 'shepherd_start_offset': 50.0, 'success_fraction': 1.0, 'sheep_model': 'strombom', 'dog_controller': 'collect_drive_multi', 'scenario_id': 'drive_to_goal', 'obs_mode': 'global', 'observation_frequency': 1, 'noise_sigma': 0.0, 'communication': 'none', 'stubborn_fraction': 0.0, 'stubborn_rs_scale': 0.25, 'stubborn_response_scale': 0.25, 'cohesion_scale': 1.0, 'initial_layout': 'compact', 'speed_scale': 1.0, 'failure_mode': 'none', 'failure_tick': -1, 'sensing_scale': 1.0, 'goal_mode': 'static', 'goal_velocity': [0.0, 0.0], 'latency': 0}",10.264215683809509,1.0,100.0,204.0,156.23557239884687,0.12729825442956064,6.794263556577374,5.655002262074683,11.115050666746765,6.794263556577374,65.05698361797258,10.264215683809509,120.71510099556127,65.05698361797258,0.5420562384643055,0.0,0.6502841730687108,0.5420562384643055,0.9895121951219513,0.86,1.0,0.9895121951219513,0.0,0.0,0.0,0.0,15.279422207903288,9.485028785417006,42.76117383416059,15.279422207903288,7.81797188442549,6.484608691422869,12.895949951768126,7.81797188442549,2.978647139238225e-17,0.0,2.220446049250313e-16,2.978647139238225e-17,0.9978536585365854,0.9,1.0,0.9978536585365854,0.7069509434751939,204.0,none,No failure (scenario success),[]
strombom_multi,drive_to_goal,paper,2028,strombom,collect_drive_multi,global,50,10,compact,10000,True,186,"{'world_width': 500.0, 'world_height': 500.0, 'goal_center': [370.0, 250.0], 'goal_radius': 15.0, 'max_ticks': 10000, 'measurement_radius': 5.0, 'n_sheep': 50, 'r_a': 2.0, 'r_s': 65.0, 'rs_weight': 1.0, 'n_neighbors': -1, 'c': 1.05, 'noise_strength': 0.3, 'sheep_speed': 1.0, 'inertia': 0.5, 'graze_move_prob': 0.05, 'collect_threshold_scale': 1.0, 'shepherd_speed': 1.5, 'shepherd_stop_multiple': 3.0, 'n_shepherds': 10, 'initial_spread': 30.0, 'shepherd_start_offset': 50.0, 'success_fraction': 1.0, 'sheep_model': 'strombom', 'dog_controller': 'collect_drive_multi', 'scenario_id': 'drive_to_goal', 'obs_mode': 'global', 'observation_frequency': 1, 'noise_sigma': 0.0, 'communication': 'none', 'stubborn_fraction': 0.0, 'stubborn_rs_scale': 0.25, 'stubborn_response_scale': 0.25, 'cohesion_scale': 1.0, 'initial_layout': 'compact', 'speed_scale': 1.0, 'failure_mode': 'none', 'failure_tick': -1, 'sensing_scale': 1.0, 'goal_mode': 'static', 'goal_velocity': [0.0, 0.0], 'latency': 0}",8.498111586264779,1.0,50.0,186.0,1557.018773495098,0.1353910744817836,5.022775314649063,4.192409604441068,11.862355236872611,5.022775314649063,64.04738429881266,8.498111586264779,119.52032385728934,64.04738429881266,0.5967053513278421,0.0,0.7257199731425625,0.5967053513278421,0.9768983957219252,0.64,1.0,0.9768983957219252,0.0,0.0,0.0,0.0,8.316491411262689,4.0752359729948955,38.86328068246716,8.316491411262689,5.7264473296931016,4.690607071610462,13.400699699949486,5.7264473296931016,0.060477813101222834,0.0,0.21891101341832708,0.060477813101222834,1.0,1.0,1.0,1.0,0.07130435044261468,186.0,none,No failure (scenario success),[]
strombom_multi,drive_to_goal,paper,2030,strombom,collect_drive_multi,global,100,2,compact,10000,True,191,"{'world_width': 500.0, 'world_height': 500.0, 'goal_center': [370.0, 250.0], 'goal_radius': 21.213203435596427, 'max_ticks': 10000, 'measurement_radius': 5.0, 'n_sheep': 100, 'r_a': 2.0, 'r_s': 65.0, 'rs_weight': 1.0, 'n_neighbors': -1, 'c': 1.05, 'noise_strength': 0.3, 'sheep_speed': 1.0, 'inertia': 0.5, 'graze_move_prob': 0.05, 'collect_threshold_scale': 1.0, 'shepherd_speed': 1.5, 'shepherd_stop_multiple': 3.0, 'n_shepherds': 2, 'initial_spread': 30.0, 'shepherd_start_offset': 50.0, 'success_fraction': 1.0, 'sheep_model': 'strombom', 'dog_controller': 'collect_drive_multi', 'scenario_id': 'drive_to_goal', 'obs_mode': 'global', 'observation_frequency': 1, 'noise_sigma': 0.0, 'communication': 'none', 'stubborn_fraction': 0.0, 'stubborn_rs_scale': 0.25, 'stubborn_response_scale': 0.25, 'cohesion_scale': 1.0, 'initial_layout': 'compact', 'speed_scale': 1.0, 'failure_mode': 'none', 'failure_tick': -1, 'sensing_scale': 1.0, 'goal_mode': 'static', 'goal_velocity': [0.0, 0.0], 'latency': 0}",11.50344495528049,1.0,100.0,191.0,289.8955497570662,0.05786670578770723,6.164277504146554,5.587917829580339,11.115050666746765,6.164277504146554,65.60766330517377,11.50344495528049,120.71510099556127,65.60766330517377,0.5709590897301283,0.0,0.6841912855041422,0.5709590897301283,0.9880729166666667,0.86,1.0,0.9880729166666667,0.0,0.0,0.0,0.0,12.569143056506162,8.374698574619671,42.76117383416059,12.569143056506162,7.07429035420076,6.3692416724984255,12.895949951768126,7.07429035420076,0.03568785827943979,0.0,0.4227661768272877,0.03568785827943979,0.9982291666666666,0.92,1.0,0.9982291666666666,0.37672760458655075,191.0,none,No failure (scenario success),[]
strombom_multi,drive_to_goal,paper,2030,strombom,collect_drive_multi,global,100,3,compact,10000,True,195,"{'world_width': 500.0, 'world_height': 500.0, 'goal_center': [370.0, 250.0], 'goal_radius': 21.213203435596427, 'max_ticks': 10000, 'measurement_radius': 5.0, 'n_sheep': 100, 'r_a': 2.0, 'r_s': 65.0, 'rs_weight': 1.0, 'n_neighbors': -1, 'c': 1.05, 'noise_strength': 0.3, 'sheep_speed': 1.0, 'inertia': 0.5, 'graze_move_prob': 0.05, 'collect_threshold_scale': 1.0, 'shepherd_speed': 1.5, 'shepherd_stop_multiple': 3.0, 'n_shepherds': 3, 'initial_spread': 30.0, 'shepherd_start_offset': 50.0, 'success_fraction': 1.0, 'sheep_model': 'strombom', 'dog_controller': 'collect_drive_multi', 'scenario_id': 'drive_to_goal', 'obs_mode': 'global', 'observation_frequency': 1, 'noise_sigma': 0.0, 'communication': 'none', 'stubborn_fraction': 0.0, 'stubborn_rs_scale': 0.25, 'stubborn_response_scale': 0.25, 'cohesion_scale': 1.0, 'initial_layout': 'compact', 'speed_scale': 1.0, 'failure_mode': 'none', 'failure_tick': -1, 'sensing_scale': 1.0, 'goal_mode': 'static', 'goal_velocity': [0.0, 0.0], 'latency': 0}",10.663869646982368,1.0,100.0,195.0,446.2764262312087,0.14779760871538336,6.011720098133195,5.49657359716943,11.115050666746765,6.011720098133195,65.66438413747062,10.663869646982368,120.71510099556127,65.66438413747062,0.5634525029522495,0.0,0.6578065969148027,0.5634525029522495,0.9905612244897961,0.84,1.0,0.9905612244897961,0.0,0.0,0.0,0.0,11.627866844661982,8.256726372770363,42.76117383416059,11.627866844661982,6.875913852172453,6.202342112611207,12.895949951768126,6.875913852172453,0.06124531600471294,0.0,0.2718199550925027,0.06124531600471294,0.998265306122449,0.92,1.0,0.998265306122449,0.2465988003846816,195.0,none,No failure (scenario success),[]
strombom_multi,drive_to_goal,paper,2028,strombom,collect_drive_multi,global,100,3,compact,10000,True,190,"{'world_width': 500.0, 'world_height': 500.0, 'goal_center': [370.0, 250.0], 'goal_radius': 21.213203435596427, 'max_ticks': 10000, 'measurement_radius': 5.0, 'n_sheep': 100, 'r_a': 2.0, 'r_s': 65.0, 'rs_weight': 1.0, 'n_neighbors': -1, 'c': 1.05, 'noise_strength': 0.3, 'sheep_speed': 1.0, 'inertia': 0.5, 'graze_move_prob': 0.05, 'collect_threshold_scale': 1.0, 'shepherd_speed': 1.5, 'shepherd_stop_multiple': 3.0, 'n_shepherds': 3, 'initial_spread': 30.0, 'shepherd_start_offset': 50.0, 'success_fraction': 1.0, 'sheep_model': 'strombom', 'dog_controller': 'collect_drive_multi', 'scenario_id': 'drive_to_goal', 'obs_mode': 'global', 'observation_frequency': 1, 'noise_sigma': 0.0, 'communication': 'none', 'stubborn_fraction': 0.0, 'stubborn_rs_scale': 0.25, 'stubborn_response_scale': 0.25, 'cohesion_scale': 1.0, 'initial_layout': 'compact', 'speed_scale': 1.0, 'failure_mode': 'none', 'failure_tick': -1, 'sensing_scale': 1.0, 'goal_mode': 'static', 'goal_velocity': [0.0, 0.0], 'latency': 0}",13.23116255356794,1.0,100.0,190.0,445.2346979196626,0.014122761855811641,6.054874531511465,5.601653102838551,11.063974804786936,6.054874531511465,66.9703458269223,13.23116255356794,121.30250887459776,66.9703458269223,0.5672038175915131,0.0,0.651650313193176,0.5672038175915131,0.9855497382198953,0.85,1.0,0.9855497382198953,0.0,0.0,0.0,0.0,11.981049838842704,8.137178257927031,41.855293069901585,11.981049838842704,6.944526501357346,6.369069178126681,12.81666226249493,6.944526501357346,0.0547445669154497,0.0,0.29165556596055575,0.0547445669154497,0.9993717277486911,0.96,1.0,0.9993717277486911,0.2427289400983075,190.0,none,No failure (scenario success),[]
strombom_multi,drive_to_goal,paper,2029,strombom,collect_drive_multi,global,100,3,compact,10000,True,194,"{'world_width': 500.0, 'world_height': 500.0, 'goal_center': [370.0, 250.0], 'goal_radius': 21.213203435596427, 'max_ticks': 10000, 'measurement_radius': 5.0, 'n_sheep': 100, 'r_a': 2.0, 'r_s': 65.0, 'rs_weight': 1.0, 'n_neighbors': -1, 'c': 1.05, 'noise_strength': 0.3, 'sheep_speed': 1.0, 'inertia': 0.5, 'graze_move_prob': 0.05, 'collect_threshold_scale': 1.0, 'shepherd_speed': 1.5, 'shepherd_stop_multiple': 3.0, 'n_shepherds': 3, 'initial_spread': 30.0, 'shepherd_start_offset': 50.0, 'success_fraction': 1.0, 'sheep_model': 'strombom', 'dog_controller': 'collect_drive_multi', 'scenario_id': 'drive_to_goal', 'obs_mode': 'global', 'observation_frequency': 1, 'noise_sigma': 0.0, 'communication': 'none', 'stubborn_fraction': 0.0, 'stubborn_rs_scale': 0.25, 'stubborn_response_scale': 0.25, 'cohesion_scale': 1.0, 'initial_layout': 'compact', 'speed_scale': 1.0, 'failure_mode': 'none', 'failure_tick': -1, 'sensing_scale': 1.0, 'goal_mode': 'static', 'goal_velocity': [0.0, 0.0], 'latency': 0}",11.645432308754213,1.0,100.0,194.0,444.36179481850866,0.10183788602276249,5.9744444866322945,5.403381453176926,11.392425001976669,5.9744444866322945,65.44753378466883,11.645432308754213,120.35620786445227,65.44753378466883,0.5591248414649763,0.0,0.6454672818848163,0.5591248414649763,0.9928717948717949,0.88,1.0,0.9928717948717949,0.0,0.0,0.0,0.0,10.954417490060694,8.180715985922703,35.735133035099594,10.954417490060694,6.802445017185455,6.170825332277531,12.865554028519826,6.802445017185455,0.05896796121055442,0.0,0.4228832154698873,0.05896796121055442,0.9990769230769231,0.94,1.0,0.9990769230769231,0.24464473954179378,194.0,none,No failure (scenario success),[]
strombom_multi,drive_to_goal,paper,2026,strombom,collect_drive_multi,global,100,2,compact,10000,True,193,"{'world_width': 500.0, 'world_height': 500.0, 'goal_center': [370.0, 250.0], 'goal_radius': 21.213203435596427, 'max_ticks': 10000, 'measurement_radius': 5.0, 'n_sheep': 100, 'r_a': 2.0, 'r_s': 65.0, 'rs_weight': 1.0, 'n_neighbors': -1, 'c': 1.05, 'noise_strength': 0.3, 'sheep_speed': 1.0, 'inertia': 0.5, 'graze_move_prob': 0.05, 'collect_threshold_scale': 1.0, 'shepherd_speed': 1.5, 'shepherd_stop_multiple': 3.0, 'n_shepherds': 2, 'initial_spread': 30.0, 'shepherd_start_offset': 50.0, 'success_fraction': 1.0, 'sheep_model': 'strombom', 'dog_controller': 'collect_drive_multi', 'scenario_id': 'drive_to_goal', 'obs_mode': 'global', 'observation_frequency': 1, 'noise_sigma': 0.0, 'communication': 'none', 'stubborn_fraction': 0.0, 'stubborn_rs_scale': 0.25, 'stubborn_response_scale': 0.25, 'cohesion_scale': 1.0, 'initial_layout': 'compact', 'speed_scale': 1.0, 'failure_mode': 'none', 'failure_tick': -1, 'sensing_scale': 1.0, 'goal_mode': 'static', 'goal_velocity': [0.0, 0.0], 'latency': 0}",11.769875015057455,1.0,100.0,193.0,305.0474967710869,0.1848910693733463,6.1848401478515,5.514317051598733,12.195365145314325,6.1848401478515,65.45233203322886,11.769875015057455,119.84119113895139,65.45233203322886,0.5598816158144547,0.0,0.680791339585835,0.5598816158144547,0.9851546391752578,0.81,1.0,0.9851546391752578,0.0,0.0,0.0,0.0,13.063554206661367,8.37290406613824,43.76377952501448,13.063554206661367,7.120430904814678,6.367257052470045,13.874102153024603,7.120430904814678,0.030325824226398384,0.0,0.29350733462384515,0.030325824226398384,0.9960824742268042,0.82,1.0,0.9960824742268042,0.3542770134743724,193.0,none,No failure (scenario success),[]
strombom_multi,drive_to_goal,paper,2027,strombom,collect_drive_multi,global,100,4,compact,10000,True,187,"{'world_width': 500.0, 'world_height': 500.0, 'goal_center': [370.0, 250.0], 'goal_radius': 21.213203435596427, 'max_ticks': 10000, 'measurement_radius': 5.0, 'n_sheep': 100, 'r_a': 2.0, 'r_s': 65.0, 'rs_weight': 1.0, 'n_neighbors': -1, 'c': 1.05, 'noise_strength': 0.3, 'sheep_speed': 1.0, 'inertia': 0.5, 'graze_move_prob': 0.05, 'collect_threshold_scale': 1.0, 'shepherd_speed': 1.5, 'shepherd_stop_multiple': 3.0, 'n_shepherds': 4, 'initial_spread': 30.0, 'shepherd_start_offset': 50.0, 'success_fraction': 1.0, 'sheep_model': 'strombom', 'dog_controller': 'collect_drive_multi', 'scenario_id': 'drive_to_goal', 'obs_mode': 'global', 'observation_frequency': 1, 'noise_sigma': 0.0, 'communication': 'none', 'stubborn_fraction': 0.0, 'stubborn_rs_scale': 0.25, 'stubborn_response_scale': 0.25, 'cohesion_scale': 1.0, 'initial_layout': 'compact', 'speed_scale': 1.0, 'failure_mode': 'none', 'failure_tick': -1, 'sensing_scale': 1.0, 'goal_mode': 'static', 'goal_velocity': [0.0, 0.0], 'latency': 0}",11.977885226638271,1.0,100.0,187.0,588.8668871642725,0.210565375514576,6.057257696503659,5.496953437728195,11.974873727693602,6.057257696503659,64.90527465423843,11.977885226638271,118.70628234556301,64.90527465423843,0.5696734178949049,0.0,0.6882302493276872,0.5696734178949049,0.9914893617021275,0.89,1.0,0.9914893617021275,0.0,0.0,0.0,0.0,11.352146002854283,7.802316690636757,33.83655619292399,11.352146002854283,6.9001893600156485,6.2242133933347255,13.3129319455607,6.9001893600156485,0.07210497527526794,0.0,0.28715370928566075,0.07210497527526794,0.9993617021276595,0.9,1.0,0.9993617021276595,0.18124367228879587,187.0,none,No failure (scenario success),[]
strombom_multi,drive_to_goal,paper,2027,strombom,collect_drive_multi,global,100,2,compact,10000,True,190,"{'world_width': 500.0, 'world_height': 500.0, 'goal_center': [370.0, 250.0], 'goal_radius': 21.213203435596427, 'max_ticks': 10000, 'measurement_radius': 5.0, 'n_sheep': 100, 'r_a': 2.0, 'r_s': 65.0, 'rs_weight': 1.0, 'n_neighbors': -1, 'c': 1.05, 'noise_strength': 0.3, 'sheep_speed': 1.0, 'inertia': 0.5, 'graze_move_prob': 0.05, 'collect_threshold_scale': 1.0, 'shepherd_speed': 1.5, 'shepherd_stop_multiple': 3.0, 'n_shepherds': 2, 'initial_spread': 30.0, 'shepherd_start_offset': 50.0, 'success_fraction': 1.0, 'sheep_model': 'strombom', 'dog_controller': 'collect_drive_multi', 'scenario_id': 'drive_to_goal', 'obs_mode': 'global', 'observation_frequency': 1, 'noise_sigma': 0.0, 'communication': 'none', 'stubborn_fraction': 0.0, 'stubborn_rs_scale': 0.25, 'stubborn_response_scale': 0.25, 'cohesion_scale': 1.0, 'initial_layout': 'compact', 'speed_scale': 1.0, 'failure_mode': 'none', 'failure_tick': -1, 'sensing_scale': 1.0, 'goal_mode': 'static', 'goal_velocity': [0.0, 0.0], 'latency': 0}",12.390274935223513,1.0,100.0,190.0,294.52339037446905,0.07781551891563515,6.082756395028552,5.252623703291822,11.974873727693602,6.082756395028552,64.78874421100323,12.390274935223513,118.70628234556301,64.78874421100323,0.5585302938592166,0.0,0.6651093319945618,0.5585302938592166,0.9923560209424085,0.89,1.0,0.9923560209424085,0.0,0.0,0.0,0.0,11.383012071714166,7.470661690713899,33.83655619292399,11.383012071714166,6.926797870665514,5.942966984473564,13.3129319455607,6.926797870665514,0.04021015216409644,0.0,0.33079689557759917,0.04021015216409644,0.9989528795811519,0.9,1.0,0.9989528795811519,0.3609764483396887,190.0,none,No failure (scenario success),[]
strombom_multi,drive_to_goal,paper,2028,strombom,collect_drive_multi,global,100,4,compact,10000,True,193,"{'world_width': 500.0, 'world_height': 500.0, 'goal_center': [370.0, 250.0], 'goal_radius': 21.213203435596427, 'max_ticks': 10000, 'measurement_radius': 5.0, 'n_sheep': 100, 'r_a': 2.0, 'r_s': 65.0, 'rs_weight': 1.0, 'n_neighbors': -1, 'c': 1.05, 'noise_strength': 0.3, 'sheep_speed': 1.0, 'inertia': 0.5, 'graze_move_prob': 0.05, 'collect_threshold_scale': 1.0, 'shepherd_speed': 1.5, 'shepherd_stop_multiple': 3.0, 'n_shepherds': 4, 'initial_spread': 30.0, 'shepherd_start_offset': 50.0, 'success_fraction': 1.0, 'sheep_model': 'strombom', 'dog_controller': 'collect_drive_multi', 'scenario_id': 'drive_to_goal', 'obs_mode': 'global', 'observation_frequency': 1, 'noise_sigma': 0.0, 'communication': 'none', 'stubborn_fraction': 0.0, 'stubborn_rs_scale': 0.25, 'stubborn_response_scale': 0.25, 'cohesion_scale': 1.0, 'initial_layout': 'compact', 'speed_scale': 1.0, 'failure_mode': 'none', 'failure_tick': -1, 'sensing_scale': 1.0, 'goal_mode': 'static', 'goal_velocity': [0.0, 0.0], 'latency': 0}",11.73011099127726,1.0,100.0,193.0,603.7664414632012,0.07314727851917359,5.959491311688723,5.360538279321235,11.063974804786936,5.959491311688723,65.9262169650108,11.73011099127726,121.30250887459776,65.9262169650108,0.5666925949989804,0.0,0.6548517548768223,0.5666925949989804,0.9877319587628867,0.85,1.0,0.9877319587628867,0.0,0.0,0.0,0.0,11.124241585343533,8.094145571558027,41.855293069901585,11.124241585343533,6.797280544719537,6.190159963969868,12.81666226249493,6.797280544719537,0.06817866227006178,0.0,0.25984116715158534,0.06817866227006178,0.999381443298969,0.96,1.0,0.999381443298969,0.18148143116032858,193.0,none,No failure (scenario success),[]
strombom_multi,drive_to_goal,paper,2028,strombom,collect_drive_multi,global,100,2,compact,10000,True,194,"{'world_width': 500.0, 'world_height': 500.0, 'goal_center': [370.0, 250.0], 'goal_radius': 21.213203435596427, 'max_ticks': 10000, 'measurement_radius': 5.0, 'n_sheep': 100, 'r_a': 2.0, 'r_s': 65.0, 'rs_weight': 1.0, 'n_neighbors': -1, 'c': 1.05, 'noise_strength': 0.3, 'sheep_speed': 1.0, 'inertia': 0.5, 'graze_move_prob': 0.05, 'collect_threshold_scale': 1.0, 'shepherd_speed': 1.5, 'shepherd_stop_multiple': 3.0, 'n_shepherds': 2, 'initial_spread': 30.0, 'shepherd_start_offset': 50.0, 'success_fraction': 1.0, 'sheep_model': 'strombom', 'dog_controller': 'collect_drive_multi', 'scenario_id': 'drive_to_goal', 'obs_mode': 'global', 'observation_frequency': 1, 'noise_sigma': 0.0, 'communication': 'none', 'stubborn_fraction': 0.0, 'stubborn_rs_scale': 0.25, 'stubborn_response_scale': 0.25, 'cohesion_scale': 1.0, 'initial_layout': 'compact', 'speed_scale': 1.0, 'failure_mode': 'none', 'failure_tick': -1, 'sensing_scale': 1.0, 'goal_mode': 'static', 'goal_velocity': [0.0, 0.0], 'latency': 0}",12.052660384239733,1.0,100.0,194.0,297.5289366996917,0.285569100804024,6.091165569885952,5.535749840144765,11.063974804786936,6.091165569885952,66.23190874197203,12.052660384239733,121.30250887459776,66.23190874197203,0.5620814520532706,0.0,0.6682002348263619,0.5620814520532706,0.9861025641025642,0.86,1.0,0.9861025641025642,0.0,0.0,0.0,0.0,11.971520960034072,8.38941033344571,41.855293069901585,11.971520960034072,6.973482180306585,6.265554105754768,12.81666226249493,6.973482180306585,0.034122337032192286,0.0,0.33117660551565353,0.034122337032192286,0.9993846153846153,0.96,1.0,0.9993846153846153,0.3671906662330072,194.0,none,No failure (scenario success),[]
strombom_multi,drive_to_goal,paper,2030,strombom,collect_drive_multi,global,100,4,compact,10000,True,195,"{'world_width': 500.0, 'world_height': 500.0, 'goal_center': [370.0, 250.0], 'goal_radius': 21.213203435596427, 'max_ticks': 10000, 'measurement_radius': 5.0, 'n_sheep': 100, 'r_a': 2.0, 'r_s': 65.0, 'rs_weight': 1.0, 'n_neighbors': -1, 'c': 1.05, 'noise_strength': 0.3, 'sheep_speed': 1.0, 'inertia': 0.5, 'graze_move_prob': 0.05, 'collect_threshold_scale': 1.0, 'shepherd_speed': 1.5, 'shepherd_stop_multiple': 3.0, 'n_shepherds': 4, 'initial_spread': 30.0, 'shepherd_start_offset': 50.0, 'success_fraction': 1.0, 'sheep_model': 'strombom', 'dog_controller': 'collect_drive_multi', 'scenario_id': 'drive_to_goal', 'obs_mode': 'global', 'observation_frequency': 1, 'noise_sigma': 0.0, 'communication': 'none', 'stubborn_fraction': 0.0, 'stubborn_rs_scale': 0.25, 'stubborn_response_scale': 0.25, 'cohesion_scale': 1.0, 'initial_layout': 'compact', 'speed_scale': 1.0, 'failure_mode': 'none', 'failure_tick': -1, 'sensing_scale': 1.0, 'goal_mode': 'static', 'goal_velocity': [0.0, 0.0], 'latency': 0}",11.668054280072692,1.0,100.0,195.0,591.2214622261293,0.10899436004624638,6.00732502109502,5.430062234775607,11.115050666746765,6.00732502109502,65.76878658540286,11.668054280072692,120.71510099556127,65.76878658540286,0.558961204132383,0.0,0.6765586904372882,0.558961204132383,0.9870408163265305,0.86,1.0,0.9870408163265305,0.0,0.0,0.0,0.0,11.722023920086077,8.246385181388211,42.76117383416059,11.722023920086077,6.8769745748928885,6.24468903968099,12.895949951768126,6.8769745748928885,0.07367506590279642,0.0,0.32550600967528454,0.07367506590279642,0.998061224489796,0.92,1.0,0.998061224489796,0.18444365382963795,195.0,none,No failure (scenario success),[]
strombom_multi,drive_to_goal,paper,2027,strombom,collect_drive_multi,global,100,3,compact,10000,True,190,"{'world_width': 500.0, 'world_height': 500.0, 'goal_center': [370.0, 250.0], 'goal_radius': 21.213203435596427, 'max_ticks': 10000, 'measurement_radius': 5.0, 'n_sheep': 100, 'r_a': 2.0, 'r_s': 65.0, 'rs_weight': 1.0, 'n_neighbors': -1, 'c': 1.05, 'noise_strength': 0.3, 'sheep_speed': 1.0, 'inertia': 0.5, 'graze_move_prob': 0.05, 'collect_threshold_scale': 1.0, 'shepherd_speed': 1.5, 'shepherd_stop_multiple': 3.0, 'n_shepherds': 3, 'initial_spread': 30.0, 'shepherd_start_offset': 50.0, 'success_fraction': 1.0, 'sheep_model': 'strombom', 'dog_controller': 'collect_drive_multi', 'scenario_id': 'drive_to_goal', 'obs_mode': 'global', 'observation_frequency': 1, 'noise_sigma': 0.0, 'communication': 'none', 'stubborn_fraction': 0.0, 'stubborn_rs_scale': 0.25, 'stubborn_response_scale': 0.25, 'cohesion_scale': 1.0, 'initial_layout': 'compact', 'speed_scale': 1.0, 'failure_mode': 'none', 'failure_tick': -1, 'sensing_scale': 1.0, 'goal_mode': 'static', 'goal_velocity': [0.0, 0.0], 'latency': 0}",11.653207099646904,1.0,100.0,190.0,446.8157211055601,0.2552235860354239,6.038491222726081,5.477997462091921,11.974873727693602,6.038491222726081,64.98183655207156,11.653207099646904,118.70628234556301,64.98183655207156,0.5622710367824941,0.0,0.6544198742847267,0.5622710367824941,0.9891099476439792,0.87,1.0,0.9891099476439792,0.0,0.0,0.0,0.0,11.381271958933368,8.142056209084954,33.83655619292399,11.381271958933368,6.891625010679788,6.217561918353815,13.3129319455607,6.891625010679788,0.06839163076549232,0.0,0.36062517489686696,0.06839163076549232,0.9990575916230366,0.9,1.0,0.9990575916230366,0.23959111147887485,190.0,none,No failure (scenario success),[]
strombom_multi,drive_to_goal,paper,2029,strombom,collect_drive_multi,global,100,2,compact,10000,True,194,"{'world_width': 500.0, 'world_height': 500.0, 'goal_center': [370.0, 250.0], 'goal_radius': 21.213203435596427, 'max_ticks': 10000, 'measurement_radius': 5.0, 'n_sheep': 100, 'r_a': 2.0, 'r_s': 65.0, 'rs_weight': 1.0, 'n_neighbors': -1, 'c': 1.05, 'noise_strength': 0.3, 'sheep_speed': 1.0, 'inertia': 0.5, 'graze_move_prob': 0.05, 'collect_threshold_scale': 1.0, 'shepherd_speed': 1.5, 'shepherd_stop_multiple': 3.0, 'n_shepherds': 2, 'initial_spread': 30.0, 'shepherd_start_offset': 50.0, 'success_fraction': 1.0, 'sheep_model': 'strombom', 'dog_controller': 'collect_drive_multi', 'scenario_id': 'drive_to_goal', 'obs_mode': 'global', 'observation_frequency': 1, 'noise_sigma': 0.0, 'communication': 'none', 'stubborn_fraction': 0.0, 'stubborn_rs_scale': 0.25, 'stubborn_response_scale': 0.25, 'cohesion_scale': 1.0, 'initial_layout': 'compact', 'speed_scale': 1.0, 'failure_mode': 'none', 'failure_tick': -1, 'sensing_scale': 1.0, 'goal_mode': 'static', 'goal_velocity': [0.0, 0.0], 'latency': 0}",11.909382845873402,1.0,100.0,194.0,297.6382563223014,0.09687236699917043,6.164252009742776,5.426543563143882,11.392425001976669,6.164252009742776,66.09074322784717,11.909382845873402,120.35620786445227,66.09074322784717,0.5580629332095378,0.0,0.6514661417872328,0.5580629332095378,0.9913846153846153,0.88,1.0,0.9913846153846153,0.0,0.0,0.0,0.0,12.063252135594853,7.715925450709018,35.735133035099594,12.063252135594853,7.053181758607573,6.133762287091436,12.865554028519826,7.053181758607573,0.048780806923562396,0.0,0.42437113656360925,0.048780806923562396,0.9991794871794872,0.94,1.0,0.9991794871794872,0.36435781595611094,194.0,none,No failure (scenario success),[]
strombom_multi,drive_to_goal,paper,2026,strombom,collect_drive_multi,global,100,6,compact,10000,True,189,"{'world_width': 500.0, 'world_height': 500.0, 'goal_center': [370.0, 250.0], 'goal_radius': 21.213203435596427, 'max_ticks': 10000, 'measurement_radius': 5.0, 'n_sheep': 100, 'r_a': 2.0, 'r_s': 65.0, 'rs_weight': 1.0, 'n_neighbors': -1, 'c': 1.05, 'noise_strength': 0.3, 'sheep_speed': 1.0, 'inertia': 0.5, 'graze_move_prob': 0.05, 'collect_threshold_scale': 1.0, 'shepherd_speed': 1.5, 'shepherd_stop_multiple': 3.0, 'n_shepherds': 6, 'initial_spread': 30.0, 'shepherd_start_offset': 50.0, 'success_fraction': 1.0, 'sheep_model': 'strombom', 'dog_controller': 'collect_drive_multi', 'scenario_id': 'drive_to_goal', 'obs_mode': 'global', 'observation_frequency': 1, 'noise_sigma': 0.0, 'communication': 'none', 'stubborn_fraction': 0.0, 'stubborn_rs_scale': 0.25, 'stubborn_response_scale': 0.25, 'cohesion_scale': 1.0, 'initial_layout': 'compact', 'speed_scale': 1.0, 'failure_mode': 'none', 'failure_tick': -1, 'sensing_scale': 1.0, 'goal_mode': 'static', 'goal_velocity': [0.0, 0.0], 'latency': 0}",13.278523486030853,1.0,100.0,189.0,899.8546869582661,0.11153427811925985,5.971573096008117,5.153499271452229,12.195365145314325,5.971573096008117,66.3408603273208,13.278523486030853,119.84119113895139,66.3408603273208,0.5631516139094006,0.0,0.6610149081066832,0.5631516139094006,0.988578947368421,0.81,1.0,0.988578947368421,0.0,0.0,0.0,0.0,11.937796557826754,6.840058228100098,43.76377952501448,11.937796557826754,6.846485372883311,5.862535468270277,13.874102153024603,6.846485372883311,0.07910903324491343,0.0,0.267629408197392,0.07910903324491343,0.9976842105263158,0.92,1.0,0.9976842105263158,0.11842208436245301,189.0,none,No failure (scenario success),[]
strombom_multi,drive_to_goal,paper,2027,strombom,collect_drive_multi,global,100,6,compact,10000,True,186,"{'world_width': 500.0, 'world_height': 500.0, 'goal_center': [370.0, 250.0], 'goal_radius': 21.213203435596427, 'max_ticks': 10000, 'measurement_radius': 5.0, 'n_sheep': 100, 'r_a': 2.0, 'r_s': 65.0, 'rs_weight': 1.0, 'n_neighbors': -1, 'c': 1.05, 'noise_strength': 0.3, 'sheep_speed': 1.0, 'inertia': 0.5, 'graze_move_prob': 0.05, 'collect_threshold_scale': 1.0, 'shepherd_speed': 1.5, 'shepherd_stop_multiple': 3.0, 'n_shepherds': 6, 'initial_spread': 30.0, 'shepherd_start_offset': 50.0, 'success_fraction': 1.0, 'sheep_model': 'strombom', 'dog_controller': 'collect_drive_multi', 'scenario_id': 'drive_to_goal', 'obs_mode': 'global', 'observation_frequency': 1, 'noise_sigma': 0.0, 'communication': 'none', 'stubborn_fraction': 0.0, 'stubborn_rs_scale': 0.25, 'stubborn_response_scale': 0.25, 'cohesion_scale': 1.0, 'initial_layout': 'compact', 'speed_scale': 1.0, 'failure_mode': 'none', 'failure_tick': -1, 'sensing_scale': 1.0, 'goal_mode': 'static', 'goal_velocity': [0.0, 0.0], 'latency': 0}",13.039449500908205,1.0,100.0,186.0,887.6881334705696,0.225307131756673,5.966626990764041,5.350099854872185,11.974873727693602,5.966626990764041,65.8518353132889,13.039449500908205,118.70628234556301,65.8518353132889,0.5666210885034414,0.0,0.6535307610790545,0.5666210885034414,0.9922994652406417,0.87,1.0,0.9922994652406417,0.0,0.0,0.0,0.0,10.675307412214327,7.734140774108677,33.83655619292399,10.675307412214327,6.775905541411506,6.043305326993415,13.3129319455607,6.775905541411506,0.07745628608554855,0.0,0.2573499139240606,0.07745628608554855,0.9993582887700535,0.9,1.0,0.9993582887700535,0.11903598669448484,186.0,none,No failure (scenario success),[]
strombom_multi,drive_to_goal,paper,2026,strombom,collect_drive_multi,global,100,4,compact,10000,True,191,"{'world_width': 500.0, 'world_height': 500.0, 'goal_center': [370.0, 250.0], 'goal_radius': 21.213203435596427, 'max_ticks': 10000, 'measurement_radius': 5.0, 'n_sheep': 100, 'r_a': 2.0, 'r_s': 65.0, 'rs_weight': 1.0, 'n_neighbors': -1, 'c': 1.05, 'noise_strength': 0.3, 'sheep_speed': 1.0, 'inertia': 0.5, 'graze_move_prob': 0.05, 'collect_threshold_scale': 1.0, 'shepherd_speed': 1.5, 'shepherd_stop_multiple': 3.0, 'n_shepherds': 4, 'initial_spread': 30.0, 'shepherd_start_offset': 50.0, 'success_fraction': 1.0, 'sheep_model': 'strombom', 'dog_controller': 'collect_drive_multi', 'scenario_id': 'drive_to_goal', 'obs_mode': 'global', 'observation_frequency': 1, 'noise_sigma': 0.0, 'communication': 'none', 'stubborn_fraction': 0.0, 'stubborn_rs_scale': 0.25, 'stubborn_response_scale': 0.25, 'cohesion_scale': 1.0, 'initial_layout': 'compact', 'speed_scale': 1.0, 'failure_mode': 'none', 'failure_tick': -1, 'sensing_scale': 1.0, 'goal_mode': 'static', 'goal_velocity': [0.0, 0.0], 'latency': 0}",11.20271447600556,1.0,100.0,191.0,615.0548764864608,0.10736801523987324,6.077776244715821,5.446215070923151,12.195365145314325,6.077776244715821,65.08621146936594,11.20271447600556,119.84119113895139,65.08621146936594,0.5684386520695629,0.0,0.6713670554974174,0.5684386520695629,0.9844791666666667,0.81,1.0,0.9844791666666667,0.0,0.0,0.0,0.0,12.749448857012423,7.931796328167556,43.76377952501448,12.749448857012423,7.00429214452533,6.182184767161209,13.874102153024603,7.00429214452533,0.07302153228291182,0.0,0.2522795975954051,0.07302153228291182,0.9978125000000001,0.92,1.0,0.9978125000000001,0.17663216863436623,191.0,none,No failure (scenario success),[]
strombom_multi,drive_to_goal,paper,2028,strombom,collect_drive_multi,global,100,6,compact,10000,True,191,"{'world_width': 500.0, 'world_height': 500.0, 'goal_center': [370.0, 250.0], 'goal_radius': 21.213203435596427, 'max_ticks': 10000, 'measurement_radius': 5.0, 'n_sheep': 100, 'r_a': 2.0, 'r_s': 65.0, 'rs_weight': 1.0, 'n_neighbors': -1, 'c': 1.05, 'noise_strength': 0.3, 'sheep_speed': 1.0, 'inertia': 0.5, 'graze_move_prob': 0.05, 'collect_threshold_scale': 1.0, 'shepherd_speed': 1.5, 'shepherd_stop_multiple': 3.0, 'n_shepherds': 6, 'initial_spread': 30.0, 'shepherd_start_offset': 50.0, 'success_fraction': 1.0, 'sheep_model': 'strombom', 'dog_controller': 'collect_drive_multi', 'scenario_id': 'drive_to_goal', 'obs_mode': 'global', 'observation_frequency': 1, 'noise_sigma': 0.0, 'communication': 'none', 'stubborn_fraction': 0.0, 'stubborn_rs_scale': 0.25, 'stubborn_response_scale': 0.25, 'cohesion_scale': 1.0, 'initial_layout': 'compact', 'speed_scale': 1.0, 'failure_mode': 'none', 'failure_tick': -1, 'sensing_scale': 1.0, 'goal_mode': 'static', 'goal_velocity': [0.0, 0.0], 'latency': 0}",12.680168069979098,1.0,100.0,191.0,897.9399433350882,0.15080518686619113,5.942438209843961,5.430154568606502,11.063974804786936,5.942438209843961,66.89329083287468,12.680168069979098,121.30250887459776,66.89329083287468,0.5674900131855072,0.0,0.6634727254738267,0.5674900131855072,0.9869791666666666,0.85,1.0,0.9869791666666666,0.0,0.0,0.0,0.0,11.144790355874116,7.766258804428776,41.855293069901585,11.144790355874116,6.781869715962816,6.136697539723721,12.81666226249493,6.781869715962816,0.0804566088361526,0.0,0.2312451367041629,0.0804566088361526,0.9995833333333334,0.98,1.0,0.9995833333333334,0.12096838058142112,191.0,none,No failure (scenario success),[]
strombom_multi,drive_to_goal,paper,2030,strombom,collect_drive_multi,global,100,6,compact,10000,True,189,"{'world_width': 500.0, 'world_height': 500.0, 'goal_center': [370.0, 250.0], 'goal_radius': 21.213203435596427, 'max_ticks': 10000, 'measurement_radius': 5.0, 'n_sheep': 100, 'r_a': 2.0, 'r_s': 65.0, 'rs_weight': 1.0, 'n_neighbors': -1, 'c': 1.05, 'noise_strength': 0.3, 'sheep_speed': 1.0, 'inertia': 0.5, 'graze_move_prob': 0.05, 'collect_threshold_scale': 1.0, 'shepherd_speed': 1.5, 'shepherd_stop_multiple': 3.0, 'n_shepherds': 6, 'initial_spread': 30.0, 'shepherd_start_offset': 50.0, 'success_fraction': 1.0, 'sheep_model': 'strombom', 'dog_controller': 'collect_drive_multi', 'scenario_id': 'drive_to_goal', 'obs_mode': 'global', 'observation_frequency': 1, 'noise_sigma': 0.0, 'communication': 'none', 'stubborn_fraction': 0.0, 'stubborn_rs_scale': 0.25, 'stubborn_response_scale': 0.25, 'cohesion_scale': 1.0, 'initial_layout': 'compact', 'speed_scale': 1.0, 'failure_mode': 'none', 'failure_tick': -1, 'sensing_scale': 1.0, 'goal_mode': 'static', 'goal_velocity': [0.0, 0.0], 'latency': 0}",12.822518359449024,1.0,100.0,189.0,881.7446326885699,0.08141506963713128,5.941227066612325,5.3609646040195456,11.115050666746765,5.941227066612325,66.66870357737896,12.822518359449024,120.71510099556127,66.66870357737896,0.5700956103098671,0.0,0.6734438860137633,0.5700956103098671,0.9892105263157894,0.86,1.0,0.9892105263157894,0.0,0.0,0.0,0.0,11.31246902573347,7.9113707646148335,42.76117383416059,11.31246902573347,6.788216464268977,6.090853009874223,12.895949951768126,6.788216464268977,0.07722224493374213,0.0,0.28825684589713596,0.07722224493374213,0.9981052631578947,0.92,1.0,0.9981052631578947,0.12236261910336986,189.0,none,No failure (scenario success),[]
strombom_multi,drive_to_goal,paper,2029,strombom,collect_drive_multi,global,100,6,compact,10000,True,190,"{'world_width': 500.0, 'world_height': 500.0, 'goal_center': [370.0, 250.0], 'goal_radius': 21.213203435596427, 'max_ticks': 10000, 'measurement_radius': 5.0, 'n_sheep': 100, 'r_a': 2.0, 'r_s': 65.0, 'rs_weight': 1.0, 'n_neighbors': -1, 'c': 1.05, 'noise_strength': 0.3, 'sheep_speed': 1.0, 'inertia': 0.5, 'graze_move_prob': 0.05, 'collect_threshold_scale': 1.0, 'shepherd_speed': 1.5, 'shepherd_stop_multiple': 3.0, 'n_shepherds': 6, 'initial_spread': 30.0, 'shepherd_start_offset': 50.0, 'success_fraction': 1.0, 'sheep_model': 'strombom', 'dog_controller': 'collect_drive_multi', 'scenario_id': 'drive_to_goal', 'obs_mode': 'global', 'observation_frequency': 1, 'noise_sigma': 0.0, 'communication': 'none', 'stubborn_fraction': 0.0, 'stubborn_rs_scale': 0.25, 'stubborn_response_scale': 0.25, 'cohesion_scale': 1.0, 'initial_layout': 'compact', 'speed_scale': 1.0, 'failure_mode': 'none', 'failure_tick': -1, 'sensing_scale': 1.0, 'goal_mode': 'static', 'goal_velocity': [0.0, 0.0], 'latency': 0}",11.992336641931475,1.0,100.0,190.0,901.7194543008485,0.1834580046157053,5.991691533862884,5.346347134903635,11.392425001976669,5.991691533862884,65.84500694772042,11.992336641931475,120.35620786445227,65.84500694772042,0.5694911591781681,0.0,0.648822647494138,0.5694911591781681,0.9906806282722515,0.88,1.0,0.9906806282722515,0.0,0.0,0.0,0.0,11.302853294732632,7.240266842125809,35.735133035099594,11.302853294732632,6.8416541380149205,6.055626343608545,12.865554028519826,6.8416541380149205,0.070869831543115,0.0,0.24658755661719012,0.070869831543115,0.9991623036649215,0.94,1.0,0.9991623036649215,0.12017470700633949,190.0,none,No failure (scenario success),[]
strombom_multi,drive_to_goal,paper,2027,strombom,collect_drive_multi,global,100,10,compact,10000,True,185,"{'world_width': 500.0, 'world_height': 500.0, 'goal_center': [370.0, 250.0], 'goal_radius': 21.213203435596427, 'max_ticks': 10000, 'measurement_radius': 5.0, 'n_sheep': 100, 'r_a': 2.0, 'r_s': 65.0, 'rs_weight': 1.0, 'n_neighbors': -1, 'c': 1.05, 'noise_strength': 0.3, 'sheep_speed': 1.0, 'inertia': 0.5, 'graze_move_prob': 0.05, 'collect_threshold_scale': 1.0, 'shepherd_speed': 1.5, 'shepherd_stop_multiple': 3.0, 'n_shepherds': 10, 'initial_spread': 30.0, 'shepherd_start_offset': 50.0, 'success_fraction': 1.0, 'sheep_model': 'strombom', 'dog_controller': 'collect_drive_multi', 'scenario_id': 'drive_to_goal', 'obs_mode': 'global', 'observation_frequency': 1, 'noise_sigma': 0.0, 'communication': 'none', 'stubborn_fraction': 0.0, 'stubborn_rs_scale': 0.25, 'stubborn_response_scale': 0.25, 'cohesion_scale': 1.0, 'initial_layout': 'compact', 'speed_scale': 1.0, 'failure_mode': 'none', 'failure_tick': -1, 'sensing_scale': 1.0, 'goal_mode': 'static', 'goal_velocity': [0.0, 0.0], 'latency': 0}",12.81899147022791,1.0,100.0,185.0,1477.7354484224443,0.28606503200410544,6.031560095251431,5.396944853998926,11.974873727693602,6.031560095251431,65.29990884257735,12.81899147022791,118.70628234556301,65.29990884257735,0.5710049750872235,0.0,0.6482021141186988,0.5710049750872235,0.9896774193548388,0.89,1.0,0.9896774193548388,0.0,0.0,0.0,0.0,11.514849432331356,7.68603273109327,33.83655619292399,11.514849432331356,6.8934998357740715,6.189243186037383,13.3129319455607,6.8934998357740715,0.08138992774496417,0.0,0.21196112111636467,0.08138992774496417,0.9993548387096773,0.9,1.0,0.9993548387096773,0.07165510645926172,185.0,none,No failure (scenario success),[]
strombom_multi,drive_to_goal,paper,2028,strombom,collect_drive_multi,global,10,1,compact,10000,False,10000,"{'world_width': 500.0, 'world_height': 500.0, 'goal_center': [370.0, 250.0], 'goal_radius': 6.7082039324993685, 'max_ticks': 10000, 'measurement_radius': 5.0, 'n_sheep': 10, 'r_a': 2.0, 'r_s': 65.0, 'rs_weight': 1.0, 'n_neighbors': -1, 'c': 1.05, 'noise_strength': 0.3, 'sheep_speed': 1.0, 'inertia': 0.5, 'graze_move_prob': 0.05, 'collect_threshold_scale': 1.0, 'shepherd_speed': 1.5, 'shepherd_stop_multiple': 3.0, 'n_shepherds': 1, 'initial_spread': 30.0, 'shepherd_start_offset': 50.0, 'success_fraction': 1.0, 'sheep_model': 'strombom', 'dog_controller': 'collect_drive_multi', 'scenario_id': 'drive_to_goal', 'obs_mode': 'global', 'observation_frequency': 1, 'noise_sigma': 0.0, 'communication': 'none', 'stubborn_fraction': 0.0, 'stubborn_rs_scale': 0.25, 'stubborn_response_scale': 0.25, 'cohesion_scale': 1.0, 'initial_layout': 'compact', 'speed_scale': 1.0, 'failure_mode': 'none', 'failure_tick': -1, 'sensing_scale': 1.0, 'goal_mode': 'static', 'goal_velocity': [0.0, 0.0], 'latency': 0}",404.01681815384063,0.0,0.0,-1.0,6182.897148795819,1.3874303553628835,2.647128835541229,1.4924526136317278,10.92488360077546,2.647128835541229,378.1051350416538,4.034120655018588,444.59409330880635,378.1051350416538,0.6760465732781176,0.0,0.9626118174146087,0.6760465732781176,0.997140285971403,0.6,1.0,0.997140285971403,0.007499250074992501,0.0,5.0,0.007499250074992501,1.9665293391663188,0.18652431036719305,39.800854764790394,1.9665293391663188,2.984222914690157,1.7718532206775965,12.61562271373407,2.984222914690157,1.566368050941002e-17,-2.220446049250313e-16,2.220446049250313e-16,1.566368050941002e-17,1.0,1.0,1.0,1.0,-0.045415697770125996,-1.0,stuck,Little GCM-to-goal progress near the end of the run,['stuck']
strombom_multi,drive_to_goal,paper,2027,strombom,collect_drive_multi,global,10,1,compact,10000,False,10000,"{'world_width': 500.0, 'world_height': 500.0, 'goal_center': [370.0, 250.0], 'goal_radius': 6.7082039324993685, 'max_ticks': 10000, 'measurement_radius': 5.0, 'n_sheep': 10, 'r_a': 2.0, 'r_s': 65.0, 'rs_weight': 1.0, 'n_neighbors': -1, 'c': 1.05, 'noise_strength': 0.3, 'sheep_speed': 1.0, 'inertia': 0.5, 'graze_move_prob': 0.05, 'collect_threshold_scale': 1.0, 'shepherd_speed': 1.5, 'shepherd_stop_multiple': 3.0, 'n_shepherds': 1, 'initial_spread': 30.0, 'shepherd_start_offset': 50.0, 'success_fraction': 1.0, 'sheep_model': 'strombom', 'dog_controller': 'collect_drive_multi', 'scenario_id': 'drive_to_goal', 'obs_mode': 'global', 'observation_frequency': 1, 'noise_sigma': 0.0, 'communication': 'none', 'stubborn_fraction': 0.0, 'stubborn_rs_scale': 0.25, 'stubborn_response_scale': 0.25, 'cohesion_scale': 1.0, 'initial_layout': 'compact', 'speed_scale': 1.0, 'failure_mode': 'none', 'failure_tick': -1, 'sensing_scale': 1.0, 'goal_mode': 'static', 'goal_velocity': [0.0, 0.0], 'latency': 0}",405.86171085604485,0.0,0.0,-1.0,6184.450523849066,1.039268283837195,2.6423232530683416,1.498558967683565,8.645480173784993,2.6423232530683416,377.6261126137072,3.2955749785580584,444.4136725766273,377.6261126137072,0.6746590952480217,0.0,0.952509590351955,0.6746590952480217,0.9968603139686032,0.3,1.0,0.9968603139686032,0.005699430056994301,0.0,3.0,0.005699430056994301,1.9333069678021566,0.21980028607182236,25.994632078223304,1.9333069678021566,2.9762430186091637,1.6882161417997152,9.737530789000802,2.9762430186091637,1.5397253626188302e-17,-2.220446049250313e-16,2.220446049250313e-16,1.5397253626188302e-17,1.0,1.0,1.0,1.0,-0.04564387001123021,-1.0,stuck,Little GCM-to-goal progress near the end of the run,['stuck']
strombom_multi,drive_to_goal,paper,2029,strombom,collect_drive_multi,global,100,10,compact,10000,True,189,"{'world_width': 500.0, 'world_height': 500.0, 'goal_center': [370.0, 250.0], 'goal_radius': 21.213203435596427, 'max_ticks': 10000, 'measurement_radius': 5.0, 'n_sheep': 100, 'r_a': 2.0, 'r_s': 65.0, 'rs_weight': 1.0, 'n_neighbors': -1, 'c': 1.05, 'noise_strength': 0.3, 'sheep_speed': 1.0, 'inertia': 0.5, 'graze_move_prob': 0.05, 'collect_threshold_scale': 1.0, 'shepherd_speed': 1.5, 'shepherd_stop_multiple': 3.0, 'n_shepherds': 10, 'initial_spread': 30.0, 'shepherd_start_offset': 50.0, 'success_fraction': 1.0, 'sheep_model': 'strombom', 'dog_controller': 'collect_drive_multi', 'scenario_id': 'drive_to_goal', 'obs_mode': 'global', 'observation_frequency': 1, 'noise_sigma': 0.0, 'communication': 'none', 'stubborn_fraction': 0.0, 'stubborn_rs_scale': 0.25, 'stubborn_response_scale': 0.25, 'cohesion_scale': 1.0, 'initial_layout': 'compact', 'speed_scale': 1.0, 'failure_mode': 'none', 'failure_tick': -1, 'sensing_scale': 1.0, 'goal_mode': 'static', 'goal_velocity': [0.0, 0.0], 'latency': 0}",12.645121528138281,1.0,100.0,189.0,1495.7832541092685,0.1119549395096546,5.975869182952803,5.373912444659561,11.392425001976669,5.975869182952803,66.54831038374286,12.645121528138281,120.35620786445227,66.54831038374286,0.5687368868325349,0.0,0.661780586171664,0.5687368868325349,0.9905789473684209,0.88,1.0,0.9905789473684209,0.0,0.0,0.0,0.0,11.418955751120965,8.192852870327169,35.735133035099594,11.418955751120965,6.8387632151614834,6.122130109394407,12.865554028519826,6.8387632151614834,0.08310726089242368,0.0,0.20393006013847148,0.08310726089242368,0.9991578947368421,0.94,1.0,0.9991578947368421,0.0720098223057427,189.0,none,No failure (scenario success),[]
strombom_multi,drive_to_goal,paper,2026,strombom,collect_drive_multi,global,100,3,compact,10000,True,190,"{'world_width': 500.0, 'world_height': 500.0, 'goal_center': [370.0, 250.0], 'goal_radius': 21.213203435596427, 'max_ticks': 10000, 'measurement_radius': 5.0, 'n_sheep': 100, 'r_a': 2.0, 'r_s': 65.0, 'rs_weight': 1.0, 'n_neighbors': -1, 'c': 1.05, 'noise_strength': 0.3, 'sheep_speed': 1.0, 'inertia': 0.5, 'graze_move_prob': 0.05, 'collect_threshold_scale': 1.0, 'shepherd_speed': 1.5, 'shepherd_stop_multiple': 3.0, 'n_shepherds': 3, 'initial_spread': 30.0, 'shepherd_start_offset': 50.0, 'success_fraction': 1.0, 'sheep_model': 'strombom', 'dog_controller': 'collect_drive_multi', 'scenario_id': 'drive_to_goal', 'obs_mode': 'global', 'observation_frequency': 1, 'noise_sigma': 0.0, 'communication': 'none', 'stubborn_fraction': 0.0, 'stubborn_rs_scale': 0.25, 'stubborn_response_scale': 0.25, 'cohesion_scale': 1.0, 'initial_layout': 'compact', 'speed_scale': 1.0, 'failure_mode': 'none', 'failure_tick': -1, 'sensing_scale': 1.0, 'goal_mode': 'static', 'goal_velocity': [0.0, 0.0], 'latency': 0}",12.127046726112264,1.0,100.0,190.0,455.7480619536702,0.08608188706553789,6.1463262584309115,5.507110464247128,12.195365145314325,6.1463262584309115,65.58574269416094,12.127046726112264,119.84119113895139,65.58574269416094,0.5664452216114626,0.0,0.677279880133235,0.5664452216114626,0.9839267015706804,0.81,1.0,0.9839267015706804,0.0,0.0,0.0,0.0,13.052980274936802,8.538254607249769,43.76377952501448,13.052980274936802,7.083996819920811,6.310365773815541,13.874102153024603,7.083996819920811,0.050142002228961695,0.0,0.3474534038862064,0.050142002228961695,0.9959162303664921,0.82,1.0,0.9959162303664921,0.2363458090224177,190.0,none,No failure (scenario success),[]
strombom_multi,drive_to_goal,paper,2029,strombom,collect_drive_multi,global,100,4,compact,10000,True,191,"{'world_width': 500.0, 'world_height': 500.0, 'goal_center': [370.0, 250.0], 'goal_radius': 21.213203435596427, 'max_ticks': 10000, 'measurement_radius': 5.0, 'n_sheep': 100, 'r_a': 2.0, 'r_s': 65.0, 'rs_weight': 1.0, 'n_neighbors': -1, 'c': 1.05, 'noise_strength': 0.3, 'sheep_speed': 1.0, 'inertia': 0.5, 'graze_move_prob': 0.05, 'collect_threshold_scale': 1.0, 'shepherd_speed': 1.5, 'shepherd_stop_multiple': 3.0, 'n_shepherds': 4, 'initial_spread': 30.0, 'shepherd_start_offset': 50.0, 'success_fraction': 1.0, 'sheep_model': 'strombom', 'dog_controller': 'collect_drive_multi', 'scenario_id': 'drive_to_goal', 'obs_mode': 'global', 'observation_frequency': 1, 'noise_sigma': 0.0, 'communication': 'none', 'stubborn_fraction': 0.0, 'stubborn_rs_scale': 0.25, 'stubborn_response_scale': 0.25, 'cohesion_scale': 1.0, 'initial_layout': 'compact', 'speed_scale': 1.0, 'failure_mode': 'none', 'failure_tick': -1, 'sensing_scale': 1.0, 'goal_mode': 'static', 'goal_velocity': [0.0, 0.0], 'latency': 0}",11.967789066529958,1.0,100.0,191.0,600.0592932423897,0.12348802128854412,5.948678120569002,5.266454593464444,11.392425001976669,5.948678120569002,65.92794741496186,11.967789066529958,120.35620786445227,65.92794741496186,0.56629018859789,0.0,0.6565449788963889,0.56629018859789,0.9938020833333333,0.88,1.0,0.9938020833333333,0.0,0.0,0.0,0.0,11.001664514064357,7.2829661132868875,35.735133035099594,11.001664514064357,6.7824554752696224,5.962006535516368,12.865554028519826,6.7824554752696224,0.0698234811744308,0.0,0.2950474349067075,0.0698234811744308,0.9991666666666666,0.94,1.0,0.9991666666666666,0.18062951448056247,191.0,none,No failure (scenario success),[]
strombom_multi,drive_to_goal,paper,2026,strombom,collect_drive_multi,global,100,10,compact,10000,True,186,"{'world_width': 500.0, 'world_height': 500.0, 'goal_center': [370.0, 250.0], 'goal_radius': 21.213203435596427, 'max_ticks': 10000, 'measurement_radius': 5.0, 'n_sheep': 100, 'r_a': 2.0, 'r_s': 65.0, 'rs_weight': 1.0, 'n_neighbors': -1, 'c': 1.05, 'noise_strength': 0.3, 'sheep_speed': 1.0, 'inertia': 0.5, 'graze_move_prob': 0.05, 'collect_threshold_scale': 1.0, 'shepherd_speed': 1.5, 'shepherd_stop_multiple': 3.0, 'n_shepherds': 10, 'initial_spread': 30.0, 'shepherd_start_offset': 50.0, 'success_fraction': 1.0, 'sheep_model': 'strombom', 'dog_controller': 'collect_drive_multi', 'scenario_id': 'drive_to_goal', 'obs_mode': 'global', 'observation_frequency': 1, 'noise_sigma': 0.0, 'communication': 'none', 'stubborn_fraction': 0.0, 'stubborn_rs_scale': 0.25, 'stubborn_response_scale': 0.25, 'cohesion_scale': 1.0, 'initial_layout': 'compact', 'speed_scale': 1.0, 'failure_mode': 'none', 'failure_tick': -1, 'sensing_scale': 1.0, 'goal_mode': 'static', 'goal_velocity': [0.0, 0.0], 'latency': 0}",13.132822124152058,1.0,100.0,186.0,1497.8197919938837,0.11692034071691236,6.0897905416800775,5.4183026340616856,12.195365145314325,6.0897905416800775,66.54148010205436,13.132822124152058,119.84119113895139,66.54148010205436,0.5728720053823555,0.0,0.6678282143154055,0.5728720053823555,0.9843850267379678,0.81,1.0,0.9843850267379678,0.0,0.0,0.0,0.0,12.851175769183943,8.466741456130903,43.76377952501448,12.851175769183943,7.020138489751112,6.176727308076544,13.874102153024603,7.020138489751112,0.0789694673535841,0.0,0.22364678630471813,0.0789694673535841,0.9977540106951872,0.92,1.0,0.9977540106951872,0.07124246159997001,186.0,none,No failure (scenario success),[]
strombom_multi,drive_to_goal,paper,2028,strombom,collect_drive_multi,global,100,10,compact,10000,True,193,"{'world_width': 500.0, 'world_height': 500.0, 'goal_center': [370.0, 250.0], 'goal_radius': 21.213203435596427, 'max_ticks': 10000, 'measurement_radius': 5.0, 'n_sheep': 100, 'r_a': 2.0, 'r_s': 65.0, 'rs_weight': 1.0, 'n_neighbors': -1, 'c': 1.05, 'noise_strength': 0.3, 'sheep_speed': 1.0, 'inertia': 0.5, 'graze_move_prob': 0.05, 'collect_threshold_scale': 1.0, 'shepherd_speed': 1.5, 'shepherd_stop_multiple': 3.0, 'n_shepherds': 10, 'initial_spread': 30.0, 'shepherd_start_offset': 50.0, 'success_fraction': 1.0, 'sheep_model': 'strombom', 'dog_controller': 'collect_drive_multi', 'scenario_id': 'drive_to_goal', 'obs_mode': 'global', 'observation_frequency': 1, 'noise_sigma': 0.0, 'communication': 'none', 'stubborn_fraction': 0.0, 'stubborn_rs_scale': 0.25, 'stubborn_response_scale': 0.25, 'cohesion_scale': 1.0, 'initial_layout': 'compact', 'speed_scale': 1.0, 'failure_mode': 'none', 'failure_tick': -1, 'sensing_scale': 1.0, 'goal_mode': 'static', 'goal_velocity': [0.0, 0.0], 'latency': 0}",13.128931830096041,1.0,100.0,193.0,1494.5559905269176,0.22149540928904451,5.973026133153426,5.413217811365272,11.063974804786936,5.973026133153426,67.02952059968477,13.128931830096041,121.30250887459776,67.02952059968477,0.5592051900969458,0.0,0.6533382207435844,0.5592051900969458,0.9892268041237114,0.85,1.0,0.9892268041237114,0.0,0.0,0.0,0.0,11.20733639689343,7.661208804520114,41.855293069901585,11.20733639689343,6.813650274475831,6.1213545574277,12.81666226249493,6.813650274475831,0.08633050890146043,0.0,0.21634939811368314,0.08633050890146043,0.9996907216494845,0.98,1.0,0.9996907216494845,0.0723784038404371,193.0,none,No failure (scenario success),[]
strombom_multi,drive_to_goal,paper,2030,strombom,collect_drive_multi,global,100,10,compact,10000,True,188,"{'world_width': 500.0, 'world_height': 500.0, 'goal_center': [370.0, 250.0], 'goal_radius': 21.213203435596427, 'max_ticks': 10000, 'measurement_radius': 5.0, 'n_sheep': 100, 'r_a': 2.0, 'r_s': 65.0, 'rs_weight': 1.0, 'n_neighbors': -1, 'c': 1.05, 'noise_strength': 0.3, 'sheep_speed': 1.0, 'inertia': 0.5, 'graze_move_prob': 0.05, 'collect_threshold_scale': 1.0, 'shepherd_speed': 1.5, 'shepherd_stop_multiple': 3.0, 'n_shepherds': 10, 'initial_spread': 30.0, 'shepherd_start_offset': 50.0, 'success_fraction': 1.0, 'sheep_model': 'strombom', 'dog_controller': 'collect_drive_multi', 'scenario_id': 'drive_to_goal', 'obs_mode': 'global', 'observation_frequency': 1, 'noise_sigma': 0.0, 'communication': 'none', 'stubborn_fraction': 0.0, 'stubborn_rs_scale': 0.25, 'stubborn_response_scale': 0.25, 'cohesion_scale': 1.0, 'initial_layout': 'compact', 'speed_scale': 1.0, 'failure_mode': 'none', 'failure_tick': -1, 'sensing_scale': 1.0, 'goal_mode': 'static', 'goal_velocity': [0.0, 0.0], 'latency': 0}",12.239736596037865,1.0,100.0,188.0,1490.4260654894624,0.06448030061563982,5.9838436322935245,5.313699366027855,11.115050666746765,5.9838436322935245,66.28658183792237,12.239736596037865,120.71510099556127,66.28658183792237,0.5762325558085426,0.0,0.6793229400624775,0.5762325558085426,0.9858201058201058,0.86,1.0,0.9858201058201058,0.0,0.0,0.0,0.0,12.25108381078157,7.766106379398013,42.76117383416059,12.25108381078157,6.89182325343781,6.023330845910369,12.895949951768126,6.89182325343781,0.0775139708442789,0.0,0.22670643573733507,0.0775139708442789,0.9982010582010582,0.92,1.0,0.9982010582010582,0.07278144613225053,188.0,none,No failure (scenario success),[]
